Oluşturma başlatıldı: 15.02.2026 19:54:23.
Günlük kaydı ayrıntı düzeyi Detailed olarak ayarlandı.     0>İşlem = "C:\Program Files\dotnet\dotnet.exe"
       MSBuild yürütülebilir yolu = "C:\Program Files\dotnet\sdk\10.0.200-preview.0.26103.119\MSBuild.dll"
       Komut satırı bağımsız değişkenleri = "C:\Program Files\dotnet\sdk\10.0.200-preview.0.26103.119\MSBuild.dll -maxcpucount --verbosity:m -tlp:default=auto --property:NuGetInteractive=true --restoreProperty:NuGetInteractive=true --restoreProperty:EnableDefaultCompileItems=false --restoreProperty:EnableDefaultEmbeddedResourceItems=false --restoreProperty:EnableDefaultNoneItems=false --target:Rebuild --nologo c:\Users\ilhan\source\repos\StudyBuddy\StudyBuddy\Buddy.Application\Buddy.Application.csproj /fl /flp:logfile=msbuild.log -consoleloggerparameters:Summary -restore -distributedlogger:Microsoft.DotNet.Cli.Commands.MSBuild.MSBuildLogger,C:\Program Files\dotnet\sdk\10.0.200-preview.0.26103.119\dotnet.dll*Microsoft.DotNet.Cli.Commands.MSBuild.MSBuildForwardingLogger,C:\Program Files\dotnet\sdk\10.0.200-preview.0.26103.119\dotnet.dll"
       Geçerli dizin = "C:\Users\ilhan\source\repos\StudyBuddy\StudyBuddy\Buddy.Application"
       MSBuild sürümü = "18.3.0-release-26103-119+a2bfa4671"
       Windows kayıt defteri anahtarı LongPathsEnabled ayarına bağlı olarak LongPaths özelliği devre dışı.
       Windows kayıt defteri anahtarı VerifiedAndReputablePolicyState'e göre SAC durumu = 2: değerlendirmede. Aksi takdirde performansın etkilenebileceği için geliştirme ortamında Akıllı Uygulama Denetimi’nin kapatılması önerilir.
       "Microsoft.NET.Sdk" SDK’sı "DefaultSdkResolver" çözümleyicisi tarafından "C:\Program Files\dotnet\sdk\10.0.200-preview.0.26103.119\Sdks\Microsoft.NET.Sdk\Sdk" konumuna ve "" sürümüne başarıyla çözümlendi.
       C:\Program Files\dotnet\sdk\10.0.200-preview.0.26103.119\Sdks\Microsoft.NET.Sdk\Sdk\Sdk.props(49,11): message : 'C:\Program Files\dotnet\sdk\10.0.200-preview.0.26103.119\' değerine sahip 'MSBuildExtensionsPath' özelliği ortamdan genişletildi.
       C:\Program Files\dotnet\sdk\10.0.200-preview.0.26103.119\Current\Microsoft.Common.props(60,5): message : Özellik yeniden ataması: $(MSBuildProjectExtensionsPath)="c:\Users\ilhan\source\repos\StudyBuddy\StudyBuddy\Buddy.Application\obj\" (önceki değer: "obj\") konum: C:\Program Files\dotnet\sdk\10.0.200-preview.0.26103.119\Current\Microsoft.Common.props (60,5)
       C:\Program Files\dotnet\sdk\10.0.200-preview.0.26103.119\Current\Microsoft.Common.props(84,119): message : 'C:\Users\ilhan\AppData\Local\Microsoft\MSBuild' değerine sahip 'MSBuildUserExtensionsPath' özelliği ortamdan genişletildi.
       Derleme Evaluation sırasında yüklendi: System.Threading.Tasks.Parallel, Version=10.0.0.0, Culture=neutral, PublicKeyToken=b03f5f7f11d50a3a (konum: C:\Program Files\dotnet\shared\Microsoft.NETCore.App\10.0.2\System.Threading.Tasks.Parallel.dll, MVID: c827d93a-622c-403f-b635-e7389c8accaa, AssemblyLoadContext: Default)
       C:\Program Files\dotnet\sdk\10.0.200-preview.0.26103.119\Sdks\Microsoft.NET.Sdk\targets\Microsoft.NET.Sdk.props(90,5): message : Özellik yeniden ataması: $(AssemblySearchPaths)="{CandidateAssemblyFiles};{HintPathFromItem}" (önceki değer: "{CandidateAssemblyFiles}") konum: C:\Program Files\dotnet\sdk\10.0.200-preview.0.26103.119\Sdks\Microsoft.NET.Sdk\targets\Microsoft.NET.Sdk.props (90,5)
       C:\Program Files\dotnet\sdk\10.0.200-preview.0.26103.119\Sdks\Microsoft.NET.Sdk\targets\Microsoft.NET.Sdk.props(91,5): message : Özellik yeniden ataması: $(AssemblySearchPaths)="{CandidateAssemblyFiles};{HintPathFromItem};{TargetFrameworkDirectory}" (önceki değer: "{CandidateAssemblyFiles};{HintPathFromItem}") konum: C:\Program Files\dotnet\sdk\10.0.200-preview.0.26103.119\Sdks\Microsoft.NET.Sdk\targets\Microsoft.NET.Sdk.props (91,5)
       C:\Program Files\dotnet\sdk\10.0.200-preview.0.26103.119\Sdks\Microsoft.NET.Sdk\targets\Microsoft.NET.Sdk.props(92,5): message : Özellik yeniden ataması: $(AssemblySearchPaths)="{CandidateAssemblyFiles};{HintPathFromItem};{TargetFrameworkDirectory};{RawFileName}" (önceki değer: "{CandidateAssemblyFiles};{HintPathFromItem};{TargetFrameworkDirectory}") konum: C:\Program Files\dotnet\sdk\10.0.200-preview.0.26103.119\Sdks\Microsoft.NET.Sdk\targets\Microsoft.NET.Sdk.props (92,5)
       "DefaultSdkResolver" çözümleyicisi "Microsoft.NET.SDK.WorkloadAutoImportPropsLocator" SDK’sını çözümlemeyi denedi.
       Uyarılar: null
       Hatalar: MSB4276: "C:\Program Files\dotnet\sdk\10.0.200-preview.0.26103.119\Sdks\Microsoft.NET.SDK.WorkloadAutoImportPropsLocator\Sdk" dizini olmadığından, varsayılan SDK çözümleyicisi "Microsoft.NET.SDK.WorkloadAutoImportPropsLocator" SDK’sını çözümleyemedi.
       Derleme Evaluation sırasında yüklendi: Microsoft.Build.NuGetSdkResolver, Version=7.3.0.0, Culture=neutral, PublicKeyToken=31bf3856ad364e35 (konum: C:\Program Files\dotnet\sdk\10.0.200-preview.0.26103.119\Microsoft.Build.NuGetSdkResolver.dll, MVID: c75afbd9-b807-4f30-91ef-54d995dd4581, AssemblyLoadContext: MSBuild plugin C:\Program Files\dotnet\sdk\10.0.200-preview.0.26103.119\Microsoft.Build.NuGetSdkResolver.dll)
       Derleme Evaluation sırasında yüklendi: System.Reflection.Metadata, Version=10.0.0.0, Culture=neutral, PublicKeyToken=b03f5f7f11d50a3a (konum: C:\Program Files\dotnet\shared\Microsoft.NETCore.App\10.0.2\System.Reflection.Metadata.dll, MVID: 68d9d628-f4a5-4465-b005-eacae216eec5, AssemblyLoadContext: Default)
       Derleme Evaluation sırasında yüklendi: NuGet.Common, Version=7.3.0.0, Culture=neutral, PublicKeyToken=31bf3856ad364e35 (konum: C:\Program Files\dotnet\sdk\10.0.200-preview.0.26103.119\NuGet.Common.dll, MVID: 3bc17f63-ea68-4d0b-8912-70a8afe877d8, AssemblyLoadContext: MSBuild plugin C:\Program Files\dotnet\sdk\10.0.200-preview.0.26103.119\Microsoft.Build.NuGetSdkResolver.dll)
       Derleme Evaluation sırasında yüklendi: Microsoft.NET.Sdk.WorkloadMSBuildSdkResolver, Version=10.0.200.0, Culture=neutral, PublicKeyToken=31bf3856ad364e35 (konum: C:\Program Files\dotnet\sdk\10.0.200-preview.0.26103.119\Microsoft.NET.Sdk.WorkloadMSBuildSdkResolver.dll, MVID: e84beebb-a2c9-47ab-8995-f8aa4fcc01c5, AssemblyLoadContext: MSBuild plugin C:\Program Files\dotnet\sdk\10.0.200-preview.0.26103.119\Microsoft.NET.Sdk.WorkloadMSBuildSdkResolver.dll)
       Derleme Evaluation sırasında yüklendi: Microsoft.DotNet.Cli.Utils, Version=10.0.200.0, Culture=neutral, PublicKeyToken=adb9793829ddae60 (konum: C:\Program Files\dotnet\sdk\10.0.200-preview.0.26103.119\Microsoft.DotNet.Cli.Utils.dll, MVID: 6b7a997d-4c1b-4010-9b3c-eac5aad57a16, AssemblyLoadContext: MSBuild plugin C:\Program Files\dotnet\sdk\10.0.200-preview.0.26103.119\Microsoft.NET.Sdk.WorkloadMSBuildSdkResolver.dll)
       Derleme Evaluation sırasında yüklendi: Microsoft.NET.Sdk.WorkloadManifestReader, Version=10.0.200.0, Culture=neutral, PublicKeyToken=adb9793829ddae60 (konum: C:\Program Files\dotnet\sdk\10.0.200-preview.0.26103.119\Microsoft.NET.Sdk.WorkloadManifestReader.dll, MVID: d472cbb3-285d-4314-a862-d339bdf85fe3, AssemblyLoadContext: MSBuild plugin C:\Program Files\dotnet\sdk\10.0.200-preview.0.26103.119\Microsoft.NET.Sdk.WorkloadMSBuildSdkResolver.dll)
       Derleme Evaluation sırasında yüklendi: Microsoft.Deployment.DotNet.Releases, Version=2.0.0.0, Culture=neutral, PublicKeyToken=31bf3856ad364e35 (konum: C:\Program Files\dotnet\sdk\10.0.200-preview.0.26103.119\Microsoft.Deployment.DotNet.Releases.dll, MVID: 80b7d375-dc3e-433d-9d6a-803f8910de16, AssemblyLoadContext: MSBuild plugin C:\Program Files\dotnet\sdk\10.0.200-preview.0.26103.119\Microsoft.NET.Sdk.WorkloadMSBuildSdkResolver.dll)
       Derleme Evaluation sırasında yüklendi: System.Threading.ThreadPool, Version=10.0.0.0, Culture=neutral, PublicKeyToken=b03f5f7f11d50a3a (konum: C:\Program Files\dotnet\shared\Microsoft.NETCore.App\10.0.2\System.Threading.ThreadPool.dll, MVID: cf89d91e-2e3e-40ac-9fb6-b69fd96cf813, AssemblyLoadContext: Default)
       Derleme Evaluation sırasında yüklendi: System.Net.Sockets, Version=10.0.0.0, Culture=neutral, PublicKeyToken=b03f5f7f11d50a3a (konum: C:\Program Files\dotnet\shared\Microsoft.NETCore.App\10.0.2\System.Net.Sockets.dll, MVID: a998f3e7-b6d3-4053-bc42-71b3465d447b, AssemblyLoadContext: Default)
       "Microsoft.NET.SDK.WorkloadAutoImportPropsLocator" SDK’sı "Microsoft.DotNet.MSBuildWorkloadSdkResolver" çözümleyicisi tarafından "null" konumuna ve "null" sürümüne başarıyla çözümlendi.
       Derleme Evaluation sırasında yüklendi: System.Threading.Overlapped, Version=10.0.0.0, Culture=neutral, PublicKeyToken=b03f5f7f11d50a3a (konum: C:\Program Files\dotnet\shared\Microsoft.NETCore.App\10.0.2\System.Threading.Overlapped.dll, MVID: cab44302-4208-432e-8181-7e537a9f3d26, AssemblyLoadContext: Default)
       C:\Program Files\dotnet\sdk\10.0.200-preview.0.26103.119\Sdks\Microsoft.NET.Sdk\targets\Microsoft.NET.Sdk.ImportPublishProfile.targets(28,5): message : Özellik yeniden ataması: $(PublishProfileImported)="false" (önceki değer: "true") konum: C:\Program Files\dotnet\sdk\10.0.200-preview.0.26103.119\Sdks\Microsoft.NET.Sdk\targets\Microsoft.NET.Sdk.ImportPublishProfile.targets (28,5)
       Derleme Evaluation sırasında yüklendi: NuGet.Frameworks, Version=7.3.0.0, Culture=neutral, PublicKeyToken=31bf3856ad364e35 (konum: C:\Program Files\dotnet\sdk\10.0.200-preview.0.26103.119\NuGet.Frameworks.dll, MVID: c1641cc8-c077-4b73-ab8e-f1dfbd43c8d9, AssemblyLoadContext: Assembly.LoadFile(C:\Program Files\dotnet\sdk\10.0.200-preview.0.26103.119\NuGet.Frameworks.dll))
       C:\Program Files\dotnet\sdk\10.0.200-preview.0.26103.119\Sdks\Microsoft.NET.Sdk\targets\Microsoft.NET.TargetFrameworkInference.targets(81,5): message : Özellik yeniden ataması: $(TargetPlatformVersion)="" (önceki değer: "0.0") konum: C:\Program Files\dotnet\sdk\10.0.200-preview.0.26103.119\Sdks\Microsoft.NET.Sdk\targets\Microsoft.NET.TargetFrameworkInference.targets (81,5)
       C:\Program Files\dotnet\sdk\10.0.200-preview.0.26103.119\Sdks\Microsoft.NET.Sdk\targets\Microsoft.NET.DefaultOutputPaths.targets(127,5): message : Özellik yeniden ataması: $(DefaultItemExcludes)=";bin\Debug\/**;obj\Debug\/**" (önceki değer: ";bin\Debug\/**") konum: C:\Program Files\dotnet\sdk\10.0.200-preview.0.26103.119\Sdks\Microsoft.NET.Sdk\targets\Microsoft.NET.DefaultOutputPaths.targets (127,5)
       C:\Program Files\dotnet\sdk\10.0.200-preview.0.26103.119\Sdks\Microsoft.NET.Sdk\targets\Microsoft.NET.DefaultOutputPaths.targets(142,5): message : Özellik yeniden ataması: $(OutputPath)="bin\Debug\net10.0\" (önceki değer: "bin\Debug\") konum: C:\Program Files\dotnet\sdk\10.0.200-preview.0.26103.119\Sdks\Microsoft.NET.Sdk\targets\Microsoft.NET.DefaultOutputPaths.targets (142,5)
       C:\Program Files\dotnet\sdk\10.0.200-preview.0.26103.119\Sdks\Microsoft.NET.Sdk\targets\Microsoft.NET.DefaultOutputPaths.targets(147,5): message : Özellik yeniden ataması: $(IntermediateOutputPath)="obj\Debug\net10.0\" (önceki değer: "obj\Debug\") konum: C:\Program Files\dotnet\sdk\10.0.200-preview.0.26103.119\Sdks\Microsoft.NET.Sdk\targets\Microsoft.NET.DefaultOutputPaths.targets (147,5)
       "DefaultSdkResolver" çözümleyicisi "Microsoft.NET.SDK.WorkloadManifestTargetsLocator" SDK’sını çözümlemeyi denedi.
       Uyarılar: null
       Hatalar: MSB4276: "C:\Program Files\dotnet\sdk\10.0.200-preview.0.26103.119\Sdks\Microsoft.NET.SDK.WorkloadManifestTargetsLocator\Sdk" dizini olmadığından, varsayılan SDK çözümleyicisi "Microsoft.NET.SDK.WorkloadManifestTargetsLocator" SDK’sını çözümleyemedi.
       "Microsoft.NET.SDK.WorkloadManifestTargetsLocator" SDK’sı "Microsoft.DotNet.MSBuildWorkloadSdkResolver" çözümleyicisi tarafından "C:\Program Files\dotnet\sdk-manifests\10.0.100\microsoft.net.sdk.android\36.1.30" konumuna ve "null" sürümüne başarıyla çözümlendi.
       C:\Program Files\dotnet\sdk\10.0.200-preview.0.26103.119\Sdks\Microsoft.NET.Sdk\targets\Microsoft.NET.Sdk.BeforeCommon.targets(379,5): message : Özellik yeniden ataması: $(RoslynTargetsPath)="C:\Program Files\dotnet\sdk\10.0.200-preview.0.26103.119\Sdks\Microsoft.NET.Sdk\targets\..\..\..\Roslyn" (önceki değer: "C:\Program Files\dotnet\sdk\10.0.200-preview.0.26103.119\Roslyn") konum: C:\Program Files\dotnet\sdk\10.0.200-preview.0.26103.119\Sdks\Microsoft.NET.Sdk\targets\Microsoft.NET.Sdk.BeforeCommon.targets (379,5)
       C:\Program Files\dotnet\sdk\10.0.200-preview.0.26103.119\Roslyn\Microsoft.Managed.Core.targets(6,5): message : Özellik yeniden ataması: $(_BuildTasksDirectory)="C:\Program Files\dotnet\sdk\10.0.200-preview.0.26103.119\Sdks\Microsoft.NET.Sdk\targets\..\..\..\Roslyn\" (önceki değer: "C:\Program Files\dotnet\sdk\10.0.200-preview.0.26103.119\Roslyn\") konum: C:\Program Files\dotnet\sdk\10.0.200-preview.0.26103.119\Roslyn\Microsoft.Managed.Core.targets (6,5)
       C:\Program Files\dotnet\sdk\10.0.200-preview.0.26103.119\Roslyn\Microsoft.CSharp.Core.targets(205,5): message : Özellik yeniden ataması: $(CommandLineArgsForDesignTimeEvaluation)="-langversion:14.0 -define:TRACE" (önceki değer: "-langversion:14.0") konum: C:\Program Files\dotnet\sdk\10.0.200-preview.0.26103.119\Roslyn\Microsoft.CSharp.Core.targets (205,5)
       Derleme Evaluation sırasında yüklendi: Microsoft.Build.Utilities.Core, Version=15.1.0.0, Culture=neutral, PublicKeyToken=b03f5f7f11d50a3a (konum: C:\Program Files\dotnet\sdk\10.0.200-preview.0.26103.119\Microsoft.Build.Utilities.Core.dll, MVID: b124212b-7945-448f-888e-099886f1b70e, AssemblyLoadContext: Default)
       C:\Program Files\dotnet\sdk\10.0.200-preview.0.26103.119\Microsoft.Common.CurrentVersion.targets(175,5): message : Özellik yeniden ataması: $(_DebugSymbolsProduced)="true" (önceki değer: "false") konum: C:\Program Files\dotnet\sdk\10.0.200-preview.0.26103.119\Microsoft.Common.CurrentVersion.targets (175,5)
       C:\Program Files\dotnet\sdk\10.0.200-preview.0.26103.119\Microsoft.Common.CurrentVersion.targets(185,5): message : Özellik yeniden ataması: $(_DocumentationFileProduced)="false" (önceki değer: "true") konum: C:\Program Files\dotnet\sdk\10.0.200-preview.0.26103.119\Microsoft.Common.CurrentVersion.targets (185,5)
       C:\Program Files\dotnet\sdk\10.0.200-preview.0.26103.119\Microsoft.Common.CurrentVersion.targets(392,5): message : Özellik yeniden ataması: $(MSBuildCopyMarkerName)="Buddy.Ap.A84E4F72" (önceki değer: "Buddy.Application.csproj") konum: C:\Program Files\dotnet\sdk\10.0.200-preview.0.26103.119\Microsoft.Common.CurrentVersion.targets (392,5)
       C:\Program Files\dotnet\sdk\10.0.200-preview.0.26103.119\Microsoft.Common.CurrentVersion.targets(393,5): message : Özellik yeniden ataması: $(MSBuildCopyMarkerName)="Buddy.Ap.A84E4F72.Up2Date" (önceki değer: "Buddy.Ap.A84E4F72") konum: C:\Program Files\dotnet\sdk\10.0.200-preview.0.26103.119\Microsoft.Common.CurrentVersion.targets (393,5)
       C:\Program Files\dotnet\sdk\10.0.200-preview.0.26103.119\Microsoft.Common.CurrentVersion.targets(541,5): message : Özellik yeniden ataması: $(ProcessorArchitecture)="msil" (önceki değer: "") konum: C:\Program Files\dotnet\sdk\10.0.200-preview.0.26103.119\Microsoft.Common.CurrentVersion.targets (541,5)
       C:\Program Files\dotnet\sdk\10.0.200-preview.0.26103.119\Microsoft.Common.CurrentVersion.targets(580,5): message : Özellik yeniden ataması: $(DelaySign)="" (önceki değer: "false") konum: C:\Program Files\dotnet\sdk\10.0.200-preview.0.26103.119\Microsoft.Common.CurrentVersion.targets (580,5)
       C:\Program Files\dotnet\sdk\10.0.200-preview.0.26103.119\Microsoft.Common.CurrentVersion.targets(2620,5): message : 'C:\Users\ilhan\AppData\Local' değerine sahip 'LOCALAPPDATA' özelliği ortamdan genişletildi.
       C:\Program Files\dotnet\sdk\10.0.200-preview.0.26103.119\Microsoft.Common.CurrentVersion.targets(3948,5): message : Özellik yeniden ataması: $(_SGenGenerateSerializationAssembliesConfig)="Auto" (önceki değer: "") konum: C:\Program Files\dotnet\sdk\10.0.200-preview.0.26103.119\Microsoft.Common.CurrentVersion.targets (3948,5)
       C:\Program Files\dotnet\sdk\10.0.200-preview.0.26103.119\Microsoft.Common.CurrentVersion.targets(3949,5): message : Özellik yeniden ataması: $(_SGenGenerateSerializationAssembliesConfig)="Off" (önceki değer: "Auto") konum: C:\Program Files\dotnet\sdk\10.0.200-preview.0.26103.119\Microsoft.Common.CurrentVersion.targets (3949,5)
       C:\Program Files\dotnet\sdk\10.0.200-preview.0.26103.119\Microsoft.Common.CurrentVersion.targets(5160,5): message : Özellik yeniden ataması: $(_TargetsThatPrepareProjectReferences)="
       C:\Program Files\dotnet\sdk\10.0.200-preview.0.26103.119\Microsoft.Common.CurrentVersion.targets(5160,5): message :       AssignProjectConfiguration;
       C:\Program Files\dotnet\sdk\10.0.200-preview.0.26103.119\Microsoft.Common.CurrentVersion.targets(5160,5): message :       _SplitProjectReferencesByFileExistence
       C:\Program Files\dotnet\sdk\10.0.200-preview.0.26103.119\Microsoft.Common.CurrentVersion.targets(5160,5): message :     " (önceki değer: "_SplitProjectReferencesByFileExistence") konum: C:\Program Files\dotnet\sdk\10.0.200-preview.0.26103.119\Microsoft.Common.CurrentVersion.targets (5160,5)
       C:\Program Files\dotnet\sdk\10.0.200-preview.0.26103.119\Microsoft.Common.CurrentVersion.targets(6973,5): message : 'C:\Program Files\dotnet\sdk\10.0.200-preview.0.26103.119' değerine sahip 'MSBuildExtensionsPath32' özelliği ortamdan genişletildi.
       "NuGetInteractive" özelliği genel bir özelliktir ve değiştirilemez.
       C:\Program Files\dotnet\sdk\10.0.200-preview.0.26103.119\Sdks\Microsoft.NET.Sdk\targets\Microsoft.PackageDependencyResolution.targets(24,5): message : Özellik yeniden ataması: $(ProjectAssetsFile)="c:\Users\ilhan\source\repos\StudyBuddy\StudyBuddy\Buddy.Application\obj\project.assets.json" (önceki değer: "c:\Users\ilhan\source\repos\StudyBuddy\StudyBuddy\Buddy.Application\obj\/project.assets.json") konum: C:\Program Files\dotnet\sdk\10.0.200-preview.0.26103.119\Sdks\Microsoft.NET.Sdk\targets\Microsoft.PackageDependencyResolution.targets (24,5)
       C:\Program Files\dotnet\sdk\10.0.200-preview.0.26103.119\Sdks\Microsoft.NET.Sdk\targets\Microsoft.PackageDependencyResolution.targets(29,5): message : Özellik yeniden ataması: $(ProjectAssetsCacheFile)="c:\Users\ilhan\source\repos\StudyBuddy\StudyBuddy\Buddy.Application\obj\Debug\net10.0\Buddy.Application.assets.cache" (önceki değer: "obj\Debug\net10.0\Buddy.Application.assets.cache") konum: C:\Program Files\dotnet\sdk\10.0.200-preview.0.26103.119\Sdks\Microsoft.NET.Sdk\targets\Microsoft.PackageDependencyResolution.targets (29,5)
       C:\Program Files\dotnet\sdk\10.0.200-preview.0.26103.119\Sdks\Microsoft.NET.Sdk\targets\Microsoft.PackageDependencyResolution.targets(80,5): message : Özellik yeniden ataması: $(ResolveAssemblyReferencesDependsOn)="
       C:\Program Files\dotnet\sdk\10.0.200-preview.0.26103.119\Sdks\Microsoft.NET.Sdk\targets\Microsoft.PackageDependencyResolution.targets(80,5): message :       
       C:\Program Files\dotnet\sdk\10.0.200-preview.0.26103.119\Sdks\Microsoft.NET.Sdk\targets\Microsoft.PackageDependencyResolution.targets(80,5): message :       ResolveProjectReferences;
       C:\Program Files\dotnet\sdk\10.0.200-preview.0.26103.119\Sdks\Microsoft.NET.Sdk\targets\Microsoft.PackageDependencyResolution.targets(80,5): message :       FindInvalidProjectReferences;
       C:\Program Files\dotnet\sdk\10.0.200-preview.0.26103.119\Sdks\Microsoft.NET.Sdk\targets\Microsoft.PackageDependencyResolution.targets(80,5): message :       GetFrameworkPaths;
       C:\Program Files\dotnet\sdk\10.0.200-preview.0.26103.119\Sdks\Microsoft.NET.Sdk\targets\Microsoft.PackageDependencyResolution.targets(80,5): message :       GetReferenceAssemblyPaths;
       C:\Program Files\dotnet\sdk\10.0.200-preview.0.26103.119\Sdks\Microsoft.NET.Sdk\targets\Microsoft.PackageDependencyResolution.targets(80,5): message :       PrepareForBuild;
       C:\Program Files\dotnet\sdk\10.0.200-preview.0.26103.119\Sdks\Microsoft.NET.Sdk\targets\Microsoft.PackageDependencyResolution.targets(80,5): message :       ResolveSDKReferences;
       C:\Program Files\dotnet\sdk\10.0.200-preview.0.26103.119\Sdks\Microsoft.NET.Sdk\targets\Microsoft.PackageDependencyResolution.targets(80,5): message :       ExpandSDKReferences;
       C:\Program Files\dotnet\sdk\10.0.200-preview.0.26103.119\Sdks\Microsoft.NET.Sdk\targets\Microsoft.PackageDependencyResolution.targets(80,5): message :     ;
       C:\Program Files\dotnet\sdk\10.0.200-preview.0.26103.119\Sdks\Microsoft.NET.Sdk\targets\Microsoft.PackageDependencyResolution.targets(80,5): message :       ResolvePackageDependenciesForBuild;
       C:\Program Files\dotnet\sdk\10.0.200-preview.0.26103.119\Sdks\Microsoft.NET.Sdk\targets\Microsoft.PackageDependencyResolution.targets(80,5): message :       _HandlePackageFileConflicts;
       C:\Program Files\dotnet\sdk\10.0.200-preview.0.26103.119\Sdks\Microsoft.NET.Sdk\targets\Microsoft.PackageDependencyResolution.targets(80,5): message :     " (önceki değer: "
       C:\Program Files\dotnet\sdk\10.0.200-preview.0.26103.119\Sdks\Microsoft.NET.Sdk\targets\Microsoft.PackageDependencyResolution.targets(80,5): message :       ResolveProjectReferences;
       C:\Program Files\dotnet\sdk\10.0.200-preview.0.26103.119\Sdks\Microsoft.NET.Sdk\targets\Microsoft.PackageDependencyResolution.targets(80,5): message :       FindInvalidProjectReferences;
       C:\Program Files\dotnet\sdk\10.0.200-preview.0.26103.119\Sdks\Microsoft.NET.Sdk\targets\Microsoft.PackageDependencyResolution.targets(80,5): message :       GetFrameworkPaths;
       C:\Program Files\dotnet\sdk\10.0.200-preview.0.26103.119\Sdks\Microsoft.NET.Sdk\targets\Microsoft.PackageDependencyResolution.targets(80,5): message :       GetReferenceAssemblyPaths;
       C:\Program Files\dotnet\sdk\10.0.200-preview.0.26103.119\Sdks\Microsoft.NET.Sdk\targets\Microsoft.PackageDependencyResolution.targets(80,5): message :       PrepareForBuild;
       C:\Program Files\dotnet\sdk\10.0.200-preview.0.26103.119\Sdks\Microsoft.NET.Sdk\targets\Microsoft.PackageDependencyResolution.targets(80,5): message :       ResolveSDKReferences;
       C:\Program Files\dotnet\sdk\10.0.200-preview.0.26103.119\Sdks\Microsoft.NET.Sdk\targets\Microsoft.PackageDependencyResolution.targets(80,5): message :       ExpandSDKReferences;
       C:\Program Files\dotnet\sdk\10.0.200-preview.0.26103.119\Sdks\Microsoft.NET.Sdk\targets\Microsoft.PackageDependencyResolution.targets(80,5): message :     ") konum: C:\Program Files\dotnet\sdk\10.0.200-preview.0.26103.119\Sdks\Microsoft.NET.Sdk\targets\Microsoft.PackageDependencyResolution.targets (80,5)
       C:\Program Files\dotnet\sdk\10.0.200-preview.0.26103.119\Sdks\Microsoft.NET.Sdk\targets\Microsoft.PackageDependencyResolution.targets(86,5): message : Özellik yeniden ataması: $(PrepareResourcesDependsOn)="
       C:\Program Files\dotnet\sdk\10.0.200-preview.0.26103.119\Sdks\Microsoft.NET.Sdk\targets\Microsoft.PackageDependencyResolution.targets(86,5): message :       ResolvePackageDependenciesForBuild;
       C:\Program Files\dotnet\sdk\10.0.200-preview.0.26103.119\Sdks\Microsoft.NET.Sdk\targets\Microsoft.PackageDependencyResolution.targets(86,5): message :       _HandlePackageFileConflicts;
       C:\Program Files\dotnet\sdk\10.0.200-preview.0.26103.119\Sdks\Microsoft.NET.Sdk\targets\Microsoft.PackageDependencyResolution.targets(86,5): message :       
       C:\Program Files\dotnet\sdk\10.0.200-preview.0.26103.119\Sdks\Microsoft.NET.Sdk\targets\Microsoft.PackageDependencyResolution.targets(86,5): message :       ;
       C:\Program Files\dotnet\sdk\10.0.200-preview.0.26103.119\Sdks\Microsoft.NET.Sdk\targets\Microsoft.PackageDependencyResolution.targets(86,5): message :       PrepareResourceNames;
       C:\Program Files\dotnet\sdk\10.0.200-preview.0.26103.119\Sdks\Microsoft.NET.Sdk\targets\Microsoft.PackageDependencyResolution.targets(86,5): message :       ResGen;
       C:\Program Files\dotnet\sdk\10.0.200-preview.0.26103.119\Sdks\Microsoft.NET.Sdk\targets\Microsoft.PackageDependencyResolution.targets(86,5): message :       CompileLicxFiles
       C:\Program Files\dotnet\sdk\10.0.200-preview.0.26103.119\Sdks\Microsoft.NET.Sdk\targets\Microsoft.PackageDependencyResolution.targets(86,5): message :     
       C:\Program Files\dotnet\sdk\10.0.200-preview.0.26103.119\Sdks\Microsoft.NET.Sdk\targets\Microsoft.PackageDependencyResolution.targets(86,5): message :     " (önceki değer: "
       C:\Program Files\dotnet\sdk\10.0.200-preview.0.26103.119\Sdks\Microsoft.NET.Sdk\targets\Microsoft.PackageDependencyResolution.targets(86,5): message :       ;
       C:\Program Files\dotnet\sdk\10.0.200-preview.0.26103.119\Sdks\Microsoft.NET.Sdk\targets\Microsoft.PackageDependencyResolution.targets(86,5): message :       PrepareResourceNames;
       C:\Program Files\dotnet\sdk\10.0.200-preview.0.26103.119\Sdks\Microsoft.NET.Sdk\targets\Microsoft.PackageDependencyResolution.targets(86,5): message :       ResGen;
       C:\Program Files\dotnet\sdk\10.0.200-preview.0.26103.119\Sdks\Microsoft.NET.Sdk\targets\Microsoft.PackageDependencyResolution.targets(86,5): message :       CompileLicxFiles
       C:\Program Files\dotnet\sdk\10.0.200-preview.0.26103.119\Sdks\Microsoft.NET.Sdk\targets\Microsoft.PackageDependencyResolution.targets(86,5): message :     ") konum: C:\Program Files\dotnet\sdk\10.0.200-preview.0.26103.119\Sdks\Microsoft.NET.Sdk\targets\Microsoft.PackageDependencyResolution.targets (86,5)
       "EnableDefaultCompileItems" özelliği genel bir özelliktir ve değiştirilemez.
       "EnableDefaultEmbeddedResourceItems" özelliği genel bir özelliktir ve değiştirilemez.
       "EnableDefaultNoneItems" özelliği genel bir özelliktir ve değiştirilemez.
       C:\Program Files\dotnet\sdk\10.0.200-preview.0.26103.119\Sdks\Microsoft.NET.Sdk\targets\Microsoft.NET.Sdk.DefaultItems.targets(35,5): message : Özellik yeniden ataması: $(DefaultItemExcludes)=";bin\Debug\/**;obj\Debug\/**;bin\/**" (önceki değer: ";bin\Debug\/**;obj\Debug\/**") konum: C:\Program Files\dotnet\sdk\10.0.200-preview.0.26103.119\Sdks\Microsoft.NET.Sdk\targets\Microsoft.NET.Sdk.DefaultItems.targets (35,5)
       C:\Program Files\dotnet\sdk\10.0.200-preview.0.26103.119\Sdks\Microsoft.NET.Sdk\targets\Microsoft.NET.Sdk.DefaultItems.targets(37,5): message : Özellik yeniden ataması: $(DefaultItemExcludes)=";bin\Debug\/**;obj\Debug\/**;bin\/**;obj\/**" (önceki değer: ";bin\Debug\/**;obj\Debug\/**;bin\/**") konum: C:\Program Files\dotnet\sdk\10.0.200-preview.0.26103.119\Sdks\Microsoft.NET.Sdk\targets\Microsoft.NET.Sdk.DefaultItems.targets (37,5)
       C:\Program Files\dotnet\sdk\10.0.200-preview.0.26103.119\Sdks\Microsoft.NET.Sdk\targets\Microsoft.NET.Sdk.DefaultItems.targets(41,5): message : Özellik yeniden ataması: $(DefaultItemExcludes)=";bin\Debug\/**;obj\Debug\/**;bin\/**;obj\/**;bin\Debug\net10.0\publish\/**" (önceki değer: ";bin\Debug\/**;obj\Debug\/**;bin\/**;obj\/**") konum: C:\Program Files\dotnet\sdk\10.0.200-preview.0.26103.119\Sdks\Microsoft.NET.Sdk\targets\Microsoft.NET.Sdk.DefaultItems.targets (41,5)
       C:\Program Files\dotnet\sdk\10.0.200-preview.0.26103.119\Sdks\Microsoft.NET.Sdk\targets\Microsoft.NET.Sdk.DefaultItems.targets(44,5): message : Özellik yeniden ataması: $(DefaultItemExcludes)=";bin\Debug\/**;obj\Debug\/**;bin\/**;obj\/**;bin\Debug\net10.0\publish\/**;**/*.user" (önceki değer: ";bin\Debug\/**;obj\Debug\/**;bin\/**;obj\/**;bin\Debug\net10.0\publish\/**") konum: C:\Program Files\dotnet\sdk\10.0.200-preview.0.26103.119\Sdks\Microsoft.NET.Sdk\targets\Microsoft.NET.Sdk.DefaultItems.targets (44,5)
       C:\Program Files\dotnet\sdk\10.0.200-preview.0.26103.119\Sdks\Microsoft.NET.Sdk\targets\Microsoft.NET.Sdk.DefaultItems.targets(45,5): message : Özellik yeniden ataması: $(DefaultItemExcludes)=";bin\Debug\/**;obj\Debug\/**;bin\/**;obj\/**;bin\Debug\net10.0\publish\/**;**/*.user;**/*.*proj" (önceki değer: ";bin\Debug\/**;obj\Debug\/**;bin\/**;obj\/**;bin\Debug\net10.0\publish\/**;**/*.user") konum: C:\Program Files\dotnet\sdk\10.0.200-preview.0.26103.119\Sdks\Microsoft.NET.Sdk\targets\Microsoft.NET.Sdk.DefaultItems.targets (45,5)
       C:\Program Files\dotnet\sdk\10.0.200-preview.0.26103.119\Sdks\Microsoft.NET.Sdk\targets\Microsoft.NET.Sdk.DefaultItems.targets(46,5): message : Özellik yeniden ataması: $(DefaultItemExcludes)=";bin\Debug\/**;obj\Debug\/**;bin\/**;obj\/**;bin\Debug\net10.0\publish\/**;**/*.user;**/*.*proj;**/*.sln" (önceki değer: ";bin\Debug\/**;obj\Debug\/**;bin\/**;obj\/**;bin\Debug\net10.0\publish\/**;**/*.user;**/*.*proj") konum: C:\Program Files\dotnet\sdk\10.0.200-preview.0.26103.119\Sdks\Microsoft.NET.Sdk\targets\Microsoft.NET.Sdk.DefaultItems.targets (46,5)
       C:\Program Files\dotnet\sdk\10.0.200-preview.0.26103.119\Sdks\Microsoft.NET.Sdk\targets\Microsoft.NET.Sdk.DefaultItems.targets(47,5): message : Özellik yeniden ataması: $(DefaultItemExcludes)=";bin\Debug\/**;obj\Debug\/**;bin\/**;obj\/**;bin\Debug\net10.0\publish\/**;**/*.user;**/*.*proj;**/*.sln;**/*.slnx" (önceki değer: ";bin\Debug\/**;obj\Debug\/**;bin\/**;obj\/**;bin\Debug\net10.0\publish\/**;**/*.user;**/*.*proj;**/*.sln") konum: C:\Program Files\dotnet\sdk\10.0.200-preview.0.26103.119\Sdks\Microsoft.NET.Sdk\targets\Microsoft.NET.Sdk.DefaultItems.targets (47,5)
       C:\Program Files\dotnet\sdk\10.0.200-preview.0.26103.119\Sdks\Microsoft.NET.Sdk\targets\Microsoft.NET.Sdk.DefaultItems.targets(48,5): message : Özellik yeniden ataması: $(DefaultItemExcludes)=";bin\Debug\/**;obj\Debug\/**;bin\/**;obj\/**;bin\Debug\net10.0\publish\/**;**/*.user;**/*.*proj;**/*.sln;**/*.slnx;**/*.vssscc" (önceki değer: ";bin\Debug\/**;obj\Debug\/**;bin\/**;obj\/**;bin\Debug\net10.0\publish\/**;**/*.user;**/*.*proj;**/*.sln;**/*.slnx") konum: C:\Program Files\dotnet\sdk\10.0.200-preview.0.26103.119\Sdks\Microsoft.NET.Sdk\targets\Microsoft.NET.Sdk.DefaultItems.targets (48,5)
       C:\Program Files\dotnet\sdk\10.0.200-preview.0.26103.119\Sdks\Microsoft.NET.Sdk\targets\Microsoft.NET.Sdk.DefaultItems.targets(49,5): message : Özellik yeniden ataması: $(DefaultItemExcludes)=";bin\Debug\/**;obj\Debug\/**;bin\/**;obj\/**;bin\Debug\net10.0\publish\/**;**/*.user;**/*.*proj;**/*.sln;**/*.slnx;**/*.vssscc;**/.DS_Store" (önceki değer: ";bin\Debug\/**;obj\Debug\/**;bin\/**;obj\/**;bin\Debug\net10.0\publish\/**;**/*.user;**/*.*proj;**/*.sln;**/*.slnx;**/*.vssscc") konum: C:\Program Files\dotnet\sdk\10.0.200-preview.0.26103.119\Sdks\Microsoft.NET.Sdk\targets\Microsoft.NET.Sdk.DefaultItems.targets (49,5)
       C:\Program Files\dotnet\sdk\10.0.200-preview.0.26103.119\Sdks\Microsoft.NET.Sdk\targets\Microsoft.NET.Sdk.FrameworkReferenceResolution.targets(14,5): message : Özellik yeniden ataması: $(ResolveAssemblyReferencesDependsOn)="
       C:\Program Files\dotnet\sdk\10.0.200-preview.0.26103.119\Sdks\Microsoft.NET.Sdk\targets\Microsoft.NET.Sdk.FrameworkReferenceResolution.targets(14,5): message :       
       C:\Program Files\dotnet\sdk\10.0.200-preview.0.26103.119\Sdks\Microsoft.NET.Sdk\targets\Microsoft.NET.Sdk.FrameworkReferenceResolution.targets(14,5): message :       
       C:\Program Files\dotnet\sdk\10.0.200-preview.0.26103.119\Sdks\Microsoft.NET.Sdk\targets\Microsoft.NET.Sdk.FrameworkReferenceResolution.targets(14,5): message :       ResolveProjectReferences;
       C:\Program Files\dotnet\sdk\10.0.200-preview.0.26103.119\Sdks\Microsoft.NET.Sdk\targets\Microsoft.NET.Sdk.FrameworkReferenceResolution.targets(14,5): message :       FindInvalidProjectReferences;
       C:\Program Files\dotnet\sdk\10.0.200-preview.0.26103.119\Sdks\Microsoft.NET.Sdk\targets\Microsoft.NET.Sdk.FrameworkReferenceResolution.targets(14,5): message :       GetFrameworkPaths;
       C:\Program Files\dotnet\sdk\10.0.200-preview.0.26103.119\Sdks\Microsoft.NET.Sdk\targets\Microsoft.NET.Sdk.FrameworkReferenceResolution.targets(14,5): message :       GetReferenceAssemblyPaths;
       C:\Program Files\dotnet\sdk\10.0.200-preview.0.26103.119\Sdks\Microsoft.NET.Sdk\targets\Microsoft.NET.Sdk.FrameworkReferenceResolution.targets(14,5): message :       PrepareForBuild;
       C:\Program Files\dotnet\sdk\10.0.200-preview.0.26103.119\Sdks\Microsoft.NET.Sdk\targets\Microsoft.NET.Sdk.FrameworkReferenceResolution.targets(14,5): message :       ResolveSDKReferences;
       C:\Program Files\dotnet\sdk\10.0.200-preview.0.26103.119\Sdks\Microsoft.NET.Sdk\targets\Microsoft.NET.Sdk.FrameworkReferenceResolution.targets(14,5): message :       ExpandSDKReferences;
       C:\Program Files\dotnet\sdk\10.0.200-preview.0.26103.119\Sdks\Microsoft.NET.Sdk\targets\Microsoft.NET.Sdk.FrameworkReferenceResolution.targets(14,5): message :     ;
       C:\Program Files\dotnet\sdk\10.0.200-preview.0.26103.119\Sdks\Microsoft.NET.Sdk\targets\Microsoft.NET.Sdk.FrameworkReferenceResolution.targets(14,5): message :       ResolvePackageDependenciesForBuild;
       C:\Program Files\dotnet\sdk\10.0.200-preview.0.26103.119\Sdks\Microsoft.NET.Sdk\targets\Microsoft.NET.Sdk.FrameworkReferenceResolution.targets(14,5): message :       _HandlePackageFileConflicts;
       C:\Program Files\dotnet\sdk\10.0.200-preview.0.26103.119\Sdks\Microsoft.NET.Sdk\targets\Microsoft.NET.Sdk.FrameworkReferenceResolution.targets(14,5): message :     ;
       C:\Program Files\dotnet\sdk\10.0.200-preview.0.26103.119\Sdks\Microsoft.NET.Sdk\targets\Microsoft.NET.Sdk.FrameworkReferenceResolution.targets(14,5): message :       ResolveTargetingPackAssets;
       C:\Program Files\dotnet\sdk\10.0.200-preview.0.26103.119\Sdks\Microsoft.NET.Sdk\targets\Microsoft.NET.Sdk.FrameworkReferenceResolution.targets(14,5): message :     " (önceki değer: "
       C:\Program Files\dotnet\sdk\10.0.200-preview.0.26103.119\Sdks\Microsoft.NET.Sdk\targets\Microsoft.NET.Sdk.FrameworkReferenceResolution.targets(14,5): message :       
       C:\Program Files\dotnet\sdk\10.0.200-preview.0.26103.119\Sdks\Microsoft.NET.Sdk\targets\Microsoft.NET.Sdk.FrameworkReferenceResolution.targets(14,5): message :       ResolveProjectReferences;
       C:\Program Files\dotnet\sdk\10.0.200-preview.0.26103.119\Sdks\Microsoft.NET.Sdk\targets\Microsoft.NET.Sdk.FrameworkReferenceResolution.targets(14,5): message :       FindInvalidProjectReferences;
       C:\Program Files\dotnet\sdk\10.0.200-preview.0.26103.119\Sdks\Microsoft.NET.Sdk\targets\Microsoft.NET.Sdk.FrameworkReferenceResolution.targets(14,5): message :       GetFrameworkPaths;
       C:\Program Files\dotnet\sdk\10.0.200-preview.0.26103.119\Sdks\Microsoft.NET.Sdk\targets\Microsoft.NET.Sdk.FrameworkReferenceResolution.targets(14,5): message :       GetReferenceAssemblyPaths;
       C:\Program Files\dotnet\sdk\10.0.200-preview.0.26103.119\Sdks\Microsoft.NET.Sdk\targets\Microsoft.NET.Sdk.FrameworkReferenceResolution.targets(14,5): message :       PrepareForBuild;
       C:\Program Files\dotnet\sdk\10.0.200-preview.0.26103.119\Sdks\Microsoft.NET.Sdk\targets\Microsoft.NET.Sdk.FrameworkReferenceResolution.targets(14,5): message :       ResolveSDKReferences;
       C:\Program Files\dotnet\sdk\10.0.200-preview.0.26103.119\Sdks\Microsoft.NET.Sdk\targets\Microsoft.NET.Sdk.FrameworkReferenceResolution.targets(14,5): message :       ExpandSDKReferences;
       C:\Program Files\dotnet\sdk\10.0.200-preview.0.26103.119\Sdks\Microsoft.NET.Sdk\targets\Microsoft.NET.Sdk.FrameworkReferenceResolution.targets(14,5): message :     ;
       C:\Program Files\dotnet\sdk\10.0.200-preview.0.26103.119\Sdks\Microsoft.NET.Sdk\targets\Microsoft.NET.Sdk.FrameworkReferenceResolution.targets(14,5): message :       ResolvePackageDependenciesForBuild;
       C:\Program Files\dotnet\sdk\10.0.200-preview.0.26103.119\Sdks\Microsoft.NET.Sdk\targets\Microsoft.NET.Sdk.FrameworkReferenceResolution.targets(14,5): message :       _HandlePackageFileConflicts;
       C:\Program Files\dotnet\sdk\10.0.200-preview.0.26103.119\Sdks\Microsoft.NET.Sdk\targets\Microsoft.NET.Sdk.FrameworkReferenceResolution.targets(14,5): message :     ") konum: C:\Program Files\dotnet\sdk\10.0.200-preview.0.26103.119\Sdks\Microsoft.NET.Sdk\targets\Microsoft.NET.Sdk.FrameworkReferenceResolution.targets (14,5)
       C:\Program Files\dotnet\sdk\10.0.200-preview.0.26103.119\Sdks\Microsoft.NET.Sdk\targets\Microsoft.NET.Sdk.targets(44,5): message : Özellik yeniden ataması: $(_GenerateRuntimeConfigurationPropertyInputsCache)="c:\Users\ilhan\source\repos\StudyBuddy\StudyBuddy\Buddy.Application\obj\Debug\net10.0\Buddy.Application.genruntimeconfig.cache" (önceki değer: "obj\Debug\net10.0\Buddy.Application.genruntimeconfig.cache") konum: C:\Program Files\dotnet\sdk\10.0.200-preview.0.26103.119\Sdks\Microsoft.NET.Sdk\targets\Microsoft.NET.Sdk.targets (44,5)
       C:\Program Files\dotnet\sdk\10.0.200-preview.0.26103.119\Sdks\Microsoft.NET.Sdk\targets\Microsoft.NET.Sdk.targets(46,5): message : Özellik yeniden ataması: $(_GeneratePublishDependencyFilePropertyInputsCache)="c:\Users\ilhan\source\repos\StudyBuddy\StudyBuddy\Buddy.Application\obj\Debug\net10.0\Buddy.Application.genpublishdeps.cache" (önceki değer: "obj\Debug\net10.0\Buddy.Application.genpublishdeps.cache") konum: C:\Program Files\dotnet\sdk\10.0.200-preview.0.26103.119\Sdks\Microsoft.NET.Sdk\targets\Microsoft.NET.Sdk.targets (46,5)
       C:\Program Files\dotnet\sdk\10.0.200-preview.0.26103.119\Sdks\Microsoft.NET.Sdk\targets\Microsoft.NET.Sdk.targets(48,5): message : Özellik yeniden ataması: $(_GenerateSingleFileBundlePropertyInputsCache)="c:\Users\ilhan\source\repos\StudyBuddy\StudyBuddy\Buddy.Application\obj\Debug\net10.0\Buddy.Application.genbundle.cache" (önceki değer: "obj\Debug\net10.0\Buddy.Application.genbundle.cache") konum: C:\Program Files\dotnet\sdk\10.0.200-preview.0.26103.119\Sdks\Microsoft.NET.Sdk\targets\Microsoft.NET.Sdk.targets (48,5)
       C:\Program Files\dotnet\sdk\10.0.200-preview.0.26103.119\Sdks\Microsoft.NET.Sdk\targets\Microsoft.NET.Sdk.targets(81,5): message : Özellik yeniden ataması: $(GenerateRuntimeConfigDevFile)="false" (önceki değer: "true") konum: C:\Program Files\dotnet\sdk\10.0.200-preview.0.26103.119\Sdks\Microsoft.NET.Sdk\targets\Microsoft.NET.Sdk.targets (81,5)
       C:\Program Files\dotnet\sdk\10.0.200-preview.0.26103.119\Sdks\Microsoft.NET.Sdk\targets\Microsoft.NET.Sdk.targets(98,5): message : 'C:\Users\ilhan' değerine sahip 'USERPROFILE' özelliği ortamdan genişletildi.
       C:\Program Files\dotnet\sdk\10.0.200-preview.0.26103.119\Sdks\Microsoft.NET.Sdk\targets\Microsoft.NET.Sdk.targets(98,5): message : Özellik yeniden ataması: $(_DefaultUserProfileRuntimeStorePath)="C:\Users\ilhan" (önceki değer: "") konum: C:\Program Files\dotnet\sdk\10.0.200-preview.0.26103.119\Sdks\Microsoft.NET.Sdk\targets\Microsoft.NET.Sdk.targets (98,5)
       C:\Program Files\dotnet\sdk\10.0.200-preview.0.26103.119\Sdks\Microsoft.NET.Sdk\targets\Microsoft.NET.Sdk.targets(99,5): message : Özellik yeniden ataması: $(_DefaultUserProfileRuntimeStorePath)="C:\Users\ilhan\.dotnet\store" (önceki değer: "C:\Users\ilhan") konum: C:\Program Files\dotnet\sdk\10.0.200-preview.0.26103.119\Sdks\Microsoft.NET.Sdk\targets\Microsoft.NET.Sdk.targets (99,5)
       C:\Program Files\dotnet\sdk\10.0.200-preview.0.26103.119\Sdks\Microsoft.NET.Sdk\targets\Microsoft.NET.Sdk.targets(144,5): message : Özellik yeniden ataması: $(AvailablePlatforms)="Any CPU,x86,x64,ARM32" (önceki değer: "Any CPU,x86,x64") konum: C:\Program Files\dotnet\sdk\10.0.200-preview.0.26103.119\Sdks\Microsoft.NET.Sdk\targets\Microsoft.NET.Sdk.targets (144,5)
       C:\Program Files\dotnet\sdk\10.0.200-preview.0.26103.119\Sdks\Microsoft.NET.Sdk\targets\Microsoft.NET.Sdk.targets(148,5): message : Özellik yeniden ataması: $(AvailablePlatforms)="Any CPU,x86,x64,ARM32,ARM64" (önceki değer: "Any CPU,x86,x64,ARM32") konum: C:\Program Files\dotnet\sdk\10.0.200-preview.0.26103.119\Sdks\Microsoft.NET.Sdk\targets\Microsoft.NET.Sdk.targets (148,5)
       C:\Program Files\dotnet\sdk\10.0.200-preview.0.26103.119\Sdks\Microsoft.NET.Sdk\targets\Microsoft.NET.Sdk.targets(204,5): message : Özellik yeniden ataması: $(CoreBuildDependsOn)="
       C:\Program Files\dotnet\sdk\10.0.200-preview.0.26103.119\Sdks\Microsoft.NET.Sdk\targets\Microsoft.NET.Sdk.targets(204,5): message :       _CheckForBuildWithNoBuild;
       C:\Program Files\dotnet\sdk\10.0.200-preview.0.26103.119\Sdks\Microsoft.NET.Sdk\targets\Microsoft.NET.Sdk.targets(204,5): message :       
       C:\Program Files\dotnet\sdk\10.0.200-preview.0.26103.119\Sdks\Microsoft.NET.Sdk\targets\Microsoft.NET.Sdk.targets(204,5): message :       BuildOnlySettings;
       C:\Program Files\dotnet\sdk\10.0.200-preview.0.26103.119\Sdks\Microsoft.NET.Sdk\targets\Microsoft.NET.Sdk.targets(204,5): message :       PrepareForBuild;
       C:\Program Files\dotnet\sdk\10.0.200-preview.0.26103.119\Sdks\Microsoft.NET.Sdk\targets\Microsoft.NET.Sdk.targets(204,5): message :       PreBuildEvent;
       C:\Program Files\dotnet\sdk\10.0.200-preview.0.26103.119\Sdks\Microsoft.NET.Sdk\targets\Microsoft.NET.Sdk.targets(204,5): message :       ResolveReferences;
       C:\Program Files\dotnet\sdk\10.0.200-preview.0.26103.119\Sdks\Microsoft.NET.Sdk\targets\Microsoft.NET.Sdk.targets(204,5): message :       PrepareResources;
       C:\Program Files\dotnet\sdk\10.0.200-preview.0.26103.119\Sdks\Microsoft.NET.Sdk\targets\Microsoft.NET.Sdk.targets(204,5): message :       ResolveKeySource;
       C:\Program Files\dotnet\sdk\10.0.200-preview.0.26103.119\Sdks\Microsoft.NET.Sdk\targets\Microsoft.NET.Sdk.targets(204,5): message :       Compile;
       C:\Program Files\dotnet\sdk\10.0.200-preview.0.26103.119\Sdks\Microsoft.NET.Sdk\targets\Microsoft.NET.Sdk.targets(204,5): message :       ExportWindowsMDFile;
       C:\Program Files\dotnet\sdk\10.0.200-preview.0.26103.119\Sdks\Microsoft.NET.Sdk\targets\Microsoft.NET.Sdk.targets(204,5): message :       UnmanagedUnregistration;
       C:\Program Files\dotnet\sdk\10.0.200-preview.0.26103.119\Sdks\Microsoft.NET.Sdk\targets\Microsoft.NET.Sdk.targets(204,5): message :       GenerateSerializationAssemblies;
       C:\Program Files\dotnet\sdk\10.0.200-preview.0.26103.119\Sdks\Microsoft.NET.Sdk\targets\Microsoft.NET.Sdk.targets(204,5): message :       CreateSatelliteAssemblies;
       C:\Program Files\dotnet\sdk\10.0.200-preview.0.26103.119\Sdks\Microsoft.NET.Sdk\targets\Microsoft.NET.Sdk.targets(204,5): message :       GenerateManifests;
       C:\Program Files\dotnet\sdk\10.0.200-preview.0.26103.119\Sdks\Microsoft.NET.Sdk\targets\Microsoft.NET.Sdk.targets(204,5): message :       GetTargetPath;
       C:\Program Files\dotnet\sdk\10.0.200-preview.0.26103.119\Sdks\Microsoft.NET.Sdk\targets\Microsoft.NET.Sdk.targets(204,5): message :       PrepareForRun;
       C:\Program Files\dotnet\sdk\10.0.200-preview.0.26103.119\Sdks\Microsoft.NET.Sdk\targets\Microsoft.NET.Sdk.targets(204,5): message :       UnmanagedRegistration;
       C:\Program Files\dotnet\sdk\10.0.200-preview.0.26103.119\Sdks\Microsoft.NET.Sdk\targets\Microsoft.NET.Sdk.targets(204,5): message :       IncrementalClean;
       C:\Program Files\dotnet\sdk\10.0.200-preview.0.26103.119\Sdks\Microsoft.NET.Sdk\targets\Microsoft.NET.Sdk.targets(204,5): message :       PostBuildEvent
       C:\Program Files\dotnet\sdk\10.0.200-preview.0.26103.119\Sdks\Microsoft.NET.Sdk\targets\Microsoft.NET.Sdk.targets(204,5): message :     ;
       C:\Program Files\dotnet\sdk\10.0.200-preview.0.26103.119\Sdks\Microsoft.NET.Sdk\targets\Microsoft.NET.Sdk.targets(204,5): message :       GenerateBuildDependencyFile;
       C:\Program Files\dotnet\sdk\10.0.200-preview.0.26103.119\Sdks\Microsoft.NET.Sdk\targets\Microsoft.NET.Sdk.targets(204,5): message :       GenerateBuildRuntimeConfigurationFiles
       C:\Program Files\dotnet\sdk\10.0.200-preview.0.26103.119\Sdks\Microsoft.NET.Sdk\targets\Microsoft.NET.Sdk.targets(204,5): message :     " (önceki değer: "
       C:\Program Files\dotnet\sdk\10.0.200-preview.0.26103.119\Sdks\Microsoft.NET.Sdk\targets\Microsoft.NET.Sdk.targets(204,5): message :       BuildOnlySettings;
       C:\Program Files\dotnet\sdk\10.0.200-preview.0.26103.119\Sdks\Microsoft.NET.Sdk\targets\Microsoft.NET.Sdk.targets(204,5): message :       PrepareForBuild;
       C:\Program Files\dotnet\sdk\10.0.200-preview.0.26103.119\Sdks\Microsoft.NET.Sdk\targets\Microsoft.NET.Sdk.targets(204,5): message :       PreBuildEvent;
       C:\Program Files\dotnet\sdk\10.0.200-preview.0.26103.119\Sdks\Microsoft.NET.Sdk\targets\Microsoft.NET.Sdk.targets(204,5): message :       ResolveReferences;
       C:\Program Files\dotnet\sdk\10.0.200-preview.0.26103.119\Sdks\Microsoft.NET.Sdk\targets\Microsoft.NET.Sdk.targets(204,5): message :       PrepareResources;
       C:\Program Files\dotnet\sdk\10.0.200-preview.0.26103.119\Sdks\Microsoft.NET.Sdk\targets\Microsoft.NET.Sdk.targets(204,5): message :       ResolveKeySource;
       C:\Program Files\dotnet\sdk\10.0.200-preview.0.26103.119\Sdks\Microsoft.NET.Sdk\targets\Microsoft.NET.Sdk.targets(204,5): message :       Compile;
       C:\Program Files\dotnet\sdk\10.0.200-preview.0.26103.119\Sdks\Microsoft.NET.Sdk\targets\Microsoft.NET.Sdk.targets(204,5): message :       ExportWindowsMDFile;
       C:\Program Files\dotnet\sdk\10.0.200-preview.0.26103.119\Sdks\Microsoft.NET.Sdk\targets\Microsoft.NET.Sdk.targets(204,5): message :       UnmanagedUnregistration;
       C:\Program Files\dotnet\sdk\10.0.200-preview.0.26103.119\Sdks\Microsoft.NET.Sdk\targets\Microsoft.NET.Sdk.targets(204,5): message :       GenerateSerializationAssemblies;
       C:\Program Files\dotnet\sdk\10.0.200-preview.0.26103.119\Sdks\Microsoft.NET.Sdk\targets\Microsoft.NET.Sdk.targets(204,5): message :       CreateSatelliteAssemblies;
       C:\Program Files\dotnet\sdk\10.0.200-preview.0.26103.119\Sdks\Microsoft.NET.Sdk\targets\Microsoft.NET.Sdk.targets(204,5): message :       GenerateManifests;
       C:\Program Files\dotnet\sdk\10.0.200-preview.0.26103.119\Sdks\Microsoft.NET.Sdk\targets\Microsoft.NET.Sdk.targets(204,5): message :       GetTargetPath;
       C:\Program Files\dotnet\sdk\10.0.200-preview.0.26103.119\Sdks\Microsoft.NET.Sdk\targets\Microsoft.NET.Sdk.targets(204,5): message :       PrepareForRun;
       C:\Program Files\dotnet\sdk\10.0.200-preview.0.26103.119\Sdks\Microsoft.NET.Sdk\targets\Microsoft.NET.Sdk.targets(204,5): message :       UnmanagedRegistration;
       C:\Program Files\dotnet\sdk\10.0.200-preview.0.26103.119\Sdks\Microsoft.NET.Sdk\targets\Microsoft.NET.Sdk.targets(204,5): message :       IncrementalClean;
       C:\Program Files\dotnet\sdk\10.0.200-preview.0.26103.119\Sdks\Microsoft.NET.Sdk\targets\Microsoft.NET.Sdk.targets(204,5): message :       PostBuildEvent
       C:\Program Files\dotnet\sdk\10.0.200-preview.0.26103.119\Sdks\Microsoft.NET.Sdk\targets\Microsoft.NET.Sdk.targets(204,5): message :     ") konum: C:\Program Files\dotnet\sdk\10.0.200-preview.0.26103.119\Sdks\Microsoft.NET.Sdk\targets\Microsoft.NET.Sdk.targets (204,5)
       C:\Program Files\dotnet\sdk\10.0.200-preview.0.26103.119\Sdks\Microsoft.NET.Sdk\targets\Microsoft.NET.Sdk.targets(213,5): message : Özellik yeniden ataması: $(CoreCleanDependsOn)="
       C:\Program Files\dotnet\sdk\10.0.200-preview.0.26103.119\Sdks\Microsoft.NET.Sdk\targets\Microsoft.NET.Sdk.targets(213,5): message :       _SdkBeforeClean;
       C:\Program Files\dotnet\sdk\10.0.200-preview.0.26103.119\Sdks\Microsoft.NET.Sdk\targets\Microsoft.NET.Sdk.targets(213,5): message :       
       C:\Program Files\dotnet\sdk\10.0.200-preview.0.26103.119\Sdks\Microsoft.NET.Sdk\targets\Microsoft.NET.Sdk.targets(213,5): message :     " (önceki değer: "") konum: C:\Program Files\dotnet\sdk\10.0.200-preview.0.26103.119\Sdks\Microsoft.NET.Sdk\targets\Microsoft.NET.Sdk.targets (213,5)
       C:\Program Files\dotnet\sdk\10.0.200-preview.0.26103.119\Sdks\Microsoft.NET.Sdk\targets\Microsoft.NET.Sdk.targets(220,5): message : Özellik yeniden ataması: $(RebuildDependsOn)="
       C:\Program Files\dotnet\sdk\10.0.200-preview.0.26103.119\Sdks\Microsoft.NET.Sdk\targets\Microsoft.NET.Sdk.targets(220,5): message :       _SdkBeforeRebuild;
       C:\Program Files\dotnet\sdk\10.0.200-preview.0.26103.119\Sdks\Microsoft.NET.Sdk\targets\Microsoft.NET.Sdk.targets(220,5): message :       
       C:\Program Files\dotnet\sdk\10.0.200-preview.0.26103.119\Sdks\Microsoft.NET.Sdk\targets\Microsoft.NET.Sdk.targets(220,5): message :       BeforeRebuild;
       C:\Program Files\dotnet\sdk\10.0.200-preview.0.26103.119\Sdks\Microsoft.NET.Sdk\targets\Microsoft.NET.Sdk.targets(220,5): message :       Clean;
       C:\Program Files\dotnet\sdk\10.0.200-preview.0.26103.119\Sdks\Microsoft.NET.Sdk\targets\Microsoft.NET.Sdk.targets(220,5): message :       Build;
       C:\Program Files\dotnet\sdk\10.0.200-preview.0.26103.119\Sdks\Microsoft.NET.Sdk\targets\Microsoft.NET.Sdk.targets(220,5): message :       AfterRebuild;
       C:\Program Files\dotnet\sdk\10.0.200-preview.0.26103.119\Sdks\Microsoft.NET.Sdk\targets\Microsoft.NET.Sdk.targets(220,5): message :     
       C:\Program Files\dotnet\sdk\10.0.200-preview.0.26103.119\Sdks\Microsoft.NET.Sdk\targets\Microsoft.NET.Sdk.targets(220,5): message :     " (önceki değer: "
       C:\Program Files\dotnet\sdk\10.0.200-preview.0.26103.119\Sdks\Microsoft.NET.Sdk\targets\Microsoft.NET.Sdk.targets(220,5): message :       BeforeRebuild;
       C:\Program Files\dotnet\sdk\10.0.200-preview.0.26103.119\Sdks\Microsoft.NET.Sdk\targets\Microsoft.NET.Sdk.targets(220,5): message :       Clean;
       C:\Program Files\dotnet\sdk\10.0.200-preview.0.26103.119\Sdks\Microsoft.NET.Sdk\targets\Microsoft.NET.Sdk.targets(220,5): message :       Build;
       C:\Program Files\dotnet\sdk\10.0.200-preview.0.26103.119\Sdks\Microsoft.NET.Sdk\targets\Microsoft.NET.Sdk.targets(220,5): message :       AfterRebuild;
       C:\Program Files\dotnet\sdk\10.0.200-preview.0.26103.119\Sdks\Microsoft.NET.Sdk\targets\Microsoft.NET.Sdk.targets(220,5): message :     ") konum: C:\Program Files\dotnet\sdk\10.0.200-preview.0.26103.119\Sdks\Microsoft.NET.Sdk\targets\Microsoft.NET.Sdk.targets (220,5)
       C:\Program Files\dotnet\sdk\10.0.200-preview.0.26103.119\Sdks\Microsoft.NET.Sdk\targets\Microsoft.NET.Sdk.targets(799,5): message : Özellik yeniden ataması: $(CompileDependsOn)="
       C:\Program Files\dotnet\sdk\10.0.200-preview.0.26103.119\Sdks\Microsoft.NET.Sdk\targets\Microsoft.NET.Sdk.targets(799,5): message :       
       C:\Program Files\dotnet\sdk\10.0.200-preview.0.26103.119\Sdks\Microsoft.NET.Sdk\targets\Microsoft.NET.Sdk.targets(799,5): message :       ResolveReferences;
       C:\Program Files\dotnet\sdk\10.0.200-preview.0.26103.119\Sdks\Microsoft.NET.Sdk\targets\Microsoft.NET.Sdk.targets(799,5): message :       ResolveKeySource;
       C:\Program Files\dotnet\sdk\10.0.200-preview.0.26103.119\Sdks\Microsoft.NET.Sdk\targets\Microsoft.NET.Sdk.targets(799,5): message :       SetWin32ManifestProperties;
       C:\Program Files\dotnet\sdk\10.0.200-preview.0.26103.119\Sdks\Microsoft.NET.Sdk\targets\Microsoft.NET.Sdk.targets(799,5): message :       _SetPreferNativeArm64Win32ManifestProperties;
       C:\Program Files\dotnet\sdk\10.0.200-preview.0.26103.119\Sdks\Microsoft.NET.Sdk\targets\Microsoft.NET.Sdk.targets(799,5): message :       FindReferenceAssembliesForReferences;
       C:\Program Files\dotnet\sdk\10.0.200-preview.0.26103.119\Sdks\Microsoft.NET.Sdk\targets\Microsoft.NET.Sdk.targets(799,5): message :       _GenerateCompileInputs;
       C:\Program Files\dotnet\sdk\10.0.200-preview.0.26103.119\Sdks\Microsoft.NET.Sdk\targets\Microsoft.NET.Sdk.targets(799,5): message :       BeforeCompile;
       C:\Program Files\dotnet\sdk\10.0.200-preview.0.26103.119\Sdks\Microsoft.NET.Sdk\targets\Microsoft.NET.Sdk.targets(799,5): message :       _TimeStampBeforeCompile;
       C:\Program Files\dotnet\sdk\10.0.200-preview.0.26103.119\Sdks\Microsoft.NET.Sdk\targets\Microsoft.NET.Sdk.targets(799,5): message :       _GenerateCompileDependencyCache;
       C:\Program Files\dotnet\sdk\10.0.200-preview.0.26103.119\Sdks\Microsoft.NET.Sdk\targets\Microsoft.NET.Sdk.targets(799,5): message :       CoreCompile;
       C:\Program Files\dotnet\sdk\10.0.200-preview.0.26103.119\Sdks\Microsoft.NET.Sdk\targets\Microsoft.NET.Sdk.targets(799,5): message :       _TimeStampAfterCompile;
       C:\Program Files\dotnet\sdk\10.0.200-preview.0.26103.119\Sdks\Microsoft.NET.Sdk\targets\Microsoft.NET.Sdk.targets(799,5): message :       AfterCompile;
       C:\Program Files\dotnet\sdk\10.0.200-preview.0.26103.119\Sdks\Microsoft.NET.Sdk\targets\Microsoft.NET.Sdk.targets(799,5): message :     ;
       C:\Program Files\dotnet\sdk\10.0.200-preview.0.26103.119\Sdks\Microsoft.NET.Sdk\targets\Microsoft.NET.Sdk.targets(799,5): message :       _CreateAppHost;
       C:\Program Files\dotnet\sdk\10.0.200-preview.0.26103.119\Sdks\Microsoft.NET.Sdk\targets\Microsoft.NET.Sdk.targets(799,5): message :       _CreateComHost;
       C:\Program Files\dotnet\sdk\10.0.200-preview.0.26103.119\Sdks\Microsoft.NET.Sdk\targets\Microsoft.NET.Sdk.targets(799,5): message :       _GetIjwHostPaths;
       C:\Program Files\dotnet\sdk\10.0.200-preview.0.26103.119\Sdks\Microsoft.NET.Sdk\targets\Microsoft.NET.Sdk.targets(799,5): message :     " (önceki değer: "
       C:\Program Files\dotnet\sdk\10.0.200-preview.0.26103.119\Sdks\Microsoft.NET.Sdk\targets\Microsoft.NET.Sdk.targets(799,5): message :       ResolveReferences;
       C:\Program Files\dotnet\sdk\10.0.200-preview.0.26103.119\Sdks\Microsoft.NET.Sdk\targets\Microsoft.NET.Sdk.targets(799,5): message :       ResolveKeySource;
       C:\Program Files\dotnet\sdk\10.0.200-preview.0.26103.119\Sdks\Microsoft.NET.Sdk\targets\Microsoft.NET.Sdk.targets(799,5): message :       SetWin32ManifestProperties;
       C:\Program Files\dotnet\sdk\10.0.200-preview.0.26103.119\Sdks\Microsoft.NET.Sdk\targets\Microsoft.NET.Sdk.targets(799,5): message :       _SetPreferNativeArm64Win32ManifestProperties;
       C:\Program Files\dotnet\sdk\10.0.200-preview.0.26103.119\Sdks\Microsoft.NET.Sdk\targets\Microsoft.NET.Sdk.targets(799,5): message :       FindReferenceAssembliesForReferences;
       C:\Program Files\dotnet\sdk\10.0.200-preview.0.26103.119\Sdks\Microsoft.NET.Sdk\targets\Microsoft.NET.Sdk.targets(799,5): message :       _GenerateCompileInputs;
       C:\Program Files\dotnet\sdk\10.0.200-preview.0.26103.119\Sdks\Microsoft.NET.Sdk\targets\Microsoft.NET.Sdk.targets(799,5): message :       BeforeCompile;
       C:\Program Files\dotnet\sdk\10.0.200-preview.0.26103.119\Sdks\Microsoft.NET.Sdk\targets\Microsoft.NET.Sdk.targets(799,5): message :       _TimeStampBeforeCompile;
       C:\Program Files\dotnet\sdk\10.0.200-preview.0.26103.119\Sdks\Microsoft.NET.Sdk\targets\Microsoft.NET.Sdk.targets(799,5): message :       _GenerateCompileDependencyCache;
       C:\Program Files\dotnet\sdk\10.0.200-preview.0.26103.119\Sdks\Microsoft.NET.Sdk\targets\Microsoft.NET.Sdk.targets(799,5): message :       CoreCompile;
       C:\Program Files\dotnet\sdk\10.0.200-preview.0.26103.119\Sdks\Microsoft.NET.Sdk\targets\Microsoft.NET.Sdk.targets(799,5): message :       _TimeStampAfterCompile;
       C:\Program Files\dotnet\sdk\10.0.200-preview.0.26103.119\Sdks\Microsoft.NET.Sdk\targets\Microsoft.NET.Sdk.targets(799,5): message :       AfterCompile;
       C:\Program Files\dotnet\sdk\10.0.200-preview.0.26103.119\Sdks\Microsoft.NET.Sdk\targets\Microsoft.NET.Sdk.targets(799,5): message :     ") konum: C:\Program Files\dotnet\sdk\10.0.200-preview.0.26103.119\Sdks\Microsoft.NET.Sdk\targets\Microsoft.NET.Sdk.targets (799,5)
       C:\Program Files\dotnet\sdk\10.0.200-preview.0.26103.119\Sdks\Microsoft.NET.Sdk\targets\Microsoft.NET.Sdk.targets(1131,5): message : Özellik yeniden ataması: $(CreateSatelliteAssembliesDependsOn)="
       C:\Program Files\dotnet\sdk\10.0.200-preview.0.26103.119\Sdks\Microsoft.NET.Sdk\targets\Microsoft.NET.Sdk.targets(1131,5): message :       
       C:\Program Files\dotnet\sdk\10.0.200-preview.0.26103.119\Sdks\Microsoft.NET.Sdk\targets\Microsoft.NET.Sdk.targets(1131,5): message :       ;
       C:\Program Files\dotnet\sdk\10.0.200-preview.0.26103.119\Sdks\Microsoft.NET.Sdk\targets\Microsoft.NET.Sdk.targets(1131,5): message :       _GenerateSatelliteAssemblyInputs;
       C:\Program Files\dotnet\sdk\10.0.200-preview.0.26103.119\Sdks\Microsoft.NET.Sdk\targets\Microsoft.NET.Sdk.targets(1131,5): message :       ComputeIntermediateSatelliteAssemblies;
       C:\Program Files\dotnet\sdk\10.0.200-preview.0.26103.119\Sdks\Microsoft.NET.Sdk\targets\Microsoft.NET.Sdk.targets(1131,5): message :       GenerateSatelliteAssemblies
       C:\Program Files\dotnet\sdk\10.0.200-preview.0.26103.119\Sdks\Microsoft.NET.Sdk\targets\Microsoft.NET.Sdk.targets(1131,5): message :     ;
       C:\Program Files\dotnet\sdk\10.0.200-preview.0.26103.119\Sdks\Microsoft.NET.Sdk\targets\Microsoft.NET.Sdk.targets(1131,5): message :       CoreGenerateSatelliteAssemblies
       C:\Program Files\dotnet\sdk\10.0.200-preview.0.26103.119\Sdks\Microsoft.NET.Sdk\targets\Microsoft.NET.Sdk.targets(1131,5): message :     " (önceki değer: "
       C:\Program Files\dotnet\sdk\10.0.200-preview.0.26103.119\Sdks\Microsoft.NET.Sdk\targets\Microsoft.NET.Sdk.targets(1131,5): message :       ;
       C:\Program Files\dotnet\sdk\10.0.200-preview.0.26103.119\Sdks\Microsoft.NET.Sdk\targets\Microsoft.NET.Sdk.targets(1131,5): message :       _GenerateSatelliteAssemblyInputs;
       C:\Program Files\dotnet\sdk\10.0.200-preview.0.26103.119\Sdks\Microsoft.NET.Sdk\targets\Microsoft.NET.Sdk.targets(1131,5): message :       ComputeIntermediateSatelliteAssemblies;
       C:\Program Files\dotnet\sdk\10.0.200-preview.0.26103.119\Sdks\Microsoft.NET.Sdk\targets\Microsoft.NET.Sdk.targets(1131,5): message :       GenerateSatelliteAssemblies
       C:\Program Files\dotnet\sdk\10.0.200-preview.0.26103.119\Sdks\Microsoft.NET.Sdk\targets\Microsoft.NET.Sdk.targets(1131,5): message :     ") konum: C:\Program Files\dotnet\sdk\10.0.200-preview.0.26103.119\Sdks\Microsoft.NET.Sdk\targets\Microsoft.NET.Sdk.targets (1131,5)
       C:\Program Files\dotnet\sdk\10.0.200-preview.0.26103.119\Sdks\Microsoft.SourceLink.GitLab\build\Microsoft.SourceLink.GitLab.targets(12,5): message : Özellik yeniden ataması: $(SourceLinkUrlInitializerTargets)=";_InitializeGitHubSourceLinkUrl;_InitializeGitLabSourceLinkUrl" (önceki değer: ";_InitializeGitHubSourceLinkUrl") konum: C:\Program Files\dotnet\sdk\10.0.200-preview.0.26103.119\Sdks\Microsoft.SourceLink.GitLab\build\Microsoft.SourceLink.GitLab.targets (12,5)
       C:\Program Files\dotnet\sdk\10.0.200-preview.0.26103.119\Sdks\Microsoft.SourceLink.GitLab\build\Microsoft.SourceLink.GitLab.targets(13,5): message : Özellik yeniden ataması: $(SourceControlManagerUrlTranslationTargets)=";TranslateGitHubUrlsInSourceControlInformation;TranslateGitLabUrlsInSourceControlInformation" (önceki değer: ";TranslateGitHubUrlsInSourceControlInformation") konum: C:\Program Files\dotnet\sdk\10.0.200-preview.0.26103.119\Sdks\Microsoft.SourceLink.GitLab\build\Microsoft.SourceLink.GitLab.targets (13,5)
       C:\Program Files\dotnet\sdk\10.0.200-preview.0.26103.119\Sdks\Microsoft.SourceLink.AzureRepos.Git\build\Microsoft.SourceLink.AzureRepos.Git.targets(12,5): message : Özellik yeniden ataması: $(SourceLinkUrlInitializerTargets)=";_InitializeGitHubSourceLinkUrl;_InitializeGitLabSourceLinkUrl;_InitializeAzureReposGitSourceLinkUrl" (önceki değer: ";_InitializeGitHubSourceLinkUrl;_InitializeGitLabSourceLinkUrl") konum: C:\Program Files\dotnet\sdk\10.0.200-preview.0.26103.119\Sdks\Microsoft.SourceLink.AzureRepos.Git\build\Microsoft.SourceLink.AzureRepos.Git.targets (12,5)
       C:\Program Files\dotnet\sdk\10.0.200-preview.0.26103.119\Sdks\Microsoft.SourceLink.AzureRepos.Git\build\Microsoft.SourceLink.AzureRepos.Git.targets(13,5): message : Özellik yeniden ataması: $(SourceControlManagerUrlTranslationTargets)=";TranslateGitHubUrlsInSourceControlInformation;TranslateGitLabUrlsInSourceControlInformation;TranslateAzureReposGitUrlsInSourceControlInformation" (önceki değer: ";TranslateGitHubUrlsInSourceControlInformation;TranslateGitLabUrlsInSourceControlInformation") konum: C:\Program Files\dotnet\sdk\10.0.200-preview.0.26103.119\Sdks\Microsoft.SourceLink.AzureRepos.Git\build\Microsoft.SourceLink.AzureRepos.Git.targets (13,5)
       C:\Program Files\dotnet\sdk\10.0.200-preview.0.26103.119\Sdks\Microsoft.SourceLink.Bitbucket.Git\build\Microsoft.SourceLink.Bitbucket.Git.targets(12,5): message : Özellik yeniden ataması: $(SourceLinkUrlInitializerTargets)=";_InitializeGitHubSourceLinkUrl;_InitializeGitLabSourceLinkUrl;_InitializeAzureReposGitSourceLinkUrl;_InitializeBitbucketGitSourceLinkUrl" (önceki değer: ";_InitializeGitHubSourceLinkUrl;_InitializeGitLabSourceLinkUrl;_InitializeAzureReposGitSourceLinkUrl") konum: C:\Program Files\dotnet\sdk\10.0.200-preview.0.26103.119\Sdks\Microsoft.SourceLink.Bitbucket.Git\build\Microsoft.SourceLink.Bitbucket.Git.targets (12,5)
       C:\Program Files\dotnet\sdk\10.0.200-preview.0.26103.119\Sdks\Microsoft.SourceLink.Bitbucket.Git\build\Microsoft.SourceLink.Bitbucket.Git.targets(13,5): message : Özellik yeniden ataması: $(SourceControlManagerUrlTranslationTargets)=";TranslateGitHubUrlsInSourceControlInformation;TranslateGitLabUrlsInSourceControlInformation;TranslateAzureReposGitUrlsInSourceControlInformation;TranslateBitbucketGitUrlsInSourceControlInformation" (önceki değer: ";TranslateGitHubUrlsInSourceControlInformation;TranslateGitLabUrlsInSourceControlInformation;TranslateAzureReposGitUrlsInSourceControlInformation") konum: C:\Program Files\dotnet\sdk\10.0.200-preview.0.26103.119\Sdks\Microsoft.SourceLink.Bitbucket.Git\build\Microsoft.SourceLink.Bitbucket.Git.targets (13,5)
       C:\Program Files\dotnet\sdk\10.0.200-preview.0.26103.119\Sdks\Microsoft.NET.Sdk\targets\Microsoft.NET.DesignerSupport.targets(21,5): message : Özellik yeniden ataması: $(DesignerRuntimeImplementationProjectOutputGroupDependsOn)="
       C:\Program Files\dotnet\sdk\10.0.200-preview.0.26103.119\Sdks\Microsoft.NET.Sdk\targets\Microsoft.NET.DesignerSupport.targets(21,5): message :       
       C:\Program Files\dotnet\sdk\10.0.200-preview.0.26103.119\Sdks\Microsoft.NET.Sdk\targets\Microsoft.NET.DesignerSupport.targets(21,5): message :       ;
       C:\Program Files\dotnet\sdk\10.0.200-preview.0.26103.119\Sdks\Microsoft.NET.Sdk\targets\Microsoft.NET.DesignerSupport.targets(21,5): message :       
       C:\Program Files\dotnet\sdk\10.0.200-preview.0.26103.119\Sdks\Microsoft.NET.Sdk\targets\Microsoft.NET.DesignerSupport.targets(21,5): message :       ;
       C:\Program Files\dotnet\sdk\10.0.200-preview.0.26103.119\Sdks\Microsoft.NET.Sdk\targets\Microsoft.NET.DesignerSupport.targets(21,5): message :       BuildOnlySettings;
       C:\Program Files\dotnet\sdk\10.0.200-preview.0.26103.119\Sdks\Microsoft.NET.Sdk\targets\Microsoft.NET.DesignerSupport.targets(21,5): message :       PrepareForBuild;
       C:\Program Files\dotnet\sdk\10.0.200-preview.0.26103.119\Sdks\Microsoft.NET.Sdk\targets\Microsoft.NET.DesignerSupport.targets(21,5): message :       AssignTargetPaths;
       C:\Program Files\dotnet\sdk\10.0.200-preview.0.26103.119\Sdks\Microsoft.NET.Sdk\targets\Microsoft.NET.DesignerSupport.targets(21,5): message :       ResolveReferences
       C:\Program Files\dotnet\sdk\10.0.200-preview.0.26103.119\Sdks\Microsoft.NET.Sdk\targets\Microsoft.NET.DesignerSupport.targets(21,5): message :     
       C:\Program Files\dotnet\sdk\10.0.200-preview.0.26103.119\Sdks\Microsoft.NET.Sdk\targets\Microsoft.NET.DesignerSupport.targets(21,5): message :     ;
       C:\Program Files\dotnet\sdk\10.0.200-preview.0.26103.119\Sdks\Microsoft.NET.Sdk\targets\Microsoft.NET.DesignerSupport.targets(21,5): message :       _GenerateDesignerDepsFile;
       C:\Program Files\dotnet\sdk\10.0.200-preview.0.26103.119\Sdks\Microsoft.NET.Sdk\targets\Microsoft.NET.DesignerSupport.targets(21,5): message :       _GenerateDesignerRuntimeConfigFile;
       C:\Program Files\dotnet\sdk\10.0.200-preview.0.26103.119\Sdks\Microsoft.NET.Sdk\targets\Microsoft.NET.DesignerSupport.targets(21,5): message :       GetCopyToOutputDirectoryItems;
       C:\Program Files\dotnet\sdk\10.0.200-preview.0.26103.119\Sdks\Microsoft.NET.Sdk\targets\Microsoft.NET.DesignerSupport.targets(21,5): message :       _GatherDesignerShadowCopyFiles;
       C:\Program Files\dotnet\sdk\10.0.200-preview.0.26103.119\Sdks\Microsoft.NET.Sdk\targets\Microsoft.NET.DesignerSupport.targets(21,5): message :     " (önceki değer: "
       C:\Program Files\dotnet\sdk\10.0.200-preview.0.26103.119\Sdks\Microsoft.NET.Sdk\targets\Microsoft.NET.DesignerSupport.targets(21,5): message :       ;
       C:\Program Files\dotnet\sdk\10.0.200-preview.0.26103.119\Sdks\Microsoft.NET.Sdk\targets\Microsoft.NET.DesignerSupport.targets(21,5): message :       
       C:\Program Files\dotnet\sdk\10.0.200-preview.0.26103.119\Sdks\Microsoft.NET.Sdk\targets\Microsoft.NET.DesignerSupport.targets(21,5): message :       ;
       C:\Program Files\dotnet\sdk\10.0.200-preview.0.26103.119\Sdks\Microsoft.NET.Sdk\targets\Microsoft.NET.DesignerSupport.targets(21,5): message :       BuildOnlySettings;
       C:\Program Files\dotnet\sdk\10.0.200-preview.0.26103.119\Sdks\Microsoft.NET.Sdk\targets\Microsoft.NET.DesignerSupport.targets(21,5): message :       PrepareForBuild;
       C:\Program Files\dotnet\sdk\10.0.200-preview.0.26103.119\Sdks\Microsoft.NET.Sdk\targets\Microsoft.NET.DesignerSupport.targets(21,5): message :       AssignTargetPaths;
       C:\Program Files\dotnet\sdk\10.0.200-preview.0.26103.119\Sdks\Microsoft.NET.Sdk\targets\Microsoft.NET.DesignerSupport.targets(21,5): message :       ResolveReferences
       C:\Program Files\dotnet\sdk\10.0.200-preview.0.26103.119\Sdks\Microsoft.NET.Sdk\targets\Microsoft.NET.DesignerSupport.targets(21,5): message :     
       C:\Program Files\dotnet\sdk\10.0.200-preview.0.26103.119\Sdks\Microsoft.NET.Sdk\targets\Microsoft.NET.DesignerSupport.targets(21,5): message :     ") konum: C:\Program Files\dotnet\sdk\10.0.200-preview.0.26103.119\Sdks\Microsoft.NET.Sdk\targets\Microsoft.NET.DesignerSupport.targets (21,5)
       C:\Program Files\dotnet\sdk\10.0.200-preview.0.26103.119\Sdks\Microsoft.NET.Sdk\targets\Microsoft.NET.Sdk.CSharp.targets(31,5): message : Özellik yeniden ataması: $(DefineConstants)="TRACE;DEBUG" (önceki değer: "TRACE") konum: C:\Program Files\dotnet\sdk\10.0.200-preview.0.26103.119\Sdks\Microsoft.NET.Sdk\targets\Microsoft.NET.Sdk.CSharp.targets (31,5)
       C:\Program Files\dotnet\sdk\10.0.200-preview.0.26103.119\Sdks\Microsoft.NET.Sdk\targets\Microsoft.NET.Sdk.CSharp.targets(45,5): message : Özellik yeniden ataması: $(WarningsAsErrors)=";NU1605;SYSLIB0011" (önceki değer: ";NU1605") konum: C:\Program Files\dotnet\sdk\10.0.200-preview.0.26103.119\Sdks\Microsoft.NET.Sdk\targets\Microsoft.NET.Sdk.CSharp.targets (45,5)
       C:\Program Files\dotnet\sdk\10.0.200-preview.0.26103.119\NuGet.Build.Tasks.Pack.targets(34,5): message : Özellik yeniden ataması: $(PackageDescription)="Package Description" (önceki değer: "") konum: C:\Program Files\dotnet\sdk\10.0.200-preview.0.26103.119\NuGet.Build.Tasks.Pack.targets (34,5)
       C:\Program Files\dotnet\sdk\10.0.200-preview.0.26103.119\NuGet.Build.Tasks.Pack.targets(59,5): message : Özellik yeniden ataması: $(GenerateNuspecDependsOn)="Build;_LoadPackInputItems; _GetTargetFrameworksOutput; _WalkEachTargetPerFramework; _GetPackageFiles; " (önceki değer: "_LoadPackInputItems; _GetTargetFrameworksOutput; _WalkEachTargetPerFramework; _GetPackageFiles; ") konum: C:\Program Files\dotnet\sdk\10.0.200-preview.0.26103.119\NuGet.Build.Tasks.Pack.targets (59,5)
       C:\Program Files\dotnet\sdk\10.0.200-preview.0.26103.119\Sdks\Microsoft.NET.Sdk\Sdk\Sdk.targets(59,5): message : Özellik yeniden ataması: $(_IsNotSetContainersTargetsDir)="true" (önceki değer: "false") konum: C:\Program Files\dotnet\sdk\10.0.200-preview.0.26103.119\Sdks\Microsoft.NET.Sdk\Sdk\Sdk.targets (59,5)
       C:\Program Files\dotnet\sdk\10.0.200-preview.0.26103.119\Containers\build\Microsoft.NET.Build.Containers.targets(5,5): message : Özellik yeniden ataması: $(_IsSDKContainerAllowedVersion)="true" (önceki değer: "false") konum: C:\Program Files\dotnet\sdk\10.0.200-preview.0.26103.119\Containers\build\Microsoft.NET.Build.Containers.targets (5,5)
       C:\Program Files\dotnet\sdk\10.0.200-preview.0.26103.119\Containers\build\Microsoft.NET.Build.Containers.targets(15,5): message : Özellik yeniden ataması: $(_ContainerIsTargetingNet8TFM)="true" (önceki değer: "false") konum: C:\Program Files\dotnet\sdk\10.0.200-preview.0.26103.119\Containers\build\Microsoft.NET.Build.Containers.targets (15,5)
       "C:\Program Files\dotnet\sdk\10.0.200-preview.0.26103.119\Sdks\Microsoft.NET.Sdk\targets\Microsoft.NET.Sdk.FrameworkReferenceResolution.targets" projesindeki "ResolveFrameworkReferences" hedefi kullanılarak "C:\Program Files\dotnet\sdk\10.0.200-preview.0.26103.119\Microsoft.Common.CurrentVersion.targets" projesindeki "ResolveFrameworkReferences" hedefinin üzerine yazılıyor.
       "C:\Program Files\dotnet\sdk\10.0.200-preview.0.26103.119\Sdks\Microsoft.NET.Sdk\targets\Microsoft.NET.Sdk.targets" projesindeki "GenerateSupportedTargetFrameworkAlias" hedefi kullanılarak "C:\Program Files\dotnet\sdk\10.0.200-preview.0.26103.119\Microsoft.Common.CurrentVersion.targets" projesindeki "GenerateSupportedTargetFrameworkAlias" hedefinin üzerine yazılıyor.
       "C:\Program Files\dotnet\sdk\10.0.200-preview.0.26103.119\Sdks\Microsoft.NET.Sdk\targets\Microsoft.NET.DisableStandardFrameworkResolution.targets" projesindeki "GetReferenceAssemblyPaths" hedefi kullanılarak "C:\Program Files\dotnet\sdk\10.0.200-preview.0.26103.119\Microsoft.Common.CurrentVersion.targets" projesindeki "GetReferenceAssemblyPaths" hedefinin üzerine yazılıyor.
       "C:\Program Files\dotnet\sdk\10.0.200-preview.0.26103.119\Sdks\Microsoft.NET.Sdk\targets\Microsoft.NET.DisableStandardFrameworkResolution.targets" projesindeki "GetFrameworkPaths" hedefi kullanılarak "C:\Program Files\dotnet\sdk\10.0.200-preview.0.26103.119\Microsoft.Common.CurrentVersion.targets" projesindeki "GetFrameworkPaths" hedefinin üzerine yazılıyor.
       "C:\Program Files\dotnet\sdk\10.0.200-preview.0.26103.119\Sdks\Microsoft.NET.Sdk\targets\Microsoft.NET.DesignerSupport.targets" projesindeki "DesignerRuntimeImplementationProjectOutputGroup" hedefi kullanılarak "C:\Program Files\dotnet\sdk\10.0.200-preview.0.26103.119\Microsoft.Common.CurrentVersion.targets" projesindeki "DesignerRuntimeImplementationProjectOutputGroup" hedefinin üzerine yazılıyor.
       "C:\Program Files\dotnet\sdk\10.0.200-preview.0.26103.119\Sdks\Microsoft.NET.Sdk\targets\Microsoft.NET.Publish.targets" projesindeki "Publish" hedefi kullanılarak "C:\Program Files\dotnet\sdk\10.0.200-preview.0.26103.119\Microsoft.Common.CurrentVersion.targets" projesindeki "Publish" hedefinin üzerine yazılıyor.
       "C:\Program Files\dotnet\sdk\10.0.200-preview.0.26103.119\Sdks\Microsoft.NET.Sdk\targets\Microsoft.NET.Publish.targets" projesindeki "ResolveReadyToRunCompilers" hedefi kullanılarak "C:\Program Files\dotnet\sdk\10.0.200-preview.0.26103.119\Sdks\Microsoft.NET.Sdk\targets\Microsoft.NET.CrossGen.targets" projesindeki "ResolveReadyToRunCompilers" hedefinin üzerine yazılıyor.
       "C:\Program Files\dotnet\sdk\10.0.200-preview.0.26103.119\Sdks\Microsoft.NET.Sdk\targets\Microsoft.NET.Publish.targets" projesindeki "GetCopyToPublishDirectoryItems" hedefi kullanılarak "C:\Program Files\dotnet\sdk\10.0.200-preview.0.26103.119\Microsoft.Common.CurrentVersion.targets" projesindeki "GetCopyToPublishDirectoryItems" hedefinin üzerine yazılıyor.
       "C:\Program Files\dotnet\sdk\10.0.200-preview.0.26103.119\Sdks\Microsoft.NET.Sdk\targets\Microsoft.NET.Sdk.targets" projesindeki "Run" hedefi kullanılarak "C:\Program Files\dotnet\sdk\10.0.200-preview.0.26103.119\Microsoft.Common.CurrentVersion.targets" projesindeki "Run" hedefinin üzerine yazılıyor.
     1>1 düğümünde "c:\Users\ilhan\source\repos\StudyBuddy\StudyBuddy\Buddy.Application\Buddy.Application.csproj" projesi (Restore hedef).
     1>"c:\Users\ilhan\source\repos\StudyBuddy\StudyBuddy\Buddy.Application\Buddy.Application.csproj" projesinin "C:\Program Files\dotnet\sdk\10.0.200-preview.0.26103.119\NuGet.targets" dosyasındaki "_LoadRestoreGraphEntryPoints" hedefi ("_FilterRestoreGraphProjectInputItems" hedefi buna bağımlı):
     1>"Buddy.Application.csproj" projesinde "_LoadRestoreGraphEntryPoints" hedefini oluşturma tamamlandı.
     1>"c:\Users\ilhan\source\repos\StudyBuddy\StudyBuddy\Buddy.Application\Buddy.Application.csproj" projesinin "C:\Program Files\dotnet\sdk\10.0.200-preview.0.26103.119\NuGet.targets" dosyasındaki "_FilterRestoreGraphProjectInputItems" hedefi ("_GenerateRestoreGraph" hedefi buna bağımlı):
       "Microsoft.Build.Tasks.Core, Version=15.1.0.0, Culture=neutral, PublicKeyToken=b03f5f7f11d50a3a" derlemesindeki "RemoveDuplicates" görevi kullanılıyor.
       "RemoveDuplicates" görevi
       "RemoveDuplicates" görevini yürütme tamamlandı.
       "Microsoft.Build.Tasks.Core, Version=15.1.0.0, Culture=neutral, PublicKeyToken=b03f5f7f11d50a3a" derlemesindeki "MSBuild" görevi kullanılıyor.
       "MSBuild" görevi
         Genel Özellikler:
           ExcludeRestorePackageImports=true
     0>C:\Program Files\dotnet\sdk\10.0.200-preview.0.26103.119\Sdks\Microsoft.NET.Sdk\Sdk\Sdk.props(49,11): message : 'C:\Program Files\dotnet\sdk\10.0.200-preview.0.26103.119\' değerine sahip 'MSBuildExtensionsPath' özelliği ortamdan genişletildi.
       C:\Program Files\dotnet\sdk\10.0.200-preview.0.26103.119\Current\Microsoft.Common.props(60,5): message : Özellik yeniden ataması: $(MSBuildProjectExtensionsPath)="c:\Users\ilhan\source\repos\StudyBuddy\StudyBuddy\Buddy.Application\obj\" (önceki değer: "obj\") konum: C:\Program Files\dotnet\sdk\10.0.200-preview.0.26103.119\Current\Microsoft.Common.props (60,5)
       C:\Program Files\dotnet\sdk\10.0.200-preview.0.26103.119\Current\Microsoft.Common.props(84,119): message : 'C:\Users\ilhan\AppData\Local\Microsoft\MSBuild' değerine sahip 'MSBuildUserExtensionsPath' özelliği ortamdan genişletildi.
       C:\Program Files\dotnet\sdk\10.0.200-preview.0.26103.119\Sdks\Microsoft.NET.Sdk\targets\Microsoft.NET.Sdk.props(90,5): message : Özellik yeniden ataması: $(AssemblySearchPaths)="{CandidateAssemblyFiles};{HintPathFromItem}" (önceki değer: "{CandidateAssemblyFiles}") konum: C:\Program Files\dotnet\sdk\10.0.200-preview.0.26103.119\Sdks\Microsoft.NET.Sdk\targets\Microsoft.NET.Sdk.props (90,5)
       C:\Program Files\dotnet\sdk\10.0.200-preview.0.26103.119\Sdks\Microsoft.NET.Sdk\targets\Microsoft.NET.Sdk.props(91,5): message : Özellik yeniden ataması: $(AssemblySearchPaths)="{CandidateAssemblyFiles};{HintPathFromItem};{TargetFrameworkDirectory}" (önceki değer: "{CandidateAssemblyFiles};{HintPathFromItem}") konum: C:\Program Files\dotnet\sdk\10.0.200-preview.0.26103.119\Sdks\Microsoft.NET.Sdk\targets\Microsoft.NET.Sdk.props (91,5)
       C:\Program Files\dotnet\sdk\10.0.200-preview.0.26103.119\Sdks\Microsoft.NET.Sdk\targets\Microsoft.NET.Sdk.props(92,5): message : Özellik yeniden ataması: $(AssemblySearchPaths)="{CandidateAssemblyFiles};{HintPathFromItem};{TargetFrameworkDirectory};{RawFileName}" (önceki değer: "{CandidateAssemblyFiles};{HintPathFromItem};{TargetFrameworkDirectory}") konum: C:\Program Files\dotnet\sdk\10.0.200-preview.0.26103.119\Sdks\Microsoft.NET.Sdk\targets\Microsoft.NET.Sdk.props (92,5)
       C:\Program Files\dotnet\sdk\10.0.200-preview.0.26103.119\Sdks\Microsoft.NET.Sdk\targets\Microsoft.NET.Sdk.ImportPublishProfile.targets(28,5): message : Özellik yeniden ataması: $(PublishProfileImported)="false" (önceki değer: "true") konum: C:\Program Files\dotnet\sdk\10.0.200-preview.0.26103.119\Sdks\Microsoft.NET.Sdk\targets\Microsoft.NET.Sdk.ImportPublishProfile.targets (28,5)
       C:\Program Files\dotnet\sdk\10.0.200-preview.0.26103.119\Sdks\Microsoft.NET.Sdk\targets\Microsoft.NET.TargetFrameworkInference.targets(81,5): message : Özellik yeniden ataması: $(TargetPlatformVersion)="" (önceki değer: "0.0") konum: C:\Program Files\dotnet\sdk\10.0.200-preview.0.26103.119\Sdks\Microsoft.NET.Sdk\targets\Microsoft.NET.TargetFrameworkInference.targets (81,5)
       C:\Program Files\dotnet\sdk\10.0.200-preview.0.26103.119\Sdks\Microsoft.NET.Sdk\targets\Microsoft.NET.DefaultOutputPaths.targets(127,5): message : Özellik yeniden ataması: $(DefaultItemExcludes)=";bin\Debug\/**;obj\Debug\/**" (önceki değer: ";bin\Debug\/**") konum: C:\Program Files\dotnet\sdk\10.0.200-preview.0.26103.119\Sdks\Microsoft.NET.Sdk\targets\Microsoft.NET.DefaultOutputPaths.targets (127,5)
       C:\Program Files\dotnet\sdk\10.0.200-preview.0.26103.119\Sdks\Microsoft.NET.Sdk\targets\Microsoft.NET.DefaultOutputPaths.targets(142,5): message : Özellik yeniden ataması: $(OutputPath)="bin\Debug\net10.0\" (önceki değer: "bin\Debug\") konum: C:\Program Files\dotnet\sdk\10.0.200-preview.0.26103.119\Sdks\Microsoft.NET.Sdk\targets\Microsoft.NET.DefaultOutputPaths.targets (142,5)
       C:\Program Files\dotnet\sdk\10.0.200-preview.0.26103.119\Sdks\Microsoft.NET.Sdk\targets\Microsoft.NET.DefaultOutputPaths.targets(147,5): message : Özellik yeniden ataması: $(IntermediateOutputPath)="obj\Debug\net10.0\" (önceki değer: "obj\Debug\") konum: C:\Program Files\dotnet\sdk\10.0.200-preview.0.26103.119\Sdks\Microsoft.NET.Sdk\targets\Microsoft.NET.DefaultOutputPaths.targets (147,5)
       C:\Program Files\dotnet\sdk\10.0.200-preview.0.26103.119\Sdks\Microsoft.NET.Sdk\targets\Microsoft.NET.Sdk.BeforeCommon.targets(379,5): message : Özellik yeniden ataması: $(RoslynTargetsPath)="C:\Program Files\dotnet\sdk\10.0.200-preview.0.26103.119\Sdks\Microsoft.NET.Sdk\targets\..\..\..\Roslyn" (önceki değer: "C:\Program Files\dotnet\sdk\10.0.200-preview.0.26103.119\Roslyn") konum: C:\Program Files\dotnet\sdk\10.0.200-preview.0.26103.119\Sdks\Microsoft.NET.Sdk\targets\Microsoft.NET.Sdk.BeforeCommon.targets (379,5)
       C:\Program Files\dotnet\sdk\10.0.200-preview.0.26103.119\Roslyn\Microsoft.Managed.Core.targets(6,5): message : Özellik yeniden ataması: $(_BuildTasksDirectory)="C:\Program Files\dotnet\sdk\10.0.200-preview.0.26103.119\Sdks\Microsoft.NET.Sdk\targets\..\..\..\Roslyn\" (önceki değer: "C:\Program Files\dotnet\sdk\10.0.200-preview.0.26103.119\Roslyn\") konum: C:\Program Files\dotnet\sdk\10.0.200-preview.0.26103.119\Roslyn\Microsoft.Managed.Core.targets (6,5)
       C:\Program Files\dotnet\sdk\10.0.200-preview.0.26103.119\Roslyn\Microsoft.CSharp.Core.targets(205,5): message : Özellik yeniden ataması: $(CommandLineArgsForDesignTimeEvaluation)="-langversion:14.0 -define:TRACE" (önceki değer: "-langversion:14.0") konum: C:\Program Files\dotnet\sdk\10.0.200-preview.0.26103.119\Roslyn\Microsoft.CSharp.Core.targets (205,5)
       C:\Program Files\dotnet\sdk\10.0.200-preview.0.26103.119\Microsoft.Common.CurrentVersion.targets(175,5): message : Özellik yeniden ataması: $(_DebugSymbolsProduced)="true" (önceki değer: "false") konum: C:\Program Files\dotnet\sdk\10.0.200-preview.0.26103.119\Microsoft.Common.CurrentVersion.targets (175,5)
       C:\Program Files\dotnet\sdk\10.0.200-preview.0.26103.119\Microsoft.Common.CurrentVersion.targets(185,5): message : Özellik yeniden ataması: $(_DocumentationFileProduced)="false" (önceki değer: "true") konum: C:\Program Files\dotnet\sdk\10.0.200-preview.0.26103.119\Microsoft.Common.CurrentVersion.targets (185,5)
       C:\Program Files\dotnet\sdk\10.0.200-preview.0.26103.119\Microsoft.Common.CurrentVersion.targets(392,5): message : Özellik yeniden ataması: $(MSBuildCopyMarkerName)="Buddy.Ap.A84E4F72" (önceki değer: "Buddy.Application.csproj") konum: C:\Program Files\dotnet\sdk\10.0.200-preview.0.26103.119\Microsoft.Common.CurrentVersion.targets (392,5)
       C:\Program Files\dotnet\sdk\10.0.200-preview.0.26103.119\Microsoft.Common.CurrentVersion.targets(393,5): message : Özellik yeniden ataması: $(MSBuildCopyMarkerName)="Buddy.Ap.A84E4F72.Up2Date" (önceki değer: "Buddy.Ap.A84E4F72") konum: C:\Program Files\dotnet\sdk\10.0.200-preview.0.26103.119\Microsoft.Common.CurrentVersion.targets (393,5)
       C:\Program Files\dotnet\sdk\10.0.200-preview.0.26103.119\Microsoft.Common.CurrentVersion.targets(541,5): message : Özellik yeniden ataması: $(ProcessorArchitecture)="msil" (önceki değer: "") konum: C:\Program Files\dotnet\sdk\10.0.200-preview.0.26103.119\Microsoft.Common.CurrentVersion.targets (541,5)
       C:\Program Files\dotnet\sdk\10.0.200-preview.0.26103.119\Microsoft.Common.CurrentVersion.targets(580,5): message : Özellik yeniden ataması: $(DelaySign)="" (önceki değer: "false") konum: C:\Program Files\dotnet\sdk\10.0.200-preview.0.26103.119\Microsoft.Common.CurrentVersion.targets (580,5)
       C:\Program Files\dotnet\sdk\10.0.200-preview.0.26103.119\Microsoft.Common.CurrentVersion.targets(2620,5): message : 'C:\Users\ilhan\AppData\Local' değerine sahip 'LOCALAPPDATA' özelliği ortamdan genişletildi.
       C:\Program Files\dotnet\sdk\10.0.200-preview.0.26103.119\Microsoft.Common.CurrentVersion.targets(3948,5): message : Özellik yeniden ataması: $(_SGenGenerateSerializationAssembliesConfig)="Auto" (önceki değer: "") konum: C:\Program Files\dotnet\sdk\10.0.200-preview.0.26103.119\Microsoft.Common.CurrentVersion.targets (3948,5)
       C:\Program Files\dotnet\sdk\10.0.200-preview.0.26103.119\Microsoft.Common.CurrentVersion.targets(3949,5): message : Özellik yeniden ataması: $(_SGenGenerateSerializationAssembliesConfig)="Off" (önceki değer: "Auto") konum: C:\Program Files\dotnet\sdk\10.0.200-preview.0.26103.119\Microsoft.Common.CurrentVersion.targets (3949,5)
       C:\Program Files\dotnet\sdk\10.0.200-preview.0.26103.119\Microsoft.Common.CurrentVersion.targets(5160,5): message : Özellik yeniden ataması: $(_TargetsThatPrepareProjectReferences)="
       C:\Program Files\dotnet\sdk\10.0.200-preview.0.26103.119\Microsoft.Common.CurrentVersion.targets(5160,5): message :       AssignProjectConfiguration;
       C:\Program Files\dotnet\sdk\10.0.200-preview.0.26103.119\Microsoft.Common.CurrentVersion.targets(5160,5): message :       _SplitProjectReferencesByFileExistence
       C:\Program Files\dotnet\sdk\10.0.200-preview.0.26103.119\Microsoft.Common.CurrentVersion.targets(5160,5): message :     " (önceki değer: "_SplitProjectReferencesByFileExistence") konum: C:\Program Files\dotnet\sdk\10.0.200-preview.0.26103.119\Microsoft.Common.CurrentVersion.targets (5160,5)
       C:\Program Files\dotnet\sdk\10.0.200-preview.0.26103.119\Microsoft.Common.CurrentVersion.targets(6973,5): message : 'C:\Program Files\dotnet\sdk\10.0.200-preview.0.26103.119' değerine sahip 'MSBuildExtensionsPath32' özelliği ortamdan genişletildi.
       "NuGetInteractive" özelliği genel bir özelliktir ve değiştirilemez.
       C:\Program Files\dotnet\sdk\10.0.200-preview.0.26103.119\Sdks\Microsoft.NET.Sdk\targets\Microsoft.PackageDependencyResolution.targets(24,5): message : Özellik yeniden ataması: $(ProjectAssetsFile)="c:\Users\ilhan\source\repos\StudyBuddy\StudyBuddy\Buddy.Application\obj\project.assets.json" (önceki değer: "c:\Users\ilhan\source\repos\StudyBuddy\StudyBuddy\Buddy.Application\obj\/project.assets.json") konum: C:\Program Files\dotnet\sdk\10.0.200-preview.0.26103.119\Sdks\Microsoft.NET.Sdk\targets\Microsoft.PackageDependencyResolution.targets (24,5)
       C:\Program Files\dotnet\sdk\10.0.200-preview.0.26103.119\Sdks\Microsoft.NET.Sdk\targets\Microsoft.PackageDependencyResolution.targets(29,5): message : Özellik yeniden ataması: $(ProjectAssetsCacheFile)="c:\Users\ilhan\source\repos\StudyBuddy\StudyBuddy\Buddy.Application\obj\Debug\net10.0\Buddy.Application.assets.cache" (önceki değer: "obj\Debug\net10.0\Buddy.Application.assets.cache") konum: C:\Program Files\dotnet\sdk\10.0.200-preview.0.26103.119\Sdks\Microsoft.NET.Sdk\targets\Microsoft.PackageDependencyResolution.targets (29,5)
       C:\Program Files\dotnet\sdk\10.0.200-preview.0.26103.119\Sdks\Microsoft.NET.Sdk\targets\Microsoft.PackageDependencyResolution.targets(80,5): message : Özellik yeniden ataması: $(ResolveAssemblyReferencesDependsOn)="
       C:\Program Files\dotnet\sdk\10.0.200-preview.0.26103.119\Sdks\Microsoft.NET.Sdk\targets\Microsoft.PackageDependencyResolution.targets(80,5): message :       
       C:\Program Files\dotnet\sdk\10.0.200-preview.0.26103.119\Sdks\Microsoft.NET.Sdk\targets\Microsoft.PackageDependencyResolution.targets(80,5): message :       ResolveProjectReferences;
       C:\Program Files\dotnet\sdk\10.0.200-preview.0.26103.119\Sdks\Microsoft.NET.Sdk\targets\Microsoft.PackageDependencyResolution.targets(80,5): message :       FindInvalidProjectReferences;
       C:\Program Files\dotnet\sdk\10.0.200-preview.0.26103.119\Sdks\Microsoft.NET.Sdk\targets\Microsoft.PackageDependencyResolution.targets(80,5): message :       GetFrameworkPaths;
       C:\Program Files\dotnet\sdk\10.0.200-preview.0.26103.119\Sdks\Microsoft.NET.Sdk\targets\Microsoft.PackageDependencyResolution.targets(80,5): message :       GetReferenceAssemblyPaths;
       C:\Program Files\dotnet\sdk\10.0.200-preview.0.26103.119\Sdks\Microsoft.NET.Sdk\targets\Microsoft.PackageDependencyResolution.targets(80,5): message :       PrepareForBuild;
       C:\Program Files\dotnet\sdk\10.0.200-preview.0.26103.119\Sdks\Microsoft.NET.Sdk\targets\Microsoft.PackageDependencyResolution.targets(80,5): message :       ResolveSDKReferences;
       C:\Program Files\dotnet\sdk\10.0.200-preview.0.26103.119\Sdks\Microsoft.NET.Sdk\targets\Microsoft.PackageDependencyResolution.targets(80,5): message :       ExpandSDKReferences;
       C:\Program Files\dotnet\sdk\10.0.200-preview.0.26103.119\Sdks\Microsoft.NET.Sdk\targets\Microsoft.PackageDependencyResolution.targets(80,5): message :     ;
       C:\Program Files\dotnet\sdk\10.0.200-preview.0.26103.119\Sdks\Microsoft.NET.Sdk\targets\Microsoft.PackageDependencyResolution.targets(80,5): message :       ResolvePackageDependenciesForBuild;
       C:\Program Files\dotnet\sdk\10.0.200-preview.0.26103.119\Sdks\Microsoft.NET.Sdk\targets\Microsoft.PackageDependencyResolution.targets(80,5): message :       _HandlePackageFileConflicts;
       C:\Program Files\dotnet\sdk\10.0.200-preview.0.26103.119\Sdks\Microsoft.NET.Sdk\targets\Microsoft.PackageDependencyResolution.targets(80,5): message :     " (önceki değer: "
       C:\Program Files\dotnet\sdk\10.0.200-preview.0.26103.119\Sdks\Microsoft.NET.Sdk\targets\Microsoft.PackageDependencyResolution.targets(80,5): message :       ResolveProjectReferences;
       C:\Program Files\dotnet\sdk\10.0.200-preview.0.26103.119\Sdks\Microsoft.NET.Sdk\targets\Microsoft.PackageDependencyResolution.targets(80,5): message :       FindInvalidProjectReferences;
       C:\Program Files\dotnet\sdk\10.0.200-preview.0.26103.119\Sdks\Microsoft.NET.Sdk\targets\Microsoft.PackageDependencyResolution.targets(80,5): message :       GetFrameworkPaths;
       C:\Program Files\dotnet\sdk\10.0.200-preview.0.26103.119\Sdks\Microsoft.NET.Sdk\targets\Microsoft.PackageDependencyResolution.targets(80,5): message :       GetReferenceAssemblyPaths;
       C:\Program Files\dotnet\sdk\10.0.200-preview.0.26103.119\Sdks\Microsoft.NET.Sdk\targets\Microsoft.PackageDependencyResolution.targets(80,5): message :       PrepareForBuild;
       C:\Program Files\dotnet\sdk\10.0.200-preview.0.26103.119\Sdks\Microsoft.NET.Sdk\targets\Microsoft.PackageDependencyResolution.targets(80,5): message :       ResolveSDKReferences;
       C:\Program Files\dotnet\sdk\10.0.200-preview.0.26103.119\Sdks\Microsoft.NET.Sdk\targets\Microsoft.PackageDependencyResolution.targets(80,5): message :       ExpandSDKReferences;
       C:\Program Files\dotnet\sdk\10.0.200-preview.0.26103.119\Sdks\Microsoft.NET.Sdk\targets\Microsoft.PackageDependencyResolution.targets(80,5): message :     ") konum: C:\Program Files\dotnet\sdk\10.0.200-preview.0.26103.119\Sdks\Microsoft.NET.Sdk\targets\Microsoft.PackageDependencyResolution.targets (80,5)
       C:\Program Files\dotnet\sdk\10.0.200-preview.0.26103.119\Sdks\Microsoft.NET.Sdk\targets\Microsoft.PackageDependencyResolution.targets(86,5): message : Özellik yeniden ataması: $(PrepareResourcesDependsOn)="
       C:\Program Files\dotnet\sdk\10.0.200-preview.0.26103.119\Sdks\Microsoft.NET.Sdk\targets\Microsoft.PackageDependencyResolution.targets(86,5): message :       ResolvePackageDependenciesForBuild;
       C:\Program Files\dotnet\sdk\10.0.200-preview.0.26103.119\Sdks\Microsoft.NET.Sdk\targets\Microsoft.PackageDependencyResolution.targets(86,5): message :       _HandlePackageFileConflicts;
       C:\Program Files\dotnet\sdk\10.0.200-preview.0.26103.119\Sdks\Microsoft.NET.Sdk\targets\Microsoft.PackageDependencyResolution.targets(86,5): message :       
       C:\Program Files\dotnet\sdk\10.0.200-preview.0.26103.119\Sdks\Microsoft.NET.Sdk\targets\Microsoft.PackageDependencyResolution.targets(86,5): message :       ;
       C:\Program Files\dotnet\sdk\10.0.200-preview.0.26103.119\Sdks\Microsoft.NET.Sdk\targets\Microsoft.PackageDependencyResolution.targets(86,5): message :       PrepareResourceNames;
       C:\Program Files\dotnet\sdk\10.0.200-preview.0.26103.119\Sdks\Microsoft.NET.Sdk\targets\Microsoft.PackageDependencyResolution.targets(86,5): message :       ResGen;
       C:\Program Files\dotnet\sdk\10.0.200-preview.0.26103.119\Sdks\Microsoft.NET.Sdk\targets\Microsoft.PackageDependencyResolution.targets(86,5): message :       CompileLicxFiles
       C:\Program Files\dotnet\sdk\10.0.200-preview.0.26103.119\Sdks\Microsoft.NET.Sdk\targets\Microsoft.PackageDependencyResolution.targets(86,5): message :     
       C:\Program Files\dotnet\sdk\10.0.200-preview.0.26103.119\Sdks\Microsoft.NET.Sdk\targets\Microsoft.PackageDependencyResolution.targets(86,5): message :     " (önceki değer: "
       C:\Program Files\dotnet\sdk\10.0.200-preview.0.26103.119\Sdks\Microsoft.NET.Sdk\targets\Microsoft.PackageDependencyResolution.targets(86,5): message :       ;
       C:\Program Files\dotnet\sdk\10.0.200-preview.0.26103.119\Sdks\Microsoft.NET.Sdk\targets\Microsoft.PackageDependencyResolution.targets(86,5): message :       PrepareResourceNames;
       C:\Program Files\dotnet\sdk\10.0.200-preview.0.26103.119\Sdks\Microsoft.NET.Sdk\targets\Microsoft.PackageDependencyResolution.targets(86,5): message :       ResGen;
       C:\Program Files\dotnet\sdk\10.0.200-preview.0.26103.119\Sdks\Microsoft.NET.Sdk\targets\Microsoft.PackageDependencyResolution.targets(86,5): message :       CompileLicxFiles
       C:\Program Files\dotnet\sdk\10.0.200-preview.0.26103.119\Sdks\Microsoft.NET.Sdk\targets\Microsoft.PackageDependencyResolution.targets(86,5): message :     ") konum: C:\Program Files\dotnet\sdk\10.0.200-preview.0.26103.119\Sdks\Microsoft.NET.Sdk\targets\Microsoft.PackageDependencyResolution.targets (86,5)
       "EnableDefaultCompileItems" özelliği genel bir özelliktir ve değiştirilemez.
       "EnableDefaultEmbeddedResourceItems" özelliği genel bir özelliktir ve değiştirilemez.
       "EnableDefaultNoneItems" özelliği genel bir özelliktir ve değiştirilemez.
       C:\Program Files\dotnet\sdk\10.0.200-preview.0.26103.119\Sdks\Microsoft.NET.Sdk\targets\Microsoft.NET.Sdk.DefaultItems.targets(35,5): message : Özellik yeniden ataması: $(DefaultItemExcludes)=";bin\Debug\/**;obj\Debug\/**;bin\/**" (önceki değer: ";bin\Debug\/**;obj\Debug\/**") konum: C:\Program Files\dotnet\sdk\10.0.200-preview.0.26103.119\Sdks\Microsoft.NET.Sdk\targets\Microsoft.NET.Sdk.DefaultItems.targets (35,5)
       C:\Program Files\dotnet\sdk\10.0.200-preview.0.26103.119\Sdks\Microsoft.NET.Sdk\targets\Microsoft.NET.Sdk.DefaultItems.targets(37,5): message : Özellik yeniden ataması: $(DefaultItemExcludes)=";bin\Debug\/**;obj\Debug\/**;bin\/**;obj\/**" (önceki değer: ";bin\Debug\/**;obj\Debug\/**;bin\/**") konum: C:\Program Files\dotnet\sdk\10.0.200-preview.0.26103.119\Sdks\Microsoft.NET.Sdk\targets\Microsoft.NET.Sdk.DefaultItems.targets (37,5)
       C:\Program Files\dotnet\sdk\10.0.200-preview.0.26103.119\Sdks\Microsoft.NET.Sdk\targets\Microsoft.NET.Sdk.DefaultItems.targets(41,5): message : Özellik yeniden ataması: $(DefaultItemExcludes)=";bin\Debug\/**;obj\Debug\/**;bin\/**;obj\/**;bin\Debug\net10.0\publish\/**" (önceki değer: ";bin\Debug\/**;obj\Debug\/**;bin\/**;obj\/**") konum: C:\Program Files\dotnet\sdk\10.0.200-preview.0.26103.119\Sdks\Microsoft.NET.Sdk\targets\Microsoft.NET.Sdk.DefaultItems.targets (41,5)
       C:\Program Files\dotnet\sdk\10.0.200-preview.0.26103.119\Sdks\Microsoft.NET.Sdk\targets\Microsoft.NET.Sdk.DefaultItems.targets(44,5): message : Özellik yeniden ataması: $(DefaultItemExcludes)=";bin\Debug\/**;obj\Debug\/**;bin\/**;obj\/**;bin\Debug\net10.0\publish\/**;**/*.user" (önceki değer: ";bin\Debug\/**;obj\Debug\/**;bin\/**;obj\/**;bin\Debug\net10.0\publish\/**") konum: C:\Program Files\dotnet\sdk\10.0.200-preview.0.26103.119\Sdks\Microsoft.NET.Sdk\targets\Microsoft.NET.Sdk.DefaultItems.targets (44,5)
       C:\Program Files\dotnet\sdk\10.0.200-preview.0.26103.119\Sdks\Microsoft.NET.Sdk\targets\Microsoft.NET.Sdk.DefaultItems.targets(45,5): message : Özellik yeniden ataması: $(DefaultItemExcludes)=";bin\Debug\/**;obj\Debug\/**;bin\/**;obj\/**;bin\Debug\net10.0\publish\/**;**/*.user;**/*.*proj" (önceki değer: ";bin\Debug\/**;obj\Debug\/**;bin\/**;obj\/**;bin\Debug\net10.0\publish\/**;**/*.user") konum: C:\Program Files\dotnet\sdk\10.0.200-preview.0.26103.119\Sdks\Microsoft.NET.Sdk\targets\Microsoft.NET.Sdk.DefaultItems.targets (45,5)
       C:\Program Files\dotnet\sdk\10.0.200-preview.0.26103.119\Sdks\Microsoft.NET.Sdk\targets\Microsoft.NET.Sdk.DefaultItems.targets(46,5): message : Özellik yeniden ataması: $(DefaultItemExcludes)=";bin\Debug\/**;obj\Debug\/**;bin\/**;obj\/**;bin\Debug\net10.0\publish\/**;**/*.user;**/*.*proj;**/*.sln" (önceki değer: ";bin\Debug\/**;obj\Debug\/**;bin\/**;obj\/**;bin\Debug\net10.0\publish\/**;**/*.user;**/*.*proj") konum: C:\Program Files\dotnet\sdk\10.0.200-preview.0.26103.119\Sdks\Microsoft.NET.Sdk\targets\Microsoft.NET.Sdk.DefaultItems.targets (46,5)
       C:\Program Files\dotnet\sdk\10.0.200-preview.0.26103.119\Sdks\Microsoft.NET.Sdk\targets\Microsoft.NET.Sdk.DefaultItems.targets(47,5): message : Özellik yeniden ataması: $(DefaultItemExcludes)=";bin\Debug\/**;obj\Debug\/**;bin\/**;obj\/**;bin\Debug\net10.0\publish\/**;**/*.user;**/*.*proj;**/*.sln;**/*.slnx" (önceki değer: ";bin\Debug\/**;obj\Debug\/**;bin\/**;obj\/**;bin\Debug\net10.0\publish\/**;**/*.user;**/*.*proj;**/*.sln") konum: C:\Program Files\dotnet\sdk\10.0.200-preview.0.26103.119\Sdks\Microsoft.NET.Sdk\targets\Microsoft.NET.Sdk.DefaultItems.targets (47,5)
       C:\Program Files\dotnet\sdk\10.0.200-preview.0.26103.119\Sdks\Microsoft.NET.Sdk\targets\Microsoft.NET.Sdk.DefaultItems.targets(48,5): message : Özellik yeniden ataması: $(DefaultItemExcludes)=";bin\Debug\/**;obj\Debug\/**;bin\/**;obj\/**;bin\Debug\net10.0\publish\/**;**/*.user;**/*.*proj;**/*.sln;**/*.slnx;**/*.vssscc" (önceki değer: ";bin\Debug\/**;obj\Debug\/**;bin\/**;obj\/**;bin\Debug\net10.0\publish\/**;**/*.user;**/*.*proj;**/*.sln;**/*.slnx") konum: C:\Program Files\dotnet\sdk\10.0.200-preview.0.26103.119\Sdks\Microsoft.NET.Sdk\targets\Microsoft.NET.Sdk.DefaultItems.targets (48,5)
       C:\Program Files\dotnet\sdk\10.0.200-preview.0.26103.119\Sdks\Microsoft.NET.Sdk\targets\Microsoft.NET.Sdk.DefaultItems.targets(49,5): message : Özellik yeniden ataması: $(DefaultItemExcludes)=";bin\Debug\/**;obj\Debug\/**;bin\/**;obj\/**;bin\Debug\net10.0\publish\/**;**/*.user;**/*.*proj;**/*.sln;**/*.slnx;**/*.vssscc;**/.DS_Store" (önceki değer: ";bin\Debug\/**;obj\Debug\/**;bin\/**;obj\/**;bin\Debug\net10.0\publish\/**;**/*.user;**/*.*proj;**/*.sln;**/*.slnx;**/*.vssscc") konum: C:\Program Files\dotnet\sdk\10.0.200-preview.0.26103.119\Sdks\Microsoft.NET.Sdk\targets\Microsoft.NET.Sdk.DefaultItems.targets (49,5)
       C:\Program Files\dotnet\sdk\10.0.200-preview.0.26103.119\Sdks\Microsoft.NET.Sdk\targets\Microsoft.NET.Sdk.FrameworkReferenceResolution.targets(14,5): message : Özellik yeniden ataması: $(ResolveAssemblyReferencesDependsOn)="
       C:\Program Files\dotnet\sdk\10.0.200-preview.0.26103.119\Sdks\Microsoft.NET.Sdk\targets\Microsoft.NET.Sdk.FrameworkReferenceResolution.targets(14,5): message :       
       C:\Program Files\dotnet\sdk\10.0.200-preview.0.26103.119\Sdks\Microsoft.NET.Sdk\targets\Microsoft.NET.Sdk.FrameworkReferenceResolution.targets(14,5): message :       
       C:\Program Files\dotnet\sdk\10.0.200-preview.0.26103.119\Sdks\Microsoft.NET.Sdk\targets\Microsoft.NET.Sdk.FrameworkReferenceResolution.targets(14,5): message :       ResolveProjectReferences;
       C:\Program Files\dotnet\sdk\10.0.200-preview.0.26103.119\Sdks\Microsoft.NET.Sdk\targets\Microsoft.NET.Sdk.FrameworkReferenceResolution.targets(14,5): message :       FindInvalidProjectReferences;
       C:\Program Files\dotnet\sdk\10.0.200-preview.0.26103.119\Sdks\Microsoft.NET.Sdk\targets\Microsoft.NET.Sdk.FrameworkReferenceResolution.targets(14,5): message :       GetFrameworkPaths;
       C:\Program Files\dotnet\sdk\10.0.200-preview.0.26103.119\Sdks\Microsoft.NET.Sdk\targets\Microsoft.NET.Sdk.FrameworkReferenceResolution.targets(14,5): message :       GetReferenceAssemblyPaths;
       C:\Program Files\dotnet\sdk\10.0.200-preview.0.26103.119\Sdks\Microsoft.NET.Sdk\targets\Microsoft.NET.Sdk.FrameworkReferenceResolution.targets(14,5): message :       PrepareForBuild;
       C:\Program Files\dotnet\sdk\10.0.200-preview.0.26103.119\Sdks\Microsoft.NET.Sdk\targets\Microsoft.NET.Sdk.FrameworkReferenceResolution.targets(14,5): message :       ResolveSDKReferences;
       C:\Program Files\dotnet\sdk\10.0.200-preview.0.26103.119\Sdks\Microsoft.NET.Sdk\targets\Microsoft.NET.Sdk.FrameworkReferenceResolution.targets(14,5): message :       ExpandSDKReferences;
       C:\Program Files\dotnet\sdk\10.0.200-preview.0.26103.119\Sdks\Microsoft.NET.Sdk\targets\Microsoft.NET.Sdk.FrameworkReferenceResolution.targets(14,5): message :     ;
       C:\Program Files\dotnet\sdk\10.0.200-preview.0.26103.119\Sdks\Microsoft.NET.Sdk\targets\Microsoft.NET.Sdk.FrameworkReferenceResolution.targets(14,5): message :       ResolvePackageDependenciesForBuild;
       C:\Program Files\dotnet\sdk\10.0.200-preview.0.26103.119\Sdks\Microsoft.NET.Sdk\targets\Microsoft.NET.Sdk.FrameworkReferenceResolution.targets(14,5): message :       _HandlePackageFileConflicts;
       C:\Program Files\dotnet\sdk\10.0.200-preview.0.26103.119\Sdks\Microsoft.NET.Sdk\targets\Microsoft.NET.Sdk.FrameworkReferenceResolution.targets(14,5): message :     ;
       C:\Program Files\dotnet\sdk\10.0.200-preview.0.26103.119\Sdks\Microsoft.NET.Sdk\targets\Microsoft.NET.Sdk.FrameworkReferenceResolution.targets(14,5): message :       ResolveTargetingPackAssets;
       C:\Program Files\dotnet\sdk\10.0.200-preview.0.26103.119\Sdks\Microsoft.NET.Sdk\targets\Microsoft.NET.Sdk.FrameworkReferenceResolution.targets(14,5): message :     " (önceki değer: "
       C:\Program Files\dotnet\sdk\10.0.200-preview.0.26103.119\Sdks\Microsoft.NET.Sdk\targets\Microsoft.NET.Sdk.FrameworkReferenceResolution.targets(14,5): message :       
       C:\Program Files\dotnet\sdk\10.0.200-preview.0.26103.119\Sdks\Microsoft.NET.Sdk\targets\Microsoft.NET.Sdk.FrameworkReferenceResolution.targets(14,5): message :       ResolveProjectReferences;
       C:\Program Files\dotnet\sdk\10.0.200-preview.0.26103.119\Sdks\Microsoft.NET.Sdk\targets\Microsoft.NET.Sdk.FrameworkReferenceResolution.targets(14,5): message :       FindInvalidProjectReferences;
       C:\Program Files\dotnet\sdk\10.0.200-preview.0.26103.119\Sdks\Microsoft.NET.Sdk\targets\Microsoft.NET.Sdk.FrameworkReferenceResolution.targets(14,5): message :       GetFrameworkPaths;
       C:\Program Files\dotnet\sdk\10.0.200-preview.0.26103.119\Sdks\Microsoft.NET.Sdk\targets\Microsoft.NET.Sdk.FrameworkReferenceResolution.targets(14,5): message :       GetReferenceAssemblyPaths;
       C:\Program Files\dotnet\sdk\10.0.200-preview.0.26103.119\Sdks\Microsoft.NET.Sdk\targets\Microsoft.NET.Sdk.FrameworkReferenceResolution.targets(14,5): message :       PrepareForBuild;
       C:\Program Files\dotnet\sdk\10.0.200-preview.0.26103.119\Sdks\Microsoft.NET.Sdk\targets\Microsoft.NET.Sdk.FrameworkReferenceResolution.targets(14,5): message :       ResolveSDKReferences;
       C:\Program Files\dotnet\sdk\10.0.200-preview.0.26103.119\Sdks\Microsoft.NET.Sdk\targets\Microsoft.NET.Sdk.FrameworkReferenceResolution.targets(14,5): message :       ExpandSDKReferences;
       C:\Program Files\dotnet\sdk\10.0.200-preview.0.26103.119\Sdks\Microsoft.NET.Sdk\targets\Microsoft.NET.Sdk.FrameworkReferenceResolution.targets(14,5): message :     ;
       C:\Program Files\dotnet\sdk\10.0.200-preview.0.26103.119\Sdks\Microsoft.NET.Sdk\targets\Microsoft.NET.Sdk.FrameworkReferenceResolution.targets(14,5): message :       ResolvePackageDependenciesForBuild;
       C:\Program Files\dotnet\sdk\10.0.200-preview.0.26103.119\Sdks\Microsoft.NET.Sdk\targets\Microsoft.NET.Sdk.FrameworkReferenceResolution.targets(14,5): message :       _HandlePackageFileConflicts;
       C:\Program Files\dotnet\sdk\10.0.200-preview.0.26103.119\Sdks\Microsoft.NET.Sdk\targets\Microsoft.NET.Sdk.FrameworkReferenceResolution.targets(14,5): message :     ") konum: C:\Program Files\dotnet\sdk\10.0.200-preview.0.26103.119\Sdks\Microsoft.NET.Sdk\targets\Microsoft.NET.Sdk.FrameworkReferenceResolution.targets (14,5)
       C:\Program Files\dotnet\sdk\10.0.200-preview.0.26103.119\Sdks\Microsoft.NET.Sdk\targets\Microsoft.NET.Sdk.targets(44,5): message : Özellik yeniden ataması: $(_GenerateRuntimeConfigurationPropertyInputsCache)="c:\Users\ilhan\source\repos\StudyBuddy\StudyBuddy\Buddy.Application\obj\Debug\net10.0\Buddy.Application.genruntimeconfig.cache" (önceki değer: "obj\Debug\net10.0\Buddy.Application.genruntimeconfig.cache") konum: C:\Program Files\dotnet\sdk\10.0.200-preview.0.26103.119\Sdks\Microsoft.NET.Sdk\targets\Microsoft.NET.Sdk.targets (44,5)
       C:\Program Files\dotnet\sdk\10.0.200-preview.0.26103.119\Sdks\Microsoft.NET.Sdk\targets\Microsoft.NET.Sdk.targets(46,5): message : Özellik yeniden ataması: $(_GeneratePublishDependencyFilePropertyInputsCache)="c:\Users\ilhan\source\repos\StudyBuddy\StudyBuddy\Buddy.Application\obj\Debug\net10.0\Buddy.Application.genpublishdeps.cache" (önceki değer: "obj\Debug\net10.0\Buddy.Application.genpublishdeps.cache") konum: C:\Program Files\dotnet\sdk\10.0.200-preview.0.26103.119\Sdks\Microsoft.NET.Sdk\targets\Microsoft.NET.Sdk.targets (46,5)
       C:\Program Files\dotnet\sdk\10.0.200-preview.0.26103.119\Sdks\Microsoft.NET.Sdk\targets\Microsoft.NET.Sdk.targets(48,5): message : Özellik yeniden ataması: $(_GenerateSingleFileBundlePropertyInputsCache)="c:\Users\ilhan\source\repos\StudyBuddy\StudyBuddy\Buddy.Application\obj\Debug\net10.0\Buddy.Application.genbundle.cache" (önceki değer: "obj\Debug\net10.0\Buddy.Application.genbundle.cache") konum: C:\Program Files\dotnet\sdk\10.0.200-preview.0.26103.119\Sdks\Microsoft.NET.Sdk\targets\Microsoft.NET.Sdk.targets (48,5)
       C:\Program Files\dotnet\sdk\10.0.200-preview.0.26103.119\Sdks\Microsoft.NET.Sdk\targets\Microsoft.NET.Sdk.targets(81,5): message : Özellik yeniden ataması: $(GenerateRuntimeConfigDevFile)="false" (önceki değer: "true") konum: C:\Program Files\dotnet\sdk\10.0.200-preview.0.26103.119\Sdks\Microsoft.NET.Sdk\targets\Microsoft.NET.Sdk.targets (81,5)
       C:\Program Files\dotnet\sdk\10.0.200-preview.0.26103.119\Sdks\Microsoft.NET.Sdk\targets\Microsoft.NET.Sdk.targets(98,5): message : 'C:\Users\ilhan' değerine sahip 'USERPROFILE' özelliği ortamdan genişletildi.
       C:\Program Files\dotnet\sdk\10.0.200-preview.0.26103.119\Sdks\Microsoft.NET.Sdk\targets\Microsoft.NET.Sdk.targets(98,5): message : Özellik yeniden ataması: $(_DefaultUserProfileRuntimeStorePath)="C:\Users\ilhan" (önceki değer: "") konum: C:\Program Files\dotnet\sdk\10.0.200-preview.0.26103.119\Sdks\Microsoft.NET.Sdk\targets\Microsoft.NET.Sdk.targets (98,5)
       C:\Program Files\dotnet\sdk\10.0.200-preview.0.26103.119\Sdks\Microsoft.NET.Sdk\targets\Microsoft.NET.Sdk.targets(99,5): message : Özellik yeniden ataması: $(_DefaultUserProfileRuntimeStorePath)="C:\Users\ilhan\.dotnet\store" (önceki değer: "C:\Users\ilhan") konum: C:\Program Files\dotnet\sdk\10.0.200-preview.0.26103.119\Sdks\Microsoft.NET.Sdk\targets\Microsoft.NET.Sdk.targets (99,5)
       C:\Program Files\dotnet\sdk\10.0.200-preview.0.26103.119\Sdks\Microsoft.NET.Sdk\targets\Microsoft.NET.Sdk.targets(144,5): message : Özellik yeniden ataması: $(AvailablePlatforms)="Any CPU,x86,x64,ARM32" (önceki değer: "Any CPU,x86,x64") konum: C:\Program Files\dotnet\sdk\10.0.200-preview.0.26103.119\Sdks\Microsoft.NET.Sdk\targets\Microsoft.NET.Sdk.targets (144,5)
       C:\Program Files\dotnet\sdk\10.0.200-preview.0.26103.119\Sdks\Microsoft.NET.Sdk\targets\Microsoft.NET.Sdk.targets(148,5): message : Özellik yeniden ataması: $(AvailablePlatforms)="Any CPU,x86,x64,ARM32,ARM64" (önceki değer: "Any CPU,x86,x64,ARM32") konum: C:\Program Files\dotnet\sdk\10.0.200-preview.0.26103.119\Sdks\Microsoft.NET.Sdk\targets\Microsoft.NET.Sdk.targets (148,5)
       C:\Program Files\dotnet\sdk\10.0.200-preview.0.26103.119\Sdks\Microsoft.NET.Sdk\targets\Microsoft.NET.Sdk.targets(204,5): message : Özellik yeniden ataması: $(CoreBuildDependsOn)="
       C:\Program Files\dotnet\sdk\10.0.200-preview.0.26103.119\Sdks\Microsoft.NET.Sdk\targets\Microsoft.NET.Sdk.targets(204,5): message :       _CheckForBuildWithNoBuild;
       C:\Program Files\dotnet\sdk\10.0.200-preview.0.26103.119\Sdks\Microsoft.NET.Sdk\targets\Microsoft.NET.Sdk.targets(204,5): message :       
       C:\Program Files\dotnet\sdk\10.0.200-preview.0.26103.119\Sdks\Microsoft.NET.Sdk\targets\Microsoft.NET.Sdk.targets(204,5): message :       BuildOnlySettings;
       C:\Program Files\dotnet\sdk\10.0.200-preview.0.26103.119\Sdks\Microsoft.NET.Sdk\targets\Microsoft.NET.Sdk.targets(204,5): message :       PrepareForBuild;
       C:\Program Files\dotnet\sdk\10.0.200-preview.0.26103.119\Sdks\Microsoft.NET.Sdk\targets\Microsoft.NET.Sdk.targets(204,5): message :       PreBuildEvent;
       C:\Program Files\dotnet\sdk\10.0.200-preview.0.26103.119\Sdks\Microsoft.NET.Sdk\targets\Microsoft.NET.Sdk.targets(204,5): message :       ResolveReferences;
       C:\Program Files\dotnet\sdk\10.0.200-preview.0.26103.119\Sdks\Microsoft.NET.Sdk\targets\Microsoft.NET.Sdk.targets(204,5): message :       PrepareResources;
       C:\Program Files\dotnet\sdk\10.0.200-preview.0.26103.119\Sdks\Microsoft.NET.Sdk\targets\Microsoft.NET.Sdk.targets(204,5): message :       ResolveKeySource;
       C:\Program Files\dotnet\sdk\10.0.200-preview.0.26103.119\Sdks\Microsoft.NET.Sdk\targets\Microsoft.NET.Sdk.targets(204,5): message :       Compile;
       C:\Program Files\dotnet\sdk\10.0.200-preview.0.26103.119\Sdks\Microsoft.NET.Sdk\targets\Microsoft.NET.Sdk.targets(204,5): message :       ExportWindowsMDFile;
       C:\Program Files\dotnet\sdk\10.0.200-preview.0.26103.119\Sdks\Microsoft.NET.Sdk\targets\Microsoft.NET.Sdk.targets(204,5): message :       UnmanagedUnregistration;
       C:\Program Files\dotnet\sdk\10.0.200-preview.0.26103.119\Sdks\Microsoft.NET.Sdk\targets\Microsoft.NET.Sdk.targets(204,5): message :       GenerateSerializationAssemblies;
       C:\Program Files\dotnet\sdk\10.0.200-preview.0.26103.119\Sdks\Microsoft.NET.Sdk\targets\Microsoft.NET.Sdk.targets(204,5): message :       CreateSatelliteAssemblies;
       C:\Program Files\dotnet\sdk\10.0.200-preview.0.26103.119\Sdks\Microsoft.NET.Sdk\targets\Microsoft.NET.Sdk.targets(204,5): message :       GenerateManifests;
       C:\Program Files\dotnet\sdk\10.0.200-preview.0.26103.119\Sdks\Microsoft.NET.Sdk\targets\Microsoft.NET.Sdk.targets(204,5): message :       GetTargetPath;
       C:\Program Files\dotnet\sdk\10.0.200-preview.0.26103.119\Sdks\Microsoft.NET.Sdk\targets\Microsoft.NET.Sdk.targets(204,5): message :       PrepareForRun;
       C:\Program Files\dotnet\sdk\10.0.200-preview.0.26103.119\Sdks\Microsoft.NET.Sdk\targets\Microsoft.NET.Sdk.targets(204,5): message :       UnmanagedRegistration;
       C:\Program Files\dotnet\sdk\10.0.200-preview.0.26103.119\Sdks\Microsoft.NET.Sdk\targets\Microsoft.NET.Sdk.targets(204,5): message :       IncrementalClean;
       C:\Program Files\dotnet\sdk\10.0.200-preview.0.26103.119\Sdks\Microsoft.NET.Sdk\targets\Microsoft.NET.Sdk.targets(204,5): message :       PostBuildEvent
       C:\Program Files\dotnet\sdk\10.0.200-preview.0.26103.119\Sdks\Microsoft.NET.Sdk\targets\Microsoft.NET.Sdk.targets(204,5): message :     ;
       C:\Program Files\dotnet\sdk\10.0.200-preview.0.26103.119\Sdks\Microsoft.NET.Sdk\targets\Microsoft.NET.Sdk.targets(204,5): message :       GenerateBuildDependencyFile;
       C:\Program Files\dotnet\sdk\10.0.200-preview.0.26103.119\Sdks\Microsoft.NET.Sdk\targets\Microsoft.NET.Sdk.targets(204,5): message :       GenerateBuildRuntimeConfigurationFiles
       C:\Program Files\dotnet\sdk\10.0.200-preview.0.26103.119\Sdks\Microsoft.NET.Sdk\targets\Microsoft.NET.Sdk.targets(204,5): message :     " (önceki değer: "
       C:\Program Files\dotnet\sdk\10.0.200-preview.0.26103.119\Sdks\Microsoft.NET.Sdk\targets\Microsoft.NET.Sdk.targets(204,5): message :       BuildOnlySettings;
       C:\Program Files\dotnet\sdk\10.0.200-preview.0.26103.119\Sdks\Microsoft.NET.Sdk\targets\Microsoft.NET.Sdk.targets(204,5): message :       PrepareForBuild;
       C:\Program Files\dotnet\sdk\10.0.200-preview.0.26103.119\Sdks\Microsoft.NET.Sdk\targets\Microsoft.NET.Sdk.targets(204,5): message :       PreBuildEvent;
       C:\Program Files\dotnet\sdk\10.0.200-preview.0.26103.119\Sdks\Microsoft.NET.Sdk\targets\Microsoft.NET.Sdk.targets(204,5): message :       ResolveReferences;
       C:\Program Files\dotnet\sdk\10.0.200-preview.0.26103.119\Sdks\Microsoft.NET.Sdk\targets\Microsoft.NET.Sdk.targets(204,5): message :       PrepareResources;
       C:\Program Files\dotnet\sdk\10.0.200-preview.0.26103.119\Sdks\Microsoft.NET.Sdk\targets\Microsoft.NET.Sdk.targets(204,5): message :       ResolveKeySource;
       C:\Program Files\dotnet\sdk\10.0.200-preview.0.26103.119\Sdks\Microsoft.NET.Sdk\targets\Microsoft.NET.Sdk.targets(204,5): message :       Compile;
       C:\Program Files\dotnet\sdk\10.0.200-preview.0.26103.119\Sdks\Microsoft.NET.Sdk\targets\Microsoft.NET.Sdk.targets(204,5): message :       ExportWindowsMDFile;
       C:\Program Files\dotnet\sdk\10.0.200-preview.0.26103.119\Sdks\Microsoft.NET.Sdk\targets\Microsoft.NET.Sdk.targets(204,5): message :       UnmanagedUnregistration;
       C:\Program Files\dotnet\sdk\10.0.200-preview.0.26103.119\Sdks\Microsoft.NET.Sdk\targets\Microsoft.NET.Sdk.targets(204,5): message :       GenerateSerializationAssemblies;
       C:\Program Files\dotnet\sdk\10.0.200-preview.0.26103.119\Sdks\Microsoft.NET.Sdk\targets\Microsoft.NET.Sdk.targets(204,5): message :       CreateSatelliteAssemblies;
       C:\Program Files\dotnet\sdk\10.0.200-preview.0.26103.119\Sdks\Microsoft.NET.Sdk\targets\Microsoft.NET.Sdk.targets(204,5): message :       GenerateManifests;
       C:\Program Files\dotnet\sdk\10.0.200-preview.0.26103.119\Sdks\Microsoft.NET.Sdk\targets\Microsoft.NET.Sdk.targets(204,5): message :       GetTargetPath;
       C:\Program Files\dotnet\sdk\10.0.200-preview.0.26103.119\Sdks\Microsoft.NET.Sdk\targets\Microsoft.NET.Sdk.targets(204,5): message :       PrepareForRun;
       C:\Program Files\dotnet\sdk\10.0.200-preview.0.26103.119\Sdks\Microsoft.NET.Sdk\targets\Microsoft.NET.Sdk.targets(204,5): message :       UnmanagedRegistration;
       C:\Program Files\dotnet\sdk\10.0.200-preview.0.26103.119\Sdks\Microsoft.NET.Sdk\targets\Microsoft.NET.Sdk.targets(204,5): message :       IncrementalClean;
       C:\Program Files\dotnet\sdk\10.0.200-preview.0.26103.119\Sdks\Microsoft.NET.Sdk\targets\Microsoft.NET.Sdk.targets(204,5): message :       PostBuildEvent
       C:\Program Files\dotnet\sdk\10.0.200-preview.0.26103.119\Sdks\Microsoft.NET.Sdk\targets\Microsoft.NET.Sdk.targets(204,5): message :     ") konum: C:\Program Files\dotnet\sdk\10.0.200-preview.0.26103.119\Sdks\Microsoft.NET.Sdk\targets\Microsoft.NET.Sdk.targets (204,5)
       C:\Program Files\dotnet\sdk\10.0.200-preview.0.26103.119\Sdks\Microsoft.NET.Sdk\targets\Microsoft.NET.Sdk.targets(213,5): message : Özellik yeniden ataması: $(CoreCleanDependsOn)="
       C:\Program Files\dotnet\sdk\10.0.200-preview.0.26103.119\Sdks\Microsoft.NET.Sdk\targets\Microsoft.NET.Sdk.targets(213,5): message :       _SdkBeforeClean;
       C:\Program Files\dotnet\sdk\10.0.200-preview.0.26103.119\Sdks\Microsoft.NET.Sdk\targets\Microsoft.NET.Sdk.targets(213,5): message :       
       C:\Program Files\dotnet\sdk\10.0.200-preview.0.26103.119\Sdks\Microsoft.NET.Sdk\targets\Microsoft.NET.Sdk.targets(213,5): message :     " (önceki değer: "") konum: C:\Program Files\dotnet\sdk\10.0.200-preview.0.26103.119\Sdks\Microsoft.NET.Sdk\targets\Microsoft.NET.Sdk.targets (213,5)
       C:\Program Files\dotnet\sdk\10.0.200-preview.0.26103.119\Sdks\Microsoft.NET.Sdk\targets\Microsoft.NET.Sdk.targets(220,5): message : Özellik yeniden ataması: $(RebuildDependsOn)="
       C:\Program Files\dotnet\sdk\10.0.200-preview.0.26103.119\Sdks\Microsoft.NET.Sdk\targets\Microsoft.NET.Sdk.targets(220,5): message :       _SdkBeforeRebuild;
       C:\Program Files\dotnet\sdk\10.0.200-preview.0.26103.119\Sdks\Microsoft.NET.Sdk\targets\Microsoft.NET.Sdk.targets(220,5): message :       
       C:\Program Files\dotnet\sdk\10.0.200-preview.0.26103.119\Sdks\Microsoft.NET.Sdk\targets\Microsoft.NET.Sdk.targets(220,5): message :       BeforeRebuild;
       C:\Program Files\dotnet\sdk\10.0.200-preview.0.26103.119\Sdks\Microsoft.NET.Sdk\targets\Microsoft.NET.Sdk.targets(220,5): message :       Clean;
       C:\Program Files\dotnet\sdk\10.0.200-preview.0.26103.119\Sdks\Microsoft.NET.Sdk\targets\Microsoft.NET.Sdk.targets(220,5): message :       Build;
       C:\Program Files\dotnet\sdk\10.0.200-preview.0.26103.119\Sdks\Microsoft.NET.Sdk\targets\Microsoft.NET.Sdk.targets(220,5): message :       AfterRebuild;
       C:\Program Files\dotnet\sdk\10.0.200-preview.0.26103.119\Sdks\Microsoft.NET.Sdk\targets\Microsoft.NET.Sdk.targets(220,5): message :     
       C:\Program Files\dotnet\sdk\10.0.200-preview.0.26103.119\Sdks\Microsoft.NET.Sdk\targets\Microsoft.NET.Sdk.targets(220,5): message :     " (önceki değer: "
       C:\Program Files\dotnet\sdk\10.0.200-preview.0.26103.119\Sdks\Microsoft.NET.Sdk\targets\Microsoft.NET.Sdk.targets(220,5): message :       BeforeRebuild;
       C:\Program Files\dotnet\sdk\10.0.200-preview.0.26103.119\Sdks\Microsoft.NET.Sdk\targets\Microsoft.NET.Sdk.targets(220,5): message :       Clean;
       C:\Program Files\dotnet\sdk\10.0.200-preview.0.26103.119\Sdks\Microsoft.NET.Sdk\targets\Microsoft.NET.Sdk.targets(220,5): message :       Build;
       C:\Program Files\dotnet\sdk\10.0.200-preview.0.26103.119\Sdks\Microsoft.NET.Sdk\targets\Microsoft.NET.Sdk.targets(220,5): message :       AfterRebuild;
       C:\Program Files\dotnet\sdk\10.0.200-preview.0.26103.119\Sdks\Microsoft.NET.Sdk\targets\Microsoft.NET.Sdk.targets(220,5): message :     ") konum: C:\Program Files\dotnet\sdk\10.0.200-preview.0.26103.119\Sdks\Microsoft.NET.Sdk\targets\Microsoft.NET.Sdk.targets (220,5)
       C:\Program Files\dotnet\sdk\10.0.200-preview.0.26103.119\Sdks\Microsoft.NET.Sdk\targets\Microsoft.NET.Sdk.targets(799,5): message : Özellik yeniden ataması: $(CompileDependsOn)="
       C:\Program Files\dotnet\sdk\10.0.200-preview.0.26103.119\Sdks\Microsoft.NET.Sdk\targets\Microsoft.NET.Sdk.targets(799,5): message :       
       C:\Program Files\dotnet\sdk\10.0.200-preview.0.26103.119\Sdks\Microsoft.NET.Sdk\targets\Microsoft.NET.Sdk.targets(799,5): message :       ResolveReferences;
       C:\Program Files\dotnet\sdk\10.0.200-preview.0.26103.119\Sdks\Microsoft.NET.Sdk\targets\Microsoft.NET.Sdk.targets(799,5): message :       ResolveKeySource;
       C:\Program Files\dotnet\sdk\10.0.200-preview.0.26103.119\Sdks\Microsoft.NET.Sdk\targets\Microsoft.NET.Sdk.targets(799,5): message :       SetWin32ManifestProperties;
       C:\Program Files\dotnet\sdk\10.0.200-preview.0.26103.119\Sdks\Microsoft.NET.Sdk\targets\Microsoft.NET.Sdk.targets(799,5): message :       _SetPreferNativeArm64Win32ManifestProperties;
       C:\Program Files\dotnet\sdk\10.0.200-preview.0.26103.119\Sdks\Microsoft.NET.Sdk\targets\Microsoft.NET.Sdk.targets(799,5): message :       FindReferenceAssembliesForReferences;
       C:\Program Files\dotnet\sdk\10.0.200-preview.0.26103.119\Sdks\Microsoft.NET.Sdk\targets\Microsoft.NET.Sdk.targets(799,5): message :       _GenerateCompileInputs;
       C:\Program Files\dotnet\sdk\10.0.200-preview.0.26103.119\Sdks\Microsoft.NET.Sdk\targets\Microsoft.NET.Sdk.targets(799,5): message :       BeforeCompile;
       C:\Program Files\dotnet\sdk\10.0.200-preview.0.26103.119\Sdks\Microsoft.NET.Sdk\targets\Microsoft.NET.Sdk.targets(799,5): message :       _TimeStampBeforeCompile;
       C:\Program Files\dotnet\sdk\10.0.200-preview.0.26103.119\Sdks\Microsoft.NET.Sdk\targets\Microsoft.NET.Sdk.targets(799,5): message :       _GenerateCompileDependencyCache;
       C:\Program Files\dotnet\sdk\10.0.200-preview.0.26103.119\Sdks\Microsoft.NET.Sdk\targets\Microsoft.NET.Sdk.targets(799,5): message :       CoreCompile;
       C:\Program Files\dotnet\sdk\10.0.200-preview.0.26103.119\Sdks\Microsoft.NET.Sdk\targets\Microsoft.NET.Sdk.targets(799,5): message :       _TimeStampAfterCompile;
       C:\Program Files\dotnet\sdk\10.0.200-preview.0.26103.119\Sdks\Microsoft.NET.Sdk\targets\Microsoft.NET.Sdk.targets(799,5): message :       AfterCompile;
       C:\Program Files\dotnet\sdk\10.0.200-preview.0.26103.119\Sdks\Microsoft.NET.Sdk\targets\Microsoft.NET.Sdk.targets(799,5): message :     ;
       C:\Program Files\dotnet\sdk\10.0.200-preview.0.26103.119\Sdks\Microsoft.NET.Sdk\targets\Microsoft.NET.Sdk.targets(799,5): message :       _CreateAppHost;
       C:\Program Files\dotnet\sdk\10.0.200-preview.0.26103.119\Sdks\Microsoft.NET.Sdk\targets\Microsoft.NET.Sdk.targets(799,5): message :       _CreateComHost;
       C:\Program Files\dotnet\sdk\10.0.200-preview.0.26103.119\Sdks\Microsoft.NET.Sdk\targets\Microsoft.NET.Sdk.targets(799,5): message :       _GetIjwHostPaths;
       C:\Program Files\dotnet\sdk\10.0.200-preview.0.26103.119\Sdks\Microsoft.NET.Sdk\targets\Microsoft.NET.Sdk.targets(799,5): message :     " (önceki değer: "
       C:\Program Files\dotnet\sdk\10.0.200-preview.0.26103.119\Sdks\Microsoft.NET.Sdk\targets\Microsoft.NET.Sdk.targets(799,5): message :       ResolveReferences;
       C:\Program Files\dotnet\sdk\10.0.200-preview.0.26103.119\Sdks\Microsoft.NET.Sdk\targets\Microsoft.NET.Sdk.targets(799,5): message :       ResolveKeySource;
       C:\Program Files\dotnet\sdk\10.0.200-preview.0.26103.119\Sdks\Microsoft.NET.Sdk\targets\Microsoft.NET.Sdk.targets(799,5): message :       SetWin32ManifestProperties;
       C:\Program Files\dotnet\sdk\10.0.200-preview.0.26103.119\Sdks\Microsoft.NET.Sdk\targets\Microsoft.NET.Sdk.targets(799,5): message :       _SetPreferNativeArm64Win32ManifestProperties;
       C:\Program Files\dotnet\sdk\10.0.200-preview.0.26103.119\Sdks\Microsoft.NET.Sdk\targets\Microsoft.NET.Sdk.targets(799,5): message :       FindReferenceAssembliesForReferences;
       C:\Program Files\dotnet\sdk\10.0.200-preview.0.26103.119\Sdks\Microsoft.NET.Sdk\targets\Microsoft.NET.Sdk.targets(799,5): message :       _GenerateCompileInputs;
       C:\Program Files\dotnet\sdk\10.0.200-preview.0.26103.119\Sdks\Microsoft.NET.Sdk\targets\Microsoft.NET.Sdk.targets(799,5): message :       BeforeCompile;
       C:\Program Files\dotnet\sdk\10.0.200-preview.0.26103.119\Sdks\Microsoft.NET.Sdk\targets\Microsoft.NET.Sdk.targets(799,5): message :       _TimeStampBeforeCompile;
       C:\Program Files\dotnet\sdk\10.0.200-preview.0.26103.119\Sdks\Microsoft.NET.Sdk\targets\Microsoft.NET.Sdk.targets(799,5): message :       _GenerateCompileDependencyCache;
       C:\Program Files\dotnet\sdk\10.0.200-preview.0.26103.119\Sdks\Microsoft.NET.Sdk\targets\Microsoft.NET.Sdk.targets(799,5): message :       CoreCompile;
       C:\Program Files\dotnet\sdk\10.0.200-preview.0.26103.119\Sdks\Microsoft.NET.Sdk\targets\Microsoft.NET.Sdk.targets(799,5): message :       _TimeStampAfterCompile;
       C:\Program Files\dotnet\sdk\10.0.200-preview.0.26103.119\Sdks\Microsoft.NET.Sdk\targets\Microsoft.NET.Sdk.targets(799,5): message :       AfterCompile;
       C:\Program Files\dotnet\sdk\10.0.200-preview.0.26103.119\Sdks\Microsoft.NET.Sdk\targets\Microsoft.NET.Sdk.targets(799,5): message :     ") konum: C:\Program Files\dotnet\sdk\10.0.200-preview.0.26103.119\Sdks\Microsoft.NET.Sdk\targets\Microsoft.NET.Sdk.targets (799,5)
       C:\Program Files\dotnet\sdk\10.0.200-preview.0.26103.119\Sdks\Microsoft.NET.Sdk\targets\Microsoft.NET.Sdk.targets(1131,5): message : Özellik yeniden ataması: $(CreateSatelliteAssembliesDependsOn)="
       C:\Program Files\dotnet\sdk\10.0.200-preview.0.26103.119\Sdks\Microsoft.NET.Sdk\targets\Microsoft.NET.Sdk.targets(1131,5): message :       
       C:\Program Files\dotnet\sdk\10.0.200-preview.0.26103.119\Sdks\Microsoft.NET.Sdk\targets\Microsoft.NET.Sdk.targets(1131,5): message :       ;
       C:\Program Files\dotnet\sdk\10.0.200-preview.0.26103.119\Sdks\Microsoft.NET.Sdk\targets\Microsoft.NET.Sdk.targets(1131,5): message :       _GenerateSatelliteAssemblyInputs;
       C:\Program Files\dotnet\sdk\10.0.200-preview.0.26103.119\Sdks\Microsoft.NET.Sdk\targets\Microsoft.NET.Sdk.targets(1131,5): message :       ComputeIntermediateSatelliteAssemblies;
       C:\Program Files\dotnet\sdk\10.0.200-preview.0.26103.119\Sdks\Microsoft.NET.Sdk\targets\Microsoft.NET.Sdk.targets(1131,5): message :       GenerateSatelliteAssemblies
       C:\Program Files\dotnet\sdk\10.0.200-preview.0.26103.119\Sdks\Microsoft.NET.Sdk\targets\Microsoft.NET.Sdk.targets(1131,5): message :     ;
       C:\Program Files\dotnet\sdk\10.0.200-preview.0.26103.119\Sdks\Microsoft.NET.Sdk\targets\Microsoft.NET.Sdk.targets(1131,5): message :       CoreGenerateSatelliteAssemblies
       C:\Program Files\dotnet\sdk\10.0.200-preview.0.26103.119\Sdks\Microsoft.NET.Sdk\targets\Microsoft.NET.Sdk.targets(1131,5): message :     " (önceki değer: "
       C:\Program Files\dotnet\sdk\10.0.200-preview.0.26103.119\Sdks\Microsoft.NET.Sdk\targets\Microsoft.NET.Sdk.targets(1131,5): message :       ;
       C:\Program Files\dotnet\sdk\10.0.200-preview.0.26103.119\Sdks\Microsoft.NET.Sdk\targets\Microsoft.NET.Sdk.targets(1131,5): message :       _GenerateSatelliteAssemblyInputs;
       C:\Program Files\dotnet\sdk\10.0.200-preview.0.26103.119\Sdks\Microsoft.NET.Sdk\targets\Microsoft.NET.Sdk.targets(1131,5): message :       ComputeIntermediateSatelliteAssemblies;
       C:\Program Files\dotnet\sdk\10.0.200-preview.0.26103.119\Sdks\Microsoft.NET.Sdk\targets\Microsoft.NET.Sdk.targets(1131,5): message :       GenerateSatelliteAssemblies
       C:\Program Files\dotnet\sdk\10.0.200-preview.0.26103.119\Sdks\Microsoft.NET.Sdk\targets\Microsoft.NET.Sdk.targets(1131,5): message :     ") konum: C:\Program Files\dotnet\sdk\10.0.200-preview.0.26103.119\Sdks\Microsoft.NET.Sdk\targets\Microsoft.NET.Sdk.targets (1131,5)
       C:\Program Files\dotnet\sdk\10.0.200-preview.0.26103.119\Sdks\Microsoft.SourceLink.GitLab\build\Microsoft.SourceLink.GitLab.targets(12,5): message : Özellik yeniden ataması: $(SourceLinkUrlInitializerTargets)=";_InitializeGitHubSourceLinkUrl;_InitializeGitLabSourceLinkUrl" (önceki değer: ";_InitializeGitHubSourceLinkUrl") konum: C:\Program Files\dotnet\sdk\10.0.200-preview.0.26103.119\Sdks\Microsoft.SourceLink.GitLab\build\Microsoft.SourceLink.GitLab.targets (12,5)
       C:\Program Files\dotnet\sdk\10.0.200-preview.0.26103.119\Sdks\Microsoft.SourceLink.GitLab\build\Microsoft.SourceLink.GitLab.targets(13,5): message : Özellik yeniden ataması: $(SourceControlManagerUrlTranslationTargets)=";TranslateGitHubUrlsInSourceControlInformation;TranslateGitLabUrlsInSourceControlInformation" (önceki değer: ";TranslateGitHubUrlsInSourceControlInformation") konum: C:\Program Files\dotnet\sdk\10.0.200-preview.0.26103.119\Sdks\Microsoft.SourceLink.GitLab\build\Microsoft.SourceLink.GitLab.targets (13,5)
       C:\Program Files\dotnet\sdk\10.0.200-preview.0.26103.119\Sdks\Microsoft.SourceLink.AzureRepos.Git\build\Microsoft.SourceLink.AzureRepos.Git.targets(12,5): message : Özellik yeniden ataması: $(SourceLinkUrlInitializerTargets)=";_InitializeGitHubSourceLinkUrl;_InitializeGitLabSourceLinkUrl;_InitializeAzureReposGitSourceLinkUrl" (önceki değer: ";_InitializeGitHubSourceLinkUrl;_InitializeGitLabSourceLinkUrl") konum: C:\Program Files\dotnet\sdk\10.0.200-preview.0.26103.119\Sdks\Microsoft.SourceLink.AzureRepos.Git\build\Microsoft.SourceLink.AzureRepos.Git.targets (12,5)
       C:\Program Files\dotnet\sdk\10.0.200-preview.0.26103.119\Sdks\Microsoft.SourceLink.AzureRepos.Git\build\Microsoft.SourceLink.AzureRepos.Git.targets(13,5): message : Özellik yeniden ataması: $(SourceControlManagerUrlTranslationTargets)=";TranslateGitHubUrlsInSourceControlInformation;TranslateGitLabUrlsInSourceControlInformation;TranslateAzureReposGitUrlsInSourceControlInformation" (önceki değer: ";TranslateGitHubUrlsInSourceControlInformation;TranslateGitLabUrlsInSourceControlInformation") konum: C:\Program Files\dotnet\sdk\10.0.200-preview.0.26103.119\Sdks\Microsoft.SourceLink.AzureRepos.Git\build\Microsoft.SourceLink.AzureRepos.Git.targets (13,5)
       C:\Program Files\dotnet\sdk\10.0.200-preview.0.26103.119\Sdks\Microsoft.SourceLink.Bitbucket.Git\build\Microsoft.SourceLink.Bitbucket.Git.targets(12,5): message : Özellik yeniden ataması: $(SourceLinkUrlInitializerTargets)=";_InitializeGitHubSourceLinkUrl;_InitializeGitLabSourceLinkUrl;_InitializeAzureReposGitSourceLinkUrl;_InitializeBitbucketGitSourceLinkUrl" (önceki değer: ";_InitializeGitHubSourceLinkUrl;_InitializeGitLabSourceLinkUrl;_InitializeAzureReposGitSourceLinkUrl") konum: C:\Program Files\dotnet\sdk\10.0.200-preview.0.26103.119\Sdks\Microsoft.SourceLink.Bitbucket.Git\build\Microsoft.SourceLink.Bitbucket.Git.targets (12,5)
       C:\Program Files\dotnet\sdk\10.0.200-preview.0.26103.119\Sdks\Microsoft.SourceLink.Bitbucket.Git\build\Microsoft.SourceLink.Bitbucket.Git.targets(13,5): message : Özellik yeniden ataması: $(SourceControlManagerUrlTranslationTargets)=";TranslateGitHubUrlsInSourceControlInformation;TranslateGitLabUrlsInSourceControlInformation;TranslateAzureReposGitUrlsInSourceControlInformation;TranslateBitbucketGitUrlsInSourceControlInformation" (önceki değer: ";TranslateGitHubUrlsInSourceControlInformation;TranslateGitLabUrlsInSourceControlInformation;TranslateAzureReposGitUrlsInSourceControlInformation") konum: C:\Program Files\dotnet\sdk\10.0.200-preview.0.26103.119\Sdks\Microsoft.SourceLink.Bitbucket.Git\build\Microsoft.SourceLink.Bitbucket.Git.targets (13,5)
       C:\Program Files\dotnet\sdk\10.0.200-preview.0.26103.119\Sdks\Microsoft.NET.Sdk\targets\Microsoft.NET.DesignerSupport.targets(21,5): message : Özellik yeniden ataması: $(DesignerRuntimeImplementationProjectOutputGroupDependsOn)="
       C:\Program Files\dotnet\sdk\10.0.200-preview.0.26103.119\Sdks\Microsoft.NET.Sdk\targets\Microsoft.NET.DesignerSupport.targets(21,5): message :       
       C:\Program Files\dotnet\sdk\10.0.200-preview.0.26103.119\Sdks\Microsoft.NET.Sdk\targets\Microsoft.NET.DesignerSupport.targets(21,5): message :       ;
       C:\Program Files\dotnet\sdk\10.0.200-preview.0.26103.119\Sdks\Microsoft.NET.Sdk\targets\Microsoft.NET.DesignerSupport.targets(21,5): message :       
       C:\Program Files\dotnet\sdk\10.0.200-preview.0.26103.119\Sdks\Microsoft.NET.Sdk\targets\Microsoft.NET.DesignerSupport.targets(21,5): message :       ;
       C:\Program Files\dotnet\sdk\10.0.200-preview.0.26103.119\Sdks\Microsoft.NET.Sdk\targets\Microsoft.NET.DesignerSupport.targets(21,5): message :       BuildOnlySettings;
       C:\Program Files\dotnet\sdk\10.0.200-preview.0.26103.119\Sdks\Microsoft.NET.Sdk\targets\Microsoft.NET.DesignerSupport.targets(21,5): message :       PrepareForBuild;
       C:\Program Files\dotnet\sdk\10.0.200-preview.0.26103.119\Sdks\Microsoft.NET.Sdk\targets\Microsoft.NET.DesignerSupport.targets(21,5): message :       AssignTargetPaths;
       C:\Program Files\dotnet\sdk\10.0.200-preview.0.26103.119\Sdks\Microsoft.NET.Sdk\targets\Microsoft.NET.DesignerSupport.targets(21,5): message :       ResolveReferences
       C:\Program Files\dotnet\sdk\10.0.200-preview.0.26103.119\Sdks\Microsoft.NET.Sdk\targets\Microsoft.NET.DesignerSupport.targets(21,5): message :     
       C:\Program Files\dotnet\sdk\10.0.200-preview.0.26103.119\Sdks\Microsoft.NET.Sdk\targets\Microsoft.NET.DesignerSupport.targets(21,5): message :     ;
       C:\Program Files\dotnet\sdk\10.0.200-preview.0.26103.119\Sdks\Microsoft.NET.Sdk\targets\Microsoft.NET.DesignerSupport.targets(21,5): message :       _GenerateDesignerDepsFile;
       C:\Program Files\dotnet\sdk\10.0.200-preview.0.26103.119\Sdks\Microsoft.NET.Sdk\targets\Microsoft.NET.DesignerSupport.targets(21,5): message :       _GenerateDesignerRuntimeConfigFile;
       C:\Program Files\dotnet\sdk\10.0.200-preview.0.26103.119\Sdks\Microsoft.NET.Sdk\targets\Microsoft.NET.DesignerSupport.targets(21,5): message :       GetCopyToOutputDirectoryItems;
       C:\Program Files\dotnet\sdk\10.0.200-preview.0.26103.119\Sdks\Microsoft.NET.Sdk\targets\Microsoft.NET.DesignerSupport.targets(21,5): message :       _GatherDesignerShadowCopyFiles;
       C:\Program Files\dotnet\sdk\10.0.200-preview.0.26103.119\Sdks\Microsoft.NET.Sdk\targets\Microsoft.NET.DesignerSupport.targets(21,5): message :     " (önceki değer: "
       C:\Program Files\dotnet\sdk\10.0.200-preview.0.26103.119\Sdks\Microsoft.NET.Sdk\targets\Microsoft.NET.DesignerSupport.targets(21,5): message :       ;
       C:\Program Files\dotnet\sdk\10.0.200-preview.0.26103.119\Sdks\Microsoft.NET.Sdk\targets\Microsoft.NET.DesignerSupport.targets(21,5): message :       
       C:\Program Files\dotnet\sdk\10.0.200-preview.0.26103.119\Sdks\Microsoft.NET.Sdk\targets\Microsoft.NET.DesignerSupport.targets(21,5): message :       ;
       C:\Program Files\dotnet\sdk\10.0.200-preview.0.26103.119\Sdks\Microsoft.NET.Sdk\targets\Microsoft.NET.DesignerSupport.targets(21,5): message :       BuildOnlySettings;
       C:\Program Files\dotnet\sdk\10.0.200-preview.0.26103.119\Sdks\Microsoft.NET.Sdk\targets\Microsoft.NET.DesignerSupport.targets(21,5): message :       PrepareForBuild;
       C:\Program Files\dotnet\sdk\10.0.200-preview.0.26103.119\Sdks\Microsoft.NET.Sdk\targets\Microsoft.NET.DesignerSupport.targets(21,5): message :       AssignTargetPaths;
       C:\Program Files\dotnet\sdk\10.0.200-preview.0.26103.119\Sdks\Microsoft.NET.Sdk\targets\Microsoft.NET.DesignerSupport.targets(21,5): message :       ResolveReferences
       C:\Program Files\dotnet\sdk\10.0.200-preview.0.26103.119\Sdks\Microsoft.NET.Sdk\targets\Microsoft.NET.DesignerSupport.targets(21,5): message :     
       C:\Program Files\dotnet\sdk\10.0.200-preview.0.26103.119\Sdks\Microsoft.NET.Sdk\targets\Microsoft.NET.DesignerSupport.targets(21,5): message :     ") konum: C:\Program Files\dotnet\sdk\10.0.200-preview.0.26103.119\Sdks\Microsoft.NET.Sdk\targets\Microsoft.NET.DesignerSupport.targets (21,5)
       C:\Program Files\dotnet\sdk\10.0.200-preview.0.26103.119\Sdks\Microsoft.NET.Sdk\targets\Microsoft.NET.Sdk.CSharp.targets(31,5): message : Özellik yeniden ataması: $(DefineConstants)="TRACE;DEBUG" (önceki değer: "TRACE") konum: C:\Program Files\dotnet\sdk\10.0.200-preview.0.26103.119\Sdks\Microsoft.NET.Sdk\targets\Microsoft.NET.Sdk.CSharp.targets (31,5)
       C:\Program Files\dotnet\sdk\10.0.200-preview.0.26103.119\Sdks\Microsoft.NET.Sdk\targets\Microsoft.NET.Sdk.CSharp.targets(45,5): message : Özellik yeniden ataması: $(WarningsAsErrors)=";NU1605;SYSLIB0011" (önceki değer: ";NU1605") konum: C:\Program Files\dotnet\sdk\10.0.200-preview.0.26103.119\Sdks\Microsoft.NET.Sdk\targets\Microsoft.NET.Sdk.CSharp.targets (45,5)
       C:\Program Files\dotnet\sdk\10.0.200-preview.0.26103.119\NuGet.Build.Tasks.Pack.targets(34,5): message : Özellik yeniden ataması: $(PackageDescription)="Package Description" (önceki değer: "") konum: C:\Program Files\dotnet\sdk\10.0.200-preview.0.26103.119\NuGet.Build.Tasks.Pack.targets (34,5)
       C:\Program Files\dotnet\sdk\10.0.200-preview.0.26103.119\NuGet.Build.Tasks.Pack.targets(59,5): message : Özellik yeniden ataması: $(GenerateNuspecDependsOn)="Build;_LoadPackInputItems; _GetTargetFrameworksOutput; _WalkEachTargetPerFramework; _GetPackageFiles; " (önceki değer: "_LoadPackInputItems; _GetTargetFrameworksOutput; _WalkEachTargetPerFramework; _GetPackageFiles; ") konum: C:\Program Files\dotnet\sdk\10.0.200-preview.0.26103.119\NuGet.Build.Tasks.Pack.targets (59,5)
       C:\Program Files\dotnet\sdk\10.0.200-preview.0.26103.119\Sdks\Microsoft.NET.Sdk\Sdk\Sdk.targets(59,5): message : Özellik yeniden ataması: $(_IsNotSetContainersTargetsDir)="true" (önceki değer: "false") konum: C:\Program Files\dotnet\sdk\10.0.200-preview.0.26103.119\Sdks\Microsoft.NET.Sdk\Sdk\Sdk.targets (59,5)
       C:\Program Files\dotnet\sdk\10.0.200-preview.0.26103.119\Containers\build\Microsoft.NET.Build.Containers.targets(5,5): message : Özellik yeniden ataması: $(_IsSDKContainerAllowedVersion)="true" (önceki değer: "false") konum: C:\Program Files\dotnet\sdk\10.0.200-preview.0.26103.119\Containers\build\Microsoft.NET.Build.Containers.targets (5,5)
       C:\Program Files\dotnet\sdk\10.0.200-preview.0.26103.119\Containers\build\Microsoft.NET.Build.Containers.targets(15,5): message : Özellik yeniden ataması: $(_ContainerIsTargetingNet8TFM)="true" (önceki değer: "false") konum: C:\Program Files\dotnet\sdk\10.0.200-preview.0.26103.119\Containers\build\Microsoft.NET.Build.Containers.targets (15,5)
       "C:\Program Files\dotnet\sdk\10.0.200-preview.0.26103.119\Sdks\Microsoft.NET.Sdk\targets\Microsoft.NET.Sdk.FrameworkReferenceResolution.targets" projesindeki "ResolveFrameworkReferences" hedefi kullanılarak "C:\Program Files\dotnet\sdk\10.0.200-preview.0.26103.119\Microsoft.Common.CurrentVersion.targets" projesindeki "ResolveFrameworkReferences" hedefinin üzerine yazılıyor.
       "C:\Program Files\dotnet\sdk\10.0.200-preview.0.26103.119\Sdks\Microsoft.NET.Sdk\targets\Microsoft.NET.Sdk.targets" projesindeki "GenerateSupportedTargetFrameworkAlias" hedefi kullanılarak "C:\Program Files\dotnet\sdk\10.0.200-preview.0.26103.119\Microsoft.Common.CurrentVersion.targets" projesindeki "GenerateSupportedTargetFrameworkAlias" hedefinin üzerine yazılıyor.
       "C:\Program Files\dotnet\sdk\10.0.200-preview.0.26103.119\Sdks\Microsoft.NET.Sdk\targets\Microsoft.NET.DisableStandardFrameworkResolution.targets" projesindeki "GetReferenceAssemblyPaths" hedefi kullanılarak "C:\Program Files\dotnet\sdk\10.0.200-preview.0.26103.119\Microsoft.Common.CurrentVersion.targets" projesindeki "GetReferenceAssemblyPaths" hedefinin üzerine yazılıyor.
       "C:\Program Files\dotnet\sdk\10.0.200-preview.0.26103.119\Sdks\Microsoft.NET.Sdk\targets\Microsoft.NET.DisableStandardFrameworkResolution.targets" projesindeki "GetFrameworkPaths" hedefi kullanılarak "C:\Program Files\dotnet\sdk\10.0.200-preview.0.26103.119\Microsoft.Common.CurrentVersion.targets" projesindeki "GetFrameworkPaths" hedefinin üzerine yazılıyor.
       "C:\Program Files\dotnet\sdk\10.0.200-preview.0.26103.119\Sdks\Microsoft.NET.Sdk\targets\Microsoft.NET.DesignerSupport.targets" projesindeki "DesignerRuntimeImplementationProjectOutputGroup" hedefi kullanılarak "C:\Program Files\dotnet\sdk\10.0.200-preview.0.26103.119\Microsoft.Common.CurrentVersion.targets" projesindeki "DesignerRuntimeImplementationProjectOutputGroup" hedefinin üzerine yazılıyor.
       "C:\Program Files\dotnet\sdk\10.0.200-preview.0.26103.119\Sdks\Microsoft.NET.Sdk\targets\Microsoft.NET.Publish.targets" projesindeki "Publish" hedefi kullanılarak "C:\Program Files\dotnet\sdk\10.0.200-preview.0.26103.119\Microsoft.Common.CurrentVersion.targets" projesindeki "Publish" hedefinin üzerine yazılıyor.
       "C:\Program Files\dotnet\sdk\10.0.200-preview.0.26103.119\Sdks\Microsoft.NET.Sdk\targets\Microsoft.NET.Publish.targets" projesindeki "ResolveReadyToRunCompilers" hedefi kullanılarak "C:\Program Files\dotnet\sdk\10.0.200-preview.0.26103.119\Sdks\Microsoft.NET.Sdk\targets\Microsoft.NET.CrossGen.targets" projesindeki "ResolveReadyToRunCompilers" hedefinin üzerine yazılıyor.
       "C:\Program Files\dotnet\sdk\10.0.200-preview.0.26103.119\Sdks\Microsoft.NET.Sdk\targets\Microsoft.NET.Publish.targets" projesindeki "GetCopyToPublishDirectoryItems" hedefi kullanılarak "C:\Program Files\dotnet\sdk\10.0.200-preview.0.26103.119\Microsoft.Common.CurrentVersion.targets" projesindeki "GetCopyToPublishDirectoryItems" hedefinin üzerine yazılıyor.
       "C:\Program Files\dotnet\sdk\10.0.200-preview.0.26103.119\Sdks\Microsoft.NET.Sdk\targets\Microsoft.NET.Sdk.targets" projesindeki "Run" hedefi kullanılarak "C:\Program Files\dotnet\sdk\10.0.200-preview.0.26103.119\Microsoft.Common.CurrentVersion.targets" projesindeki "Run" hedefinin üzerine yazılıyor.
     1>"c:\Users\ilhan\source\repos\StudyBuddy\StudyBuddy\Buddy.Application\Buddy.Application.csproj" projesi (1) 1 düğümünde "c:\Users\ilhan\source\repos\StudyBuddy\StudyBuddy\Buddy.Application\Buddy.Application.csproj" (1:2) oluşturuyor (_IsProjectRestoreSupported hedef).
   1:2>"c:\Users\ilhan\source\repos\StudyBuddy\StudyBuddy\Buddy.Application\Buddy.Application.csproj" projesinin "C:\Program Files\dotnet\sdk\10.0.200-preview.0.26103.119\NuGet.targets" dosyasındaki "_IsProjectRestoreSupported" hedefi (giriş noktası):
   1:2>"Buddy.Application.csproj" projesinde "_IsProjectRestoreSupported" hedefini oluşturma tamamlandı.
   1:2>"c:\Users\ilhan\source\repos\StudyBuddy\StudyBuddy\Buddy.Application\Buddy.Application.csproj" Projesini Oluşturma İşlemi Tamamlandı (_IsProjectRestoreSupported hedef).
     1>"MSBuild" görevini yürütme tamamlandı.
       Derleme TaskRun sırasında yüklendi: NuGet.Build.Tasks, Version=7.3.0.0, Culture=neutral, PublicKeyToken=31bf3856ad364e35 (konum: C:\Program Files\dotnet\sdk\10.0.200-preview.0.26103.119\NuGet.Build.Tasks.dll, MVID: a381e003-9b56-4c39-97c0-1ce9c055b7b5, AssemblyLoadContext: MSBuild plugin C:\Program Files\dotnet\sdk\10.0.200-preview.0.26103.119\NuGet.Build.Tasks.dll)
       Derleme TaskRun sırasında yüklendi: NuGet.Common, Version=7.3.0.0, Culture=neutral, PublicKeyToken=31bf3856ad364e35 (konum: C:\Program Files\dotnet\sdk\10.0.200-preview.0.26103.119\NuGet.Common.dll, MVID: 3bc17f63-ea68-4d0b-8912-70a8afe877d8, AssemblyLoadContext: MSBuild plugin C:\Program Files\dotnet\sdk\10.0.200-preview.0.26103.119\NuGet.Build.Tasks.dll)
       Derleme TaskRun sırasında yüklendi: NuGet.Commands, Version=7.3.0.0, Culture=neutral, PublicKeyToken=31bf3856ad364e35 (konum: C:\Program Files\dotnet\sdk\10.0.200-preview.0.26103.119\NuGet.Commands.dll, MVID: 318676e9-0df6-452c-ab0f-8db17ecc11b5, AssemblyLoadContext: MSBuild plugin C:\Program Files\dotnet\sdk\10.0.200-preview.0.26103.119\NuGet.Build.Tasks.dll)
       Derleme TaskRun sırasında yüklendi: NuGet.ProjectModel, Version=7.3.0.0, Culture=neutral, PublicKeyToken=31bf3856ad364e35 (konum: C:\Program Files\dotnet\sdk\10.0.200-preview.0.26103.119\NuGet.ProjectModel.dll, MVID: 71e40183-a5bf-4d96-bfdc-ddf7b6d279e8, AssemblyLoadContext: MSBuild plugin C:\Program Files\dotnet\sdk\10.0.200-preview.0.26103.119\NuGet.Build.Tasks.dll)
       "C:\Program Files\dotnet\sdk\10.0.200-preview.0.26103.119\NuGet.Build.Tasks.dll" derlemesindeki "WarnForInvalidProjectsTask" görevi kullanılıyor.
       "WarnForInvalidProjectsTask" görevi
       "WarnForInvalidProjectsTask" görevini yürütme tamamlandı.
     1>"Buddy.Application.csproj" projesinde "_FilterRestoreGraphProjectInputItems" hedefini oluşturma tamamlandı.
       "_FilterRestoreGraphProjectInputItems" hedefi atlandı. Önceden başarılı bir şekilde derlenmişti.
     1>"c:\Users\ilhan\source\repos\StudyBuddy\StudyBuddy\Buddy.Application\Buddy.Application.csproj" projesinin "C:\Program Files\dotnet\sdk\10.0.200-preview.0.26103.119\NuGet.targets" dosyasındaki "_GetAllRestoreProjectPathItems" hedefi ("_GenerateRestoreGraph" hedefi buna bağımlı):
       "C:\Program Files\dotnet\sdk\10.0.200-preview.0.26103.119\NuGet.Build.Tasks.dll" derlemesindeki "NuGetMessageTask" görevi kullanılıyor.
       "NuGetMessageTask" görevi
         Derleme TaskRun (NuGet.Build.Tasks.NuGetMessageTask) sırasında yüklendi: NuGet.Build.Tasks.resources, Version=7.3.0.0, Culture=tr, PublicKeyToken=31bf3856ad364e35 (konum: C:\Program Files\dotnet\sdk\10.0.200-preview.0.26103.119\tr\NuGet.Build.Tasks.resources.dll, MVID: 9504694c-bfec-499b-842c-e0cc3dd606a5, AssemblyLoadContext: MSBuild plugin C:\Program Files\dotnet\sdk\10.0.200-preview.0.26103.119\NuGet.Build.Tasks.dll)
         Geri yüklenecek projeler belirleniyor...
       "NuGetMessageTask" görevini yürütme tamamlandı.
       "MSBuild" görevi
         Genel Özellikler:
           ExcludeRestorePackageImports=true
     1>"c:\Users\ilhan\source\repos\StudyBuddy\StudyBuddy\Buddy.Application\Buddy.Application.csproj" projesi (1) 1 düğümünde "c:\Users\ilhan\source\repos\StudyBuddy\StudyBuddy\Buddy.Application\Buddy.Application.csproj" (1:3) oluşturuyor (_GenerateRestoreProjectPathWalk hedef).
   1:3>"c:\Users\ilhan\source\repos\StudyBuddy\StudyBuddy\Buddy.Application\Buddy.Application.csproj" projesinin "C:\Program Files\dotnet\sdk\10.0.200-preview.0.26103.119\NuGet.targets" dosyasındaki "_GenerateRestoreProjectPathItemsPerFramework" hedefi ("_GenerateRestoreProjectPathItemsCurrentProject" hedefi buna bağımlı):
   1:3>"Microsoft.Build.Tasks.Core, Version=15.1.0.0, Culture=neutral, PublicKeyToken=b03f5f7f11d50a3a" derlemesindeki "ConvertToAbsolutePath" görevi kullanılıyor.
       "ConvertToAbsolutePath" görevi
       "ConvertToAbsolutePath" görevini yürütme tamamlandı.
   1:3>"Buddy.Application.csproj" projesinde "_GenerateRestoreProjectPathItemsPerFramework" hedefini oluşturma tamamlandı.
   1:3>"c:\Users\ilhan\source\repos\StudyBuddy\StudyBuddy\Buddy.Application\Buddy.Application.csproj" projesinin "C:\Program Files\dotnet\sdk\10.0.200-preview.0.26103.119\NuGet.targets" dosyasındaki "_GenerateRestoreProjectPathItemsCurrentProject" hedefi ("_GenerateRestoreProjectPathItems" hedefi buna bağımlı):
   1:3>"Buddy.Application.csproj" projesinde "_GenerateRestoreProjectPathItemsCurrentProject" hedefini oluşturma tamamlandı.
   1:3>"c:\Users\ilhan\source\repos\StudyBuddy\StudyBuddy\Buddy.Application\Buddy.Application.csproj" projesinin "C:\Program Files\dotnet\sdk\10.0.200-preview.0.26103.119\NuGet.targets" dosyasındaki "_GenerateRestoreProjectPathItems" hedefi ("_GenerateRestoreProjectPathWalk" hedefi buna bağımlı):
       "RemoveDuplicates" görevi
       "RemoveDuplicates" görevini yürütme tamamlandı.
   1:3>"Buddy.Application.csproj" projesinde "_GenerateRestoreProjectPathItems" hedefini oluşturma tamamlandı.
   1:3>"c:\Users\ilhan\source\repos\StudyBuddy\StudyBuddy\Buddy.Application\Buddy.Application.csproj" projesinin "C:\Program Files\dotnet\sdk\10.0.200-preview.0.26103.119\NuGet.targets" dosyasındaki "_GenerateRestoreProjectPathWalk" hedefi (giriş noktası):
       "MSBuild" görevi
         Genel Özellikler:
           ExcludeRestorePackageImports=true
     0>C:\Program Files\dotnet\sdk\10.0.200-preview.0.26103.119\Sdks\Microsoft.NET.Sdk\Sdk\Sdk.props(49,11): message : 'C:\Program Files\dotnet\sdk\10.0.200-preview.0.26103.119\' değerine sahip 'MSBuildExtensionsPath' özelliği ortamdan genişletildi.
       C:\Program Files\dotnet\sdk\10.0.200-preview.0.26103.119\Current\Microsoft.Common.props(60,5): message : Özellik yeniden ataması: $(MSBuildProjectExtensionsPath)="c:\Users\ilhan\source\repos\StudyBuddy\StudyBuddy\Buddy.Domain\obj\" (önceki değer: "obj\") konum: C:\Program Files\dotnet\sdk\10.0.200-preview.0.26103.119\Current\Microsoft.Common.props (60,5)
       C:\Program Files\dotnet\sdk\10.0.200-preview.0.26103.119\Current\Microsoft.Common.props(84,119): message : 'C:\Users\ilhan\AppData\Local\Microsoft\MSBuild' değerine sahip 'MSBuildUserExtensionsPath' özelliği ortamdan genişletildi.
       C:\Program Files\dotnet\sdk\10.0.200-preview.0.26103.119\Sdks\Microsoft.NET.Sdk\targets\Microsoft.NET.Sdk.props(90,5): message : Özellik yeniden ataması: $(AssemblySearchPaths)="{CandidateAssemblyFiles};{HintPathFromItem}" (önceki değer: "{CandidateAssemblyFiles}") konum: C:\Program Files\dotnet\sdk\10.0.200-preview.0.26103.119\Sdks\Microsoft.NET.Sdk\targets\Microsoft.NET.Sdk.props (90,5)
       C:\Program Files\dotnet\sdk\10.0.200-preview.0.26103.119\Sdks\Microsoft.NET.Sdk\targets\Microsoft.NET.Sdk.props(91,5): message : Özellik yeniden ataması: $(AssemblySearchPaths)="{CandidateAssemblyFiles};{HintPathFromItem};{TargetFrameworkDirectory}" (önceki değer: "{CandidateAssemblyFiles};{HintPathFromItem}") konum: C:\Program Files\dotnet\sdk\10.0.200-preview.0.26103.119\Sdks\Microsoft.NET.Sdk\targets\Microsoft.NET.Sdk.props (91,5)
       C:\Program Files\dotnet\sdk\10.0.200-preview.0.26103.119\Sdks\Microsoft.NET.Sdk\targets\Microsoft.NET.Sdk.props(92,5): message : Özellik yeniden ataması: $(AssemblySearchPaths)="{CandidateAssemblyFiles};{HintPathFromItem};{TargetFrameworkDirectory};{RawFileName}" (önceki değer: "{CandidateAssemblyFiles};{HintPathFromItem};{TargetFrameworkDirectory}") konum: C:\Program Files\dotnet\sdk\10.0.200-preview.0.26103.119\Sdks\Microsoft.NET.Sdk\targets\Microsoft.NET.Sdk.props (92,5)
       C:\Program Files\dotnet\sdk\10.0.200-preview.0.26103.119\Sdks\Microsoft.NET.Sdk\targets\Microsoft.NET.Sdk.ImportPublishProfile.targets(28,5): message : Özellik yeniden ataması: $(PublishProfileImported)="false" (önceki değer: "true") konum: C:\Program Files\dotnet\sdk\10.0.200-preview.0.26103.119\Sdks\Microsoft.NET.Sdk\targets\Microsoft.NET.Sdk.ImportPublishProfile.targets (28,5)
       C:\Program Files\dotnet\sdk\10.0.200-preview.0.26103.119\Sdks\Microsoft.NET.Sdk\targets\Microsoft.NET.TargetFrameworkInference.targets(81,5): message : Özellik yeniden ataması: $(TargetPlatformVersion)="" (önceki değer: "0.0") konum: C:\Program Files\dotnet\sdk\10.0.200-preview.0.26103.119\Sdks\Microsoft.NET.Sdk\targets\Microsoft.NET.TargetFrameworkInference.targets (81,5)
       C:\Program Files\dotnet\sdk\10.0.200-preview.0.26103.119\Sdks\Microsoft.NET.Sdk\targets\Microsoft.NET.DefaultOutputPaths.targets(127,5): message : Özellik yeniden ataması: $(DefaultItemExcludes)=";bin\Debug\/**;obj\Debug\/**" (önceki değer: ";bin\Debug\/**") konum: C:\Program Files\dotnet\sdk\10.0.200-preview.0.26103.119\Sdks\Microsoft.NET.Sdk\targets\Microsoft.NET.DefaultOutputPaths.targets (127,5)
       C:\Program Files\dotnet\sdk\10.0.200-preview.0.26103.119\Sdks\Microsoft.NET.Sdk\targets\Microsoft.NET.DefaultOutputPaths.targets(142,5): message : Özellik yeniden ataması: $(OutputPath)="bin\Debug\net10.0\" (önceki değer: "bin\Debug\") konum: C:\Program Files\dotnet\sdk\10.0.200-preview.0.26103.119\Sdks\Microsoft.NET.Sdk\targets\Microsoft.NET.DefaultOutputPaths.targets (142,5)
       C:\Program Files\dotnet\sdk\10.0.200-preview.0.26103.119\Sdks\Microsoft.NET.Sdk\targets\Microsoft.NET.DefaultOutputPaths.targets(147,5): message : Özellik yeniden ataması: $(IntermediateOutputPath)="obj\Debug\net10.0\" (önceki değer: "obj\Debug\") konum: C:\Program Files\dotnet\sdk\10.0.200-preview.0.26103.119\Sdks\Microsoft.NET.Sdk\targets\Microsoft.NET.DefaultOutputPaths.targets (147,5)
       C:\Program Files\dotnet\sdk\10.0.200-preview.0.26103.119\Sdks\Microsoft.NET.Sdk\targets\Microsoft.NET.Sdk.BeforeCommon.targets(379,5): message : Özellik yeniden ataması: $(RoslynTargetsPath)="C:\Program Files\dotnet\sdk\10.0.200-preview.0.26103.119\Sdks\Microsoft.NET.Sdk\targets\..\..\..\Roslyn" (önceki değer: "C:\Program Files\dotnet\sdk\10.0.200-preview.0.26103.119\Roslyn") konum: C:\Program Files\dotnet\sdk\10.0.200-preview.0.26103.119\Sdks\Microsoft.NET.Sdk\targets\Microsoft.NET.Sdk.BeforeCommon.targets (379,5)
       C:\Program Files\dotnet\sdk\10.0.200-preview.0.26103.119\Roslyn\Microsoft.Managed.Core.targets(6,5): message : Özellik yeniden ataması: $(_BuildTasksDirectory)="C:\Program Files\dotnet\sdk\10.0.200-preview.0.26103.119\Sdks\Microsoft.NET.Sdk\targets\..\..\..\Roslyn\" (önceki değer: "C:\Program Files\dotnet\sdk\10.0.200-preview.0.26103.119\Roslyn\") konum: C:\Program Files\dotnet\sdk\10.0.200-preview.0.26103.119\Roslyn\Microsoft.Managed.Core.targets (6,5)
       C:\Program Files\dotnet\sdk\10.0.200-preview.0.26103.119\Roslyn\Microsoft.CSharp.Core.targets(205,5): message : Özellik yeniden ataması: $(CommandLineArgsForDesignTimeEvaluation)="-langversion:14.0 -define:TRACE" (önceki değer: "-langversion:14.0") konum: C:\Program Files\dotnet\sdk\10.0.200-preview.0.26103.119\Roslyn\Microsoft.CSharp.Core.targets (205,5)
       C:\Program Files\dotnet\sdk\10.0.200-preview.0.26103.119\Microsoft.Common.CurrentVersion.targets(175,5): message : Özellik yeniden ataması: $(_DebugSymbolsProduced)="true" (önceki değer: "false") konum: C:\Program Files\dotnet\sdk\10.0.200-preview.0.26103.119\Microsoft.Common.CurrentVersion.targets (175,5)
       C:\Program Files\dotnet\sdk\10.0.200-preview.0.26103.119\Microsoft.Common.CurrentVersion.targets(185,5): message : Özellik yeniden ataması: $(_DocumentationFileProduced)="false" (önceki değer: "true") konum: C:\Program Files\dotnet\sdk\10.0.200-preview.0.26103.119\Microsoft.Common.CurrentVersion.targets (185,5)
       C:\Program Files\dotnet\sdk\10.0.200-preview.0.26103.119\Microsoft.Common.CurrentVersion.targets(392,5): message : Özellik yeniden ataması: $(MSBuildCopyMarkerName)="Buddy.Do.62A8C092" (önceki değer: "Buddy.Domain.csproj") konum: C:\Program Files\dotnet\sdk\10.0.200-preview.0.26103.119\Microsoft.Common.CurrentVersion.targets (392,5)
       C:\Program Files\dotnet\sdk\10.0.200-preview.0.26103.119\Microsoft.Common.CurrentVersion.targets(393,5): message : Özellik yeniden ataması: $(MSBuildCopyMarkerName)="Buddy.Do.62A8C092.Up2Date" (önceki değer: "Buddy.Do.62A8C092") konum: C:\Program Files\dotnet\sdk\10.0.200-preview.0.26103.119\Microsoft.Common.CurrentVersion.targets (393,5)
       C:\Program Files\dotnet\sdk\10.0.200-preview.0.26103.119\Microsoft.Common.CurrentVersion.targets(541,5): message : Özellik yeniden ataması: $(ProcessorArchitecture)="msil" (önceki değer: "") konum: C:\Program Files\dotnet\sdk\10.0.200-preview.0.26103.119\Microsoft.Common.CurrentVersion.targets (541,5)
       C:\Program Files\dotnet\sdk\10.0.200-preview.0.26103.119\Microsoft.Common.CurrentVersion.targets(580,5): message : Özellik yeniden ataması: $(DelaySign)="" (önceki değer: "false") konum: C:\Program Files\dotnet\sdk\10.0.200-preview.0.26103.119\Microsoft.Common.CurrentVersion.targets (580,5)
       C:\Program Files\dotnet\sdk\10.0.200-preview.0.26103.119\Microsoft.Common.CurrentVersion.targets(2620,5): message : 'C:\Users\ilhan\AppData\Local' değerine sahip 'LOCALAPPDATA' özelliği ortamdan genişletildi.
       C:\Program Files\dotnet\sdk\10.0.200-preview.0.26103.119\Microsoft.Common.CurrentVersion.targets(3948,5): message : Özellik yeniden ataması: $(_SGenGenerateSerializationAssembliesConfig)="Auto" (önceki değer: "") konum: C:\Program Files\dotnet\sdk\10.0.200-preview.0.26103.119\Microsoft.Common.CurrentVersion.targets (3948,5)
       C:\Program Files\dotnet\sdk\10.0.200-preview.0.26103.119\Microsoft.Common.CurrentVersion.targets(3949,5): message : Özellik yeniden ataması: $(_SGenGenerateSerializationAssembliesConfig)="Off" (önceki değer: "Auto") konum: C:\Program Files\dotnet\sdk\10.0.200-preview.0.26103.119\Microsoft.Common.CurrentVersion.targets (3949,5)
       C:\Program Files\dotnet\sdk\10.0.200-preview.0.26103.119\Microsoft.Common.CurrentVersion.targets(5160,5): message : Özellik yeniden ataması: $(_TargetsThatPrepareProjectReferences)="
       C:\Program Files\dotnet\sdk\10.0.200-preview.0.26103.119\Microsoft.Common.CurrentVersion.targets(5160,5): message :       AssignProjectConfiguration;
       C:\Program Files\dotnet\sdk\10.0.200-preview.0.26103.119\Microsoft.Common.CurrentVersion.targets(5160,5): message :       _SplitProjectReferencesByFileExistence
       C:\Program Files\dotnet\sdk\10.0.200-preview.0.26103.119\Microsoft.Common.CurrentVersion.targets(5160,5): message :     " (önceki değer: "_SplitProjectReferencesByFileExistence") konum: C:\Program Files\dotnet\sdk\10.0.200-preview.0.26103.119\Microsoft.Common.CurrentVersion.targets (5160,5)
       C:\Program Files\dotnet\sdk\10.0.200-preview.0.26103.119\Microsoft.Common.CurrentVersion.targets(6973,5): message : 'C:\Program Files\dotnet\sdk\10.0.200-preview.0.26103.119' değerine sahip 'MSBuildExtensionsPath32' özelliği ortamdan genişletildi.
       "NuGetInteractive" özelliği genel bir özelliktir ve değiştirilemez.
       C:\Program Files\dotnet\sdk\10.0.200-preview.0.26103.119\Sdks\Microsoft.NET.Sdk\targets\Microsoft.PackageDependencyResolution.targets(24,5): message : Özellik yeniden ataması: $(ProjectAssetsFile)="c:\Users\ilhan\source\repos\StudyBuddy\StudyBuddy\Buddy.Domain\obj\project.assets.json" (önceki değer: "c:\Users\ilhan\source\repos\StudyBuddy\StudyBuddy\Buddy.Domain\obj\/project.assets.json") konum: C:\Program Files\dotnet\sdk\10.0.200-preview.0.26103.119\Sdks\Microsoft.NET.Sdk\targets\Microsoft.PackageDependencyResolution.targets (24,5)
       C:\Program Files\dotnet\sdk\10.0.200-preview.0.26103.119\Sdks\Microsoft.NET.Sdk\targets\Microsoft.PackageDependencyResolution.targets(29,5): message : Özellik yeniden ataması: $(ProjectAssetsCacheFile)="c:\Users\ilhan\source\repos\StudyBuddy\StudyBuddy\Buddy.Domain\obj\Debug\net10.0\Buddy.Domain.assets.cache" (önceki değer: "obj\Debug\net10.0\Buddy.Domain.assets.cache") konum: C:\Program Files\dotnet\sdk\10.0.200-preview.0.26103.119\Sdks\Microsoft.NET.Sdk\targets\Microsoft.PackageDependencyResolution.targets (29,5)
       C:\Program Files\dotnet\sdk\10.0.200-preview.0.26103.119\Sdks\Microsoft.NET.Sdk\targets\Microsoft.PackageDependencyResolution.targets(80,5): message : Özellik yeniden ataması: $(ResolveAssemblyReferencesDependsOn)="
       C:\Program Files\dotnet\sdk\10.0.200-preview.0.26103.119\Sdks\Microsoft.NET.Sdk\targets\Microsoft.PackageDependencyResolution.targets(80,5): message :       
       C:\Program Files\dotnet\sdk\10.0.200-preview.0.26103.119\Sdks\Microsoft.NET.Sdk\targets\Microsoft.PackageDependencyResolution.targets(80,5): message :       ResolveProjectReferences;
       C:\Program Files\dotnet\sdk\10.0.200-preview.0.26103.119\Sdks\Microsoft.NET.Sdk\targets\Microsoft.PackageDependencyResolution.targets(80,5): message :       FindInvalidProjectReferences;
       C:\Program Files\dotnet\sdk\10.0.200-preview.0.26103.119\Sdks\Microsoft.NET.Sdk\targets\Microsoft.PackageDependencyResolution.targets(80,5): message :       GetFrameworkPaths;
       C:\Program Files\dotnet\sdk\10.0.200-preview.0.26103.119\Sdks\Microsoft.NET.Sdk\targets\Microsoft.PackageDependencyResolution.targets(80,5): message :       GetReferenceAssemblyPaths;
       C:\Program Files\dotnet\sdk\10.0.200-preview.0.26103.119\Sdks\Microsoft.NET.Sdk\targets\Microsoft.PackageDependencyResolution.targets(80,5): message :       PrepareForBuild;
       C:\Program Files\dotnet\sdk\10.0.200-preview.0.26103.119\Sdks\Microsoft.NET.Sdk\targets\Microsoft.PackageDependencyResolution.targets(80,5): message :       ResolveSDKReferences;
       C:\Program Files\dotnet\sdk\10.0.200-preview.0.26103.119\Sdks\Microsoft.NET.Sdk\targets\Microsoft.PackageDependencyResolution.targets(80,5): message :       ExpandSDKReferences;
       C:\Program Files\dotnet\sdk\10.0.200-preview.0.26103.119\Sdks\Microsoft.NET.Sdk\targets\Microsoft.PackageDependencyResolution.targets(80,5): message :     ;
       C:\Program Files\dotnet\sdk\10.0.200-preview.0.26103.119\Sdks\Microsoft.NET.Sdk\targets\Microsoft.PackageDependencyResolution.targets(80,5): message :       ResolvePackageDependenciesForBuild;
       C:\Program Files\dotnet\sdk\10.0.200-preview.0.26103.119\Sdks\Microsoft.NET.Sdk\targets\Microsoft.PackageDependencyResolution.targets(80,5): message :       _HandlePackageFileConflicts;
       C:\Program Files\dotnet\sdk\10.0.200-preview.0.26103.119\Sdks\Microsoft.NET.Sdk\targets\Microsoft.PackageDependencyResolution.targets(80,5): message :     " (önceki değer: "
       C:\Program Files\dotnet\sdk\10.0.200-preview.0.26103.119\Sdks\Microsoft.NET.Sdk\targets\Microsoft.PackageDependencyResolution.targets(80,5): message :       ResolveProjectReferences;
       C:\Program Files\dotnet\sdk\10.0.200-preview.0.26103.119\Sdks\Microsoft.NET.Sdk\targets\Microsoft.PackageDependencyResolution.targets(80,5): message :       FindInvalidProjectReferences;
       C:\Program Files\dotnet\sdk\10.0.200-preview.0.26103.119\Sdks\Microsoft.NET.Sdk\targets\Microsoft.PackageDependencyResolution.targets(80,5): message :       GetFrameworkPaths;
       C:\Program Files\dotnet\sdk\10.0.200-preview.0.26103.119\Sdks\Microsoft.NET.Sdk\targets\Microsoft.PackageDependencyResolution.targets(80,5): message :       GetReferenceAssemblyPaths;
       C:\Program Files\dotnet\sdk\10.0.200-preview.0.26103.119\Sdks\Microsoft.NET.Sdk\targets\Microsoft.PackageDependencyResolution.targets(80,5): message :       PrepareForBuild;
       C:\Program Files\dotnet\sdk\10.0.200-preview.0.26103.119\Sdks\Microsoft.NET.Sdk\targets\Microsoft.PackageDependencyResolution.targets(80,5): message :       ResolveSDKReferences;
       C:\Program Files\dotnet\sdk\10.0.200-preview.0.26103.119\Sdks\Microsoft.NET.Sdk\targets\Microsoft.PackageDependencyResolution.targets(80,5): message :       ExpandSDKReferences;
       C:\Program Files\dotnet\sdk\10.0.200-preview.0.26103.119\Sdks\Microsoft.NET.Sdk\targets\Microsoft.PackageDependencyResolution.targets(80,5): message :     ") konum: C:\Program Files\dotnet\sdk\10.0.200-preview.0.26103.119\Sdks\Microsoft.NET.Sdk\targets\Microsoft.PackageDependencyResolution.targets (80,5)
       C:\Program Files\dotnet\sdk\10.0.200-preview.0.26103.119\Sdks\Microsoft.NET.Sdk\targets\Microsoft.PackageDependencyResolution.targets(86,5): message : Özellik yeniden ataması: $(PrepareResourcesDependsOn)="
       C:\Program Files\dotnet\sdk\10.0.200-preview.0.26103.119\Sdks\Microsoft.NET.Sdk\targets\Microsoft.PackageDependencyResolution.targets(86,5): message :       ResolvePackageDependenciesForBuild;
       C:\Program Files\dotnet\sdk\10.0.200-preview.0.26103.119\Sdks\Microsoft.NET.Sdk\targets\Microsoft.PackageDependencyResolution.targets(86,5): message :       _HandlePackageFileConflicts;
       C:\Program Files\dotnet\sdk\10.0.200-preview.0.26103.119\Sdks\Microsoft.NET.Sdk\targets\Microsoft.PackageDependencyResolution.targets(86,5): message :       
       C:\Program Files\dotnet\sdk\10.0.200-preview.0.26103.119\Sdks\Microsoft.NET.Sdk\targets\Microsoft.PackageDependencyResolution.targets(86,5): message :       ;
       C:\Program Files\dotnet\sdk\10.0.200-preview.0.26103.119\Sdks\Microsoft.NET.Sdk\targets\Microsoft.PackageDependencyResolution.targets(86,5): message :       PrepareResourceNames;
       C:\Program Files\dotnet\sdk\10.0.200-preview.0.26103.119\Sdks\Microsoft.NET.Sdk\targets\Microsoft.PackageDependencyResolution.targets(86,5): message :       ResGen;
       C:\Program Files\dotnet\sdk\10.0.200-preview.0.26103.119\Sdks\Microsoft.NET.Sdk\targets\Microsoft.PackageDependencyResolution.targets(86,5): message :       CompileLicxFiles
       C:\Program Files\dotnet\sdk\10.0.200-preview.0.26103.119\Sdks\Microsoft.NET.Sdk\targets\Microsoft.PackageDependencyResolution.targets(86,5): message :     
       C:\Program Files\dotnet\sdk\10.0.200-preview.0.26103.119\Sdks\Microsoft.NET.Sdk\targets\Microsoft.PackageDependencyResolution.targets(86,5): message :     " (önceki değer: "
       C:\Program Files\dotnet\sdk\10.0.200-preview.0.26103.119\Sdks\Microsoft.NET.Sdk\targets\Microsoft.PackageDependencyResolution.targets(86,5): message :       ;
       C:\Program Files\dotnet\sdk\10.0.200-preview.0.26103.119\Sdks\Microsoft.NET.Sdk\targets\Microsoft.PackageDependencyResolution.targets(86,5): message :       PrepareResourceNames;
       C:\Program Files\dotnet\sdk\10.0.200-preview.0.26103.119\Sdks\Microsoft.NET.Sdk\targets\Microsoft.PackageDependencyResolution.targets(86,5): message :       ResGen;
       C:\Program Files\dotnet\sdk\10.0.200-preview.0.26103.119\Sdks\Microsoft.NET.Sdk\targets\Microsoft.PackageDependencyResolution.targets(86,5): message :       CompileLicxFiles
       C:\Program Files\dotnet\sdk\10.0.200-preview.0.26103.119\Sdks\Microsoft.NET.Sdk\targets\Microsoft.PackageDependencyResolution.targets(86,5): message :     ") konum: C:\Program Files\dotnet\sdk\10.0.200-preview.0.26103.119\Sdks\Microsoft.NET.Sdk\targets\Microsoft.PackageDependencyResolution.targets (86,5)
       "EnableDefaultCompileItems" özelliği genel bir özelliktir ve değiştirilemez.
       "EnableDefaultEmbeddedResourceItems" özelliği genel bir özelliktir ve değiştirilemez.
       "EnableDefaultNoneItems" özelliği genel bir özelliktir ve değiştirilemez.
       C:\Program Files\dotnet\sdk\10.0.200-preview.0.26103.119\Sdks\Microsoft.NET.Sdk\targets\Microsoft.NET.Sdk.DefaultItems.targets(35,5): message : Özellik yeniden ataması: $(DefaultItemExcludes)=";bin\Debug\/**;obj\Debug\/**;bin\/**" (önceki değer: ";bin\Debug\/**;obj\Debug\/**") konum: C:\Program Files\dotnet\sdk\10.0.200-preview.0.26103.119\Sdks\Microsoft.NET.Sdk\targets\Microsoft.NET.Sdk.DefaultItems.targets (35,5)
       C:\Program Files\dotnet\sdk\10.0.200-preview.0.26103.119\Sdks\Microsoft.NET.Sdk\targets\Microsoft.NET.Sdk.DefaultItems.targets(37,5): message : Özellik yeniden ataması: $(DefaultItemExcludes)=";bin\Debug\/**;obj\Debug\/**;bin\/**;obj\/**" (önceki değer: ";bin\Debug\/**;obj\Debug\/**;bin\/**") konum: C:\Program Files\dotnet\sdk\10.0.200-preview.0.26103.119\Sdks\Microsoft.NET.Sdk\targets\Microsoft.NET.Sdk.DefaultItems.targets (37,5)
       C:\Program Files\dotnet\sdk\10.0.200-preview.0.26103.119\Sdks\Microsoft.NET.Sdk\targets\Microsoft.NET.Sdk.DefaultItems.targets(41,5): message : Özellik yeniden ataması: $(DefaultItemExcludes)=";bin\Debug\/**;obj\Debug\/**;bin\/**;obj\/**;bin\Debug\net10.0\publish\/**" (önceki değer: ";bin\Debug\/**;obj\Debug\/**;bin\/**;obj\/**") konum: C:\Program Files\dotnet\sdk\10.0.200-preview.0.26103.119\Sdks\Microsoft.NET.Sdk\targets\Microsoft.NET.Sdk.DefaultItems.targets (41,5)
       C:\Program Files\dotnet\sdk\10.0.200-preview.0.26103.119\Sdks\Microsoft.NET.Sdk\targets\Microsoft.NET.Sdk.DefaultItems.targets(44,5): message : Özellik yeniden ataması: $(DefaultItemExcludes)=";bin\Debug\/**;obj\Debug\/**;bin\/**;obj\/**;bin\Debug\net10.0\publish\/**;**/*.user" (önceki değer: ";bin\Debug\/**;obj\Debug\/**;bin\/**;obj\/**;bin\Debug\net10.0\publish\/**") konum: C:\Program Files\dotnet\sdk\10.0.200-preview.0.26103.119\Sdks\Microsoft.NET.Sdk\targets\Microsoft.NET.Sdk.DefaultItems.targets (44,5)
       C:\Program Files\dotnet\sdk\10.0.200-preview.0.26103.119\Sdks\Microsoft.NET.Sdk\targets\Microsoft.NET.Sdk.DefaultItems.targets(45,5): message : Özellik yeniden ataması: $(DefaultItemExcludes)=";bin\Debug\/**;obj\Debug\/**;bin\/**;obj\/**;bin\Debug\net10.0\publish\/**;**/*.user;**/*.*proj" (önceki değer: ";bin\Debug\/**;obj\Debug\/**;bin\/**;obj\/**;bin\Debug\net10.0\publish\/**;**/*.user") konum: C:\Program Files\dotnet\sdk\10.0.200-preview.0.26103.119\Sdks\Microsoft.NET.Sdk\targets\Microsoft.NET.Sdk.DefaultItems.targets (45,5)
       C:\Program Files\dotnet\sdk\10.0.200-preview.0.26103.119\Sdks\Microsoft.NET.Sdk\targets\Microsoft.NET.Sdk.DefaultItems.targets(46,5): message : Özellik yeniden ataması: $(DefaultItemExcludes)=";bin\Debug\/**;obj\Debug\/**;bin\/**;obj\/**;bin\Debug\net10.0\publish\/**;**/*.user;**/*.*proj;**/*.sln" (önceki değer: ";bin\Debug\/**;obj\Debug\/**;bin\/**;obj\/**;bin\Debug\net10.0\publish\/**;**/*.user;**/*.*proj") konum: C:\Program Files\dotnet\sdk\10.0.200-preview.0.26103.119\Sdks\Microsoft.NET.Sdk\targets\Microsoft.NET.Sdk.DefaultItems.targets (46,5)
       C:\Program Files\dotnet\sdk\10.0.200-preview.0.26103.119\Sdks\Microsoft.NET.Sdk\targets\Microsoft.NET.Sdk.DefaultItems.targets(47,5): message : Özellik yeniden ataması: $(DefaultItemExcludes)=";bin\Debug\/**;obj\Debug\/**;bin\/**;obj\/**;bin\Debug\net10.0\publish\/**;**/*.user;**/*.*proj;**/*.sln;**/*.slnx" (önceki değer: ";bin\Debug\/**;obj\Debug\/**;bin\/**;obj\/**;bin\Debug\net10.0\publish\/**;**/*.user;**/*.*proj;**/*.sln") konum: C:\Program Files\dotnet\sdk\10.0.200-preview.0.26103.119\Sdks\Microsoft.NET.Sdk\targets\Microsoft.NET.Sdk.DefaultItems.targets (47,5)
       C:\Program Files\dotnet\sdk\10.0.200-preview.0.26103.119\Sdks\Microsoft.NET.Sdk\targets\Microsoft.NET.Sdk.DefaultItems.targets(48,5): message : Özellik yeniden ataması: $(DefaultItemExcludes)=";bin\Debug\/**;obj\Debug\/**;bin\/**;obj\/**;bin\Debug\net10.0\publish\/**;**/*.user;**/*.*proj;**/*.sln;**/*.slnx;**/*.vssscc" (önceki değer: ";bin\Debug\/**;obj\Debug\/**;bin\/**;obj\/**;bin\Debug\net10.0\publish\/**;**/*.user;**/*.*proj;**/*.sln;**/*.slnx") konum: C:\Program Files\dotnet\sdk\10.0.200-preview.0.26103.119\Sdks\Microsoft.NET.Sdk\targets\Microsoft.NET.Sdk.DefaultItems.targets (48,5)
       C:\Program Files\dotnet\sdk\10.0.200-preview.0.26103.119\Sdks\Microsoft.NET.Sdk\targets\Microsoft.NET.Sdk.DefaultItems.targets(49,5): message : Özellik yeniden ataması: $(DefaultItemExcludes)=";bin\Debug\/**;obj\Debug\/**;bin\/**;obj\/**;bin\Debug\net10.0\publish\/**;**/*.user;**/*.*proj;**/*.sln;**/*.slnx;**/*.vssscc;**/.DS_Store" (önceki değer: ";bin\Debug\/**;obj\Debug\/**;bin\/**;obj\/**;bin\Debug\net10.0\publish\/**;**/*.user;**/*.*proj;**/*.sln;**/*.slnx;**/*.vssscc") konum: C:\Program Files\dotnet\sdk\10.0.200-preview.0.26103.119\Sdks\Microsoft.NET.Sdk\targets\Microsoft.NET.Sdk.DefaultItems.targets (49,5)
       C:\Program Files\dotnet\sdk\10.0.200-preview.0.26103.119\Sdks\Microsoft.NET.Sdk\targets\Microsoft.NET.Sdk.FrameworkReferenceResolution.targets(14,5): message : Özellik yeniden ataması: $(ResolveAssemblyReferencesDependsOn)="
       C:\Program Files\dotnet\sdk\10.0.200-preview.0.26103.119\Sdks\Microsoft.NET.Sdk\targets\Microsoft.NET.Sdk.FrameworkReferenceResolution.targets(14,5): message :       
       C:\Program Files\dotnet\sdk\10.0.200-preview.0.26103.119\Sdks\Microsoft.NET.Sdk\targets\Microsoft.NET.Sdk.FrameworkReferenceResolution.targets(14,5): message :       
       C:\Program Files\dotnet\sdk\10.0.200-preview.0.26103.119\Sdks\Microsoft.NET.Sdk\targets\Microsoft.NET.Sdk.FrameworkReferenceResolution.targets(14,5): message :       ResolveProjectReferences;
       C:\Program Files\dotnet\sdk\10.0.200-preview.0.26103.119\Sdks\Microsoft.NET.Sdk\targets\Microsoft.NET.Sdk.FrameworkReferenceResolution.targets(14,5): message :       FindInvalidProjectReferences;
       C:\Program Files\dotnet\sdk\10.0.200-preview.0.26103.119\Sdks\Microsoft.NET.Sdk\targets\Microsoft.NET.Sdk.FrameworkReferenceResolution.targets(14,5): message :       GetFrameworkPaths;
       C:\Program Files\dotnet\sdk\10.0.200-preview.0.26103.119\Sdks\Microsoft.NET.Sdk\targets\Microsoft.NET.Sdk.FrameworkReferenceResolution.targets(14,5): message :       GetReferenceAssemblyPaths;
       C:\Program Files\dotnet\sdk\10.0.200-preview.0.26103.119\Sdks\Microsoft.NET.Sdk\targets\Microsoft.NET.Sdk.FrameworkReferenceResolution.targets(14,5): message :       PrepareForBuild;
       C:\Program Files\dotnet\sdk\10.0.200-preview.0.26103.119\Sdks\Microsoft.NET.Sdk\targets\Microsoft.NET.Sdk.FrameworkReferenceResolution.targets(14,5): message :       ResolveSDKReferences;
       C:\Program Files\dotnet\sdk\10.0.200-preview.0.26103.119\Sdks\Microsoft.NET.Sdk\targets\Microsoft.NET.Sdk.FrameworkReferenceResolution.targets(14,5): message :       ExpandSDKReferences;
       C:\Program Files\dotnet\sdk\10.0.200-preview.0.26103.119\Sdks\Microsoft.NET.Sdk\targets\Microsoft.NET.Sdk.FrameworkReferenceResolution.targets(14,5): message :     ;
       C:\Program Files\dotnet\sdk\10.0.200-preview.0.26103.119\Sdks\Microsoft.NET.Sdk\targets\Microsoft.NET.Sdk.FrameworkReferenceResolution.targets(14,5): message :       ResolvePackageDependenciesForBuild;
       C:\Program Files\dotnet\sdk\10.0.200-preview.0.26103.119\Sdks\Microsoft.NET.Sdk\targets\Microsoft.NET.Sdk.FrameworkReferenceResolution.targets(14,5): message :       _HandlePackageFileConflicts;
       C:\Program Files\dotnet\sdk\10.0.200-preview.0.26103.119\Sdks\Microsoft.NET.Sdk\targets\Microsoft.NET.Sdk.FrameworkReferenceResolution.targets(14,5): message :     ;
       C:\Program Files\dotnet\sdk\10.0.200-preview.0.26103.119\Sdks\Microsoft.NET.Sdk\targets\Microsoft.NET.Sdk.FrameworkReferenceResolution.targets(14,5): message :       ResolveTargetingPackAssets;
       C:\Program Files\dotnet\sdk\10.0.200-preview.0.26103.119\Sdks\Microsoft.NET.Sdk\targets\Microsoft.NET.Sdk.FrameworkReferenceResolution.targets(14,5): message :     " (önceki değer: "
       C:\Program Files\dotnet\sdk\10.0.200-preview.0.26103.119\Sdks\Microsoft.NET.Sdk\targets\Microsoft.NET.Sdk.FrameworkReferenceResolution.targets(14,5): message :       
       C:\Program Files\dotnet\sdk\10.0.200-preview.0.26103.119\Sdks\Microsoft.NET.Sdk\targets\Microsoft.NET.Sdk.FrameworkReferenceResolution.targets(14,5): message :       ResolveProjectReferences;
       C:\Program Files\dotnet\sdk\10.0.200-preview.0.26103.119\Sdks\Microsoft.NET.Sdk\targets\Microsoft.NET.Sdk.FrameworkReferenceResolution.targets(14,5): message :       FindInvalidProjectReferences;
       C:\Program Files\dotnet\sdk\10.0.200-preview.0.26103.119\Sdks\Microsoft.NET.Sdk\targets\Microsoft.NET.Sdk.FrameworkReferenceResolution.targets(14,5): message :       GetFrameworkPaths;
       C:\Program Files\dotnet\sdk\10.0.200-preview.0.26103.119\Sdks\Microsoft.NET.Sdk\targets\Microsoft.NET.Sdk.FrameworkReferenceResolution.targets(14,5): message :       GetReferenceAssemblyPaths;
       C:\Program Files\dotnet\sdk\10.0.200-preview.0.26103.119\Sdks\Microsoft.NET.Sdk\targets\Microsoft.NET.Sdk.FrameworkReferenceResolution.targets(14,5): message :       PrepareForBuild;
       C:\Program Files\dotnet\sdk\10.0.200-preview.0.26103.119\Sdks\Microsoft.NET.Sdk\targets\Microsoft.NET.Sdk.FrameworkReferenceResolution.targets(14,5): message :       ResolveSDKReferences;
       C:\Program Files\dotnet\sdk\10.0.200-preview.0.26103.119\Sdks\Microsoft.NET.Sdk\targets\Microsoft.NET.Sdk.FrameworkReferenceResolution.targets(14,5): message :       ExpandSDKReferences;
       C:\Program Files\dotnet\sdk\10.0.200-preview.0.26103.119\Sdks\Microsoft.NET.Sdk\targets\Microsoft.NET.Sdk.FrameworkReferenceResolution.targets(14,5): message :     ;
       C:\Program Files\dotnet\sdk\10.0.200-preview.0.26103.119\Sdks\Microsoft.NET.Sdk\targets\Microsoft.NET.Sdk.FrameworkReferenceResolution.targets(14,5): message :       ResolvePackageDependenciesForBuild;
       C:\Program Files\dotnet\sdk\10.0.200-preview.0.26103.119\Sdks\Microsoft.NET.Sdk\targets\Microsoft.NET.Sdk.FrameworkReferenceResolution.targets(14,5): message :       _HandlePackageFileConflicts;
       C:\Program Files\dotnet\sdk\10.0.200-preview.0.26103.119\Sdks\Microsoft.NET.Sdk\targets\Microsoft.NET.Sdk.FrameworkReferenceResolution.targets(14,5): message :     ") konum: C:\Program Files\dotnet\sdk\10.0.200-preview.0.26103.119\Sdks\Microsoft.NET.Sdk\targets\Microsoft.NET.Sdk.FrameworkReferenceResolution.targets (14,5)
       C:\Program Files\dotnet\sdk\10.0.200-preview.0.26103.119\Sdks\Microsoft.NET.Sdk\targets\Microsoft.NET.Sdk.targets(44,5): message : Özellik yeniden ataması: $(_GenerateRuntimeConfigurationPropertyInputsCache)="c:\Users\ilhan\source\repos\StudyBuddy\StudyBuddy\Buddy.Domain\obj\Debug\net10.0\Buddy.Domain.genruntimeconfig.cache" (önceki değer: "obj\Debug\net10.0\Buddy.Domain.genruntimeconfig.cache") konum: C:\Program Files\dotnet\sdk\10.0.200-preview.0.26103.119\Sdks\Microsoft.NET.Sdk\targets\Microsoft.NET.Sdk.targets (44,5)
       C:\Program Files\dotnet\sdk\10.0.200-preview.0.26103.119\Sdks\Microsoft.NET.Sdk\targets\Microsoft.NET.Sdk.targets(46,5): message : Özellik yeniden ataması: $(_GeneratePublishDependencyFilePropertyInputsCache)="c:\Users\ilhan\source\repos\StudyBuddy\StudyBuddy\Buddy.Domain\obj\Debug\net10.0\Buddy.Domain.genpublishdeps.cache" (önceki değer: "obj\Debug\net10.0\Buddy.Domain.genpublishdeps.cache") konum: C:\Program Files\dotnet\sdk\10.0.200-preview.0.26103.119\Sdks\Microsoft.NET.Sdk\targets\Microsoft.NET.Sdk.targets (46,5)
       C:\Program Files\dotnet\sdk\10.0.200-preview.0.26103.119\Sdks\Microsoft.NET.Sdk\targets\Microsoft.NET.Sdk.targets(48,5): message : Özellik yeniden ataması: $(_GenerateSingleFileBundlePropertyInputsCache)="c:\Users\ilhan\source\repos\StudyBuddy\StudyBuddy\Buddy.Domain\obj\Debug\net10.0\Buddy.Domain.genbundle.cache" (önceki değer: "obj\Debug\net10.0\Buddy.Domain.genbundle.cache") konum: C:\Program Files\dotnet\sdk\10.0.200-preview.0.26103.119\Sdks\Microsoft.NET.Sdk\targets\Microsoft.NET.Sdk.targets (48,5)
       C:\Program Files\dotnet\sdk\10.0.200-preview.0.26103.119\Sdks\Microsoft.NET.Sdk\targets\Microsoft.NET.Sdk.targets(81,5): message : Özellik yeniden ataması: $(GenerateRuntimeConfigDevFile)="false" (önceki değer: "true") konum: C:\Program Files\dotnet\sdk\10.0.200-preview.0.26103.119\Sdks\Microsoft.NET.Sdk\targets\Microsoft.NET.Sdk.targets (81,5)
       C:\Program Files\dotnet\sdk\10.0.200-preview.0.26103.119\Sdks\Microsoft.NET.Sdk\targets\Microsoft.NET.Sdk.targets(98,5): message : 'C:\Users\ilhan' değerine sahip 'USERPROFILE' özelliği ortamdan genişletildi.
       C:\Program Files\dotnet\sdk\10.0.200-preview.0.26103.119\Sdks\Microsoft.NET.Sdk\targets\Microsoft.NET.Sdk.targets(98,5): message : Özellik yeniden ataması: $(_DefaultUserProfileRuntimeStorePath)="C:\Users\ilhan" (önceki değer: "") konum: C:\Program Files\dotnet\sdk\10.0.200-preview.0.26103.119\Sdks\Microsoft.NET.Sdk\targets\Microsoft.NET.Sdk.targets (98,5)
       C:\Program Files\dotnet\sdk\10.0.200-preview.0.26103.119\Sdks\Microsoft.NET.Sdk\targets\Microsoft.NET.Sdk.targets(99,5): message : Özellik yeniden ataması: $(_DefaultUserProfileRuntimeStorePath)="C:\Users\ilhan\.dotnet\store" (önceki değer: "C:\Users\ilhan") konum: C:\Program Files\dotnet\sdk\10.0.200-preview.0.26103.119\Sdks\Microsoft.NET.Sdk\targets\Microsoft.NET.Sdk.targets (99,5)
       C:\Program Files\dotnet\sdk\10.0.200-preview.0.26103.119\Sdks\Microsoft.NET.Sdk\targets\Microsoft.NET.Sdk.targets(144,5): message : Özellik yeniden ataması: $(AvailablePlatforms)="Any CPU,x86,x64,ARM32" (önceki değer: "Any CPU,x86,x64") konum: C:\Program Files\dotnet\sdk\10.0.200-preview.0.26103.119\Sdks\Microsoft.NET.Sdk\targets\Microsoft.NET.Sdk.targets (144,5)
       C:\Program Files\dotnet\sdk\10.0.200-preview.0.26103.119\Sdks\Microsoft.NET.Sdk\targets\Microsoft.NET.Sdk.targets(148,5): message : Özellik yeniden ataması: $(AvailablePlatforms)="Any CPU,x86,x64,ARM32,ARM64" (önceki değer: "Any CPU,x86,x64,ARM32") konum: C:\Program Files\dotnet\sdk\10.0.200-preview.0.26103.119\Sdks\Microsoft.NET.Sdk\targets\Microsoft.NET.Sdk.targets (148,5)
       C:\Program Files\dotnet\sdk\10.0.200-preview.0.26103.119\Sdks\Microsoft.NET.Sdk\targets\Microsoft.NET.Sdk.targets(204,5): message : Özellik yeniden ataması: $(CoreBuildDependsOn)="
       C:\Program Files\dotnet\sdk\10.0.200-preview.0.26103.119\Sdks\Microsoft.NET.Sdk\targets\Microsoft.NET.Sdk.targets(204,5): message :       _CheckForBuildWithNoBuild;
       C:\Program Files\dotnet\sdk\10.0.200-preview.0.26103.119\Sdks\Microsoft.NET.Sdk\targets\Microsoft.NET.Sdk.targets(204,5): message :       
       C:\Program Files\dotnet\sdk\10.0.200-preview.0.26103.119\Sdks\Microsoft.NET.Sdk\targets\Microsoft.NET.Sdk.targets(204,5): message :       BuildOnlySettings;
       C:\Program Files\dotnet\sdk\10.0.200-preview.0.26103.119\Sdks\Microsoft.NET.Sdk\targets\Microsoft.NET.Sdk.targets(204,5): message :       PrepareForBuild;
       C:\Program Files\dotnet\sdk\10.0.200-preview.0.26103.119\Sdks\Microsoft.NET.Sdk\targets\Microsoft.NET.Sdk.targets(204,5): message :       PreBuildEvent;
       C:\Program Files\dotnet\sdk\10.0.200-preview.0.26103.119\Sdks\Microsoft.NET.Sdk\targets\Microsoft.NET.Sdk.targets(204,5): message :       ResolveReferences;
       C:\Program Files\dotnet\sdk\10.0.200-preview.0.26103.119\Sdks\Microsoft.NET.Sdk\targets\Microsoft.NET.Sdk.targets(204,5): message :       PrepareResources;
       C:\Program Files\dotnet\sdk\10.0.200-preview.0.26103.119\Sdks\Microsoft.NET.Sdk\targets\Microsoft.NET.Sdk.targets(204,5): message :       ResolveKeySource;
       C:\Program Files\dotnet\sdk\10.0.200-preview.0.26103.119\Sdks\Microsoft.NET.Sdk\targets\Microsoft.NET.Sdk.targets(204,5): message :       Compile;
       C:\Program Files\dotnet\sdk\10.0.200-preview.0.26103.119\Sdks\Microsoft.NET.Sdk\targets\Microsoft.NET.Sdk.targets(204,5): message :       ExportWindowsMDFile;
       C:\Program Files\dotnet\sdk\10.0.200-preview.0.26103.119\Sdks\Microsoft.NET.Sdk\targets\Microsoft.NET.Sdk.targets(204,5): message :       UnmanagedUnregistration;
       C:\Program Files\dotnet\sdk\10.0.200-preview.0.26103.119\Sdks\Microsoft.NET.Sdk\targets\Microsoft.NET.Sdk.targets(204,5): message :       GenerateSerializationAssemblies;
       C:\Program Files\dotnet\sdk\10.0.200-preview.0.26103.119\Sdks\Microsoft.NET.Sdk\targets\Microsoft.NET.Sdk.targets(204,5): message :       CreateSatelliteAssemblies;
       C:\Program Files\dotnet\sdk\10.0.200-preview.0.26103.119\Sdks\Microsoft.NET.Sdk\targets\Microsoft.NET.Sdk.targets(204,5): message :       GenerateManifests;
       C:\Program Files\dotnet\sdk\10.0.200-preview.0.26103.119\Sdks\Microsoft.NET.Sdk\targets\Microsoft.NET.Sdk.targets(204,5): message :       GetTargetPath;
       C:\Program Files\dotnet\sdk\10.0.200-preview.0.26103.119\Sdks\Microsoft.NET.Sdk\targets\Microsoft.NET.Sdk.targets(204,5): message :       PrepareForRun;
       C:\Program Files\dotnet\sdk\10.0.200-preview.0.26103.119\Sdks\Microsoft.NET.Sdk\targets\Microsoft.NET.Sdk.targets(204,5): message :       UnmanagedRegistration;
       C:\Program Files\dotnet\sdk\10.0.200-preview.0.26103.119\Sdks\Microsoft.NET.Sdk\targets\Microsoft.NET.Sdk.targets(204,5): message :       IncrementalClean;
       C:\Program Files\dotnet\sdk\10.0.200-preview.0.26103.119\Sdks\Microsoft.NET.Sdk\targets\Microsoft.NET.Sdk.targets(204,5): message :       PostBuildEvent
       C:\Program Files\dotnet\sdk\10.0.200-preview.0.26103.119\Sdks\Microsoft.NET.Sdk\targets\Microsoft.NET.Sdk.targets(204,5): message :     ;
       C:\Program Files\dotnet\sdk\10.0.200-preview.0.26103.119\Sdks\Microsoft.NET.Sdk\targets\Microsoft.NET.Sdk.targets(204,5): message :       GenerateBuildDependencyFile;
       C:\Program Files\dotnet\sdk\10.0.200-preview.0.26103.119\Sdks\Microsoft.NET.Sdk\targets\Microsoft.NET.Sdk.targets(204,5): message :       GenerateBuildRuntimeConfigurationFiles
       C:\Program Files\dotnet\sdk\10.0.200-preview.0.26103.119\Sdks\Microsoft.NET.Sdk\targets\Microsoft.NET.Sdk.targets(204,5): message :     " (önceki değer: "
       C:\Program Files\dotnet\sdk\10.0.200-preview.0.26103.119\Sdks\Microsoft.NET.Sdk\targets\Microsoft.NET.Sdk.targets(204,5): message :       BuildOnlySettings;
       C:\Program Files\dotnet\sdk\10.0.200-preview.0.26103.119\Sdks\Microsoft.NET.Sdk\targets\Microsoft.NET.Sdk.targets(204,5): message :       PrepareForBuild;
       C:\Program Files\dotnet\sdk\10.0.200-preview.0.26103.119\Sdks\Microsoft.NET.Sdk\targets\Microsoft.NET.Sdk.targets(204,5): message :       PreBuildEvent;
       C:\Program Files\dotnet\sdk\10.0.200-preview.0.26103.119\Sdks\Microsoft.NET.Sdk\targets\Microsoft.NET.Sdk.targets(204,5): message :       ResolveReferences;
       C:\Program Files\dotnet\sdk\10.0.200-preview.0.26103.119\Sdks\Microsoft.NET.Sdk\targets\Microsoft.NET.Sdk.targets(204,5): message :       PrepareResources;
       C:\Program Files\dotnet\sdk\10.0.200-preview.0.26103.119\Sdks\Microsoft.NET.Sdk\targets\Microsoft.NET.Sdk.targets(204,5): message :       ResolveKeySource;
       C:\Program Files\dotnet\sdk\10.0.200-preview.0.26103.119\Sdks\Microsoft.NET.Sdk\targets\Microsoft.NET.Sdk.targets(204,5): message :       Compile;
       C:\Program Files\dotnet\sdk\10.0.200-preview.0.26103.119\Sdks\Microsoft.NET.Sdk\targets\Microsoft.NET.Sdk.targets(204,5): message :       ExportWindowsMDFile;
       C:\Program Files\dotnet\sdk\10.0.200-preview.0.26103.119\Sdks\Microsoft.NET.Sdk\targets\Microsoft.NET.Sdk.targets(204,5): message :       UnmanagedUnregistration;
       C:\Program Files\dotnet\sdk\10.0.200-preview.0.26103.119\Sdks\Microsoft.NET.Sdk\targets\Microsoft.NET.Sdk.targets(204,5): message :       GenerateSerializationAssemblies;
       C:\Program Files\dotnet\sdk\10.0.200-preview.0.26103.119\Sdks\Microsoft.NET.Sdk\targets\Microsoft.NET.Sdk.targets(204,5): message :       CreateSatelliteAssemblies;
       C:\Program Files\dotnet\sdk\10.0.200-preview.0.26103.119\Sdks\Microsoft.NET.Sdk\targets\Microsoft.NET.Sdk.targets(204,5): message :       GenerateManifests;
       C:\Program Files\dotnet\sdk\10.0.200-preview.0.26103.119\Sdks\Microsoft.NET.Sdk\targets\Microsoft.NET.Sdk.targets(204,5): message :       GetTargetPath;
       C:\Program Files\dotnet\sdk\10.0.200-preview.0.26103.119\Sdks\Microsoft.NET.Sdk\targets\Microsoft.NET.Sdk.targets(204,5): message :       PrepareForRun;
       C:\Program Files\dotnet\sdk\10.0.200-preview.0.26103.119\Sdks\Microsoft.NET.Sdk\targets\Microsoft.NET.Sdk.targets(204,5): message :       UnmanagedRegistration;
       C:\Program Files\dotnet\sdk\10.0.200-preview.0.26103.119\Sdks\Microsoft.NET.Sdk\targets\Microsoft.NET.Sdk.targets(204,5): message :       IncrementalClean;
       C:\Program Files\dotnet\sdk\10.0.200-preview.0.26103.119\Sdks\Microsoft.NET.Sdk\targets\Microsoft.NET.Sdk.targets(204,5): message :       PostBuildEvent
       C:\Program Files\dotnet\sdk\10.0.200-preview.0.26103.119\Sdks\Microsoft.NET.Sdk\targets\Microsoft.NET.Sdk.targets(204,5): message :     ") konum: C:\Program Files\dotnet\sdk\10.0.200-preview.0.26103.119\Sdks\Microsoft.NET.Sdk\targets\Microsoft.NET.Sdk.targets (204,5)
       C:\Program Files\dotnet\sdk\10.0.200-preview.0.26103.119\Sdks\Microsoft.NET.Sdk\targets\Microsoft.NET.Sdk.targets(213,5): message : Özellik yeniden ataması: $(CoreCleanDependsOn)="
       C:\Program Files\dotnet\sdk\10.0.200-preview.0.26103.119\Sdks\Microsoft.NET.Sdk\targets\Microsoft.NET.Sdk.targets(213,5): message :       _SdkBeforeClean;
       C:\Program Files\dotnet\sdk\10.0.200-preview.0.26103.119\Sdks\Microsoft.NET.Sdk\targets\Microsoft.NET.Sdk.targets(213,5): message :       
       C:\Program Files\dotnet\sdk\10.0.200-preview.0.26103.119\Sdks\Microsoft.NET.Sdk\targets\Microsoft.NET.Sdk.targets(213,5): message :     " (önceki değer: "") konum: C:\Program Files\dotnet\sdk\10.0.200-preview.0.26103.119\Sdks\Microsoft.NET.Sdk\targets\Microsoft.NET.Sdk.targets (213,5)
       C:\Program Files\dotnet\sdk\10.0.200-preview.0.26103.119\Sdks\Microsoft.NET.Sdk\targets\Microsoft.NET.Sdk.targets(220,5): message : Özellik yeniden ataması: $(RebuildDependsOn)="
       C:\Program Files\dotnet\sdk\10.0.200-preview.0.26103.119\Sdks\Microsoft.NET.Sdk\targets\Microsoft.NET.Sdk.targets(220,5): message :       _SdkBeforeRebuild;
       C:\Program Files\dotnet\sdk\10.0.200-preview.0.26103.119\Sdks\Microsoft.NET.Sdk\targets\Microsoft.NET.Sdk.targets(220,5): message :       
       C:\Program Files\dotnet\sdk\10.0.200-preview.0.26103.119\Sdks\Microsoft.NET.Sdk\targets\Microsoft.NET.Sdk.targets(220,5): message :       BeforeRebuild;
       C:\Program Files\dotnet\sdk\10.0.200-preview.0.26103.119\Sdks\Microsoft.NET.Sdk\targets\Microsoft.NET.Sdk.targets(220,5): message :       Clean;
       C:\Program Files\dotnet\sdk\10.0.200-preview.0.26103.119\Sdks\Microsoft.NET.Sdk\targets\Microsoft.NET.Sdk.targets(220,5): message :       Build;
       C:\Program Files\dotnet\sdk\10.0.200-preview.0.26103.119\Sdks\Microsoft.NET.Sdk\targets\Microsoft.NET.Sdk.targets(220,5): message :       AfterRebuild;
       C:\Program Files\dotnet\sdk\10.0.200-preview.0.26103.119\Sdks\Microsoft.NET.Sdk\targets\Microsoft.NET.Sdk.targets(220,5): message :     
       C:\Program Files\dotnet\sdk\10.0.200-preview.0.26103.119\Sdks\Microsoft.NET.Sdk\targets\Microsoft.NET.Sdk.targets(220,5): message :     " (önceki değer: "
       C:\Program Files\dotnet\sdk\10.0.200-preview.0.26103.119\Sdks\Microsoft.NET.Sdk\targets\Microsoft.NET.Sdk.targets(220,5): message :       BeforeRebuild;
       C:\Program Files\dotnet\sdk\10.0.200-preview.0.26103.119\Sdks\Microsoft.NET.Sdk\targets\Microsoft.NET.Sdk.targets(220,5): message :       Clean;
       C:\Program Files\dotnet\sdk\10.0.200-preview.0.26103.119\Sdks\Microsoft.NET.Sdk\targets\Microsoft.NET.Sdk.targets(220,5): message :       Build;
       C:\Program Files\dotnet\sdk\10.0.200-preview.0.26103.119\Sdks\Microsoft.NET.Sdk\targets\Microsoft.NET.Sdk.targets(220,5): message :       AfterRebuild;
       C:\Program Files\dotnet\sdk\10.0.200-preview.0.26103.119\Sdks\Microsoft.NET.Sdk\targets\Microsoft.NET.Sdk.targets(220,5): message :     ") konum: C:\Program Files\dotnet\sdk\10.0.200-preview.0.26103.119\Sdks\Microsoft.NET.Sdk\targets\Microsoft.NET.Sdk.targets (220,5)
       C:\Program Files\dotnet\sdk\10.0.200-preview.0.26103.119\Sdks\Microsoft.NET.Sdk\targets\Microsoft.NET.Sdk.targets(799,5): message : Özellik yeniden ataması: $(CompileDependsOn)="
       C:\Program Files\dotnet\sdk\10.0.200-preview.0.26103.119\Sdks\Microsoft.NET.Sdk\targets\Microsoft.NET.Sdk.targets(799,5): message :       
       C:\Program Files\dotnet\sdk\10.0.200-preview.0.26103.119\Sdks\Microsoft.NET.Sdk\targets\Microsoft.NET.Sdk.targets(799,5): message :       ResolveReferences;
       C:\Program Files\dotnet\sdk\10.0.200-preview.0.26103.119\Sdks\Microsoft.NET.Sdk\targets\Microsoft.NET.Sdk.targets(799,5): message :       ResolveKeySource;
       C:\Program Files\dotnet\sdk\10.0.200-preview.0.26103.119\Sdks\Microsoft.NET.Sdk\targets\Microsoft.NET.Sdk.targets(799,5): message :       SetWin32ManifestProperties;
       C:\Program Files\dotnet\sdk\10.0.200-preview.0.26103.119\Sdks\Microsoft.NET.Sdk\targets\Microsoft.NET.Sdk.targets(799,5): message :       _SetPreferNativeArm64Win32ManifestProperties;
       C:\Program Files\dotnet\sdk\10.0.200-preview.0.26103.119\Sdks\Microsoft.NET.Sdk\targets\Microsoft.NET.Sdk.targets(799,5): message :       FindReferenceAssembliesForReferences;
       C:\Program Files\dotnet\sdk\10.0.200-preview.0.26103.119\Sdks\Microsoft.NET.Sdk\targets\Microsoft.NET.Sdk.targets(799,5): message :       _GenerateCompileInputs;
       C:\Program Files\dotnet\sdk\10.0.200-preview.0.26103.119\Sdks\Microsoft.NET.Sdk\targets\Microsoft.NET.Sdk.targets(799,5): message :       BeforeCompile;
       C:\Program Files\dotnet\sdk\10.0.200-preview.0.26103.119\Sdks\Microsoft.NET.Sdk\targets\Microsoft.NET.Sdk.targets(799,5): message :       _TimeStampBeforeCompile;
       C:\Program Files\dotnet\sdk\10.0.200-preview.0.26103.119\Sdks\Microsoft.NET.Sdk\targets\Microsoft.NET.Sdk.targets(799,5): message :       _GenerateCompileDependencyCache;
       C:\Program Files\dotnet\sdk\10.0.200-preview.0.26103.119\Sdks\Microsoft.NET.Sdk\targets\Microsoft.NET.Sdk.targets(799,5): message :       CoreCompile;
       C:\Program Files\dotnet\sdk\10.0.200-preview.0.26103.119\Sdks\Microsoft.NET.Sdk\targets\Microsoft.NET.Sdk.targets(799,5): message :       _TimeStampAfterCompile;
       C:\Program Files\dotnet\sdk\10.0.200-preview.0.26103.119\Sdks\Microsoft.NET.Sdk\targets\Microsoft.NET.Sdk.targets(799,5): message :       AfterCompile;
       C:\Program Files\dotnet\sdk\10.0.200-preview.0.26103.119\Sdks\Microsoft.NET.Sdk\targets\Microsoft.NET.Sdk.targets(799,5): message :     ;
       C:\Program Files\dotnet\sdk\10.0.200-preview.0.26103.119\Sdks\Microsoft.NET.Sdk\targets\Microsoft.NET.Sdk.targets(799,5): message :       _CreateAppHost;
       C:\Program Files\dotnet\sdk\10.0.200-preview.0.26103.119\Sdks\Microsoft.NET.Sdk\targets\Microsoft.NET.Sdk.targets(799,5): message :       _CreateComHost;
       C:\Program Files\dotnet\sdk\10.0.200-preview.0.26103.119\Sdks\Microsoft.NET.Sdk\targets\Microsoft.NET.Sdk.targets(799,5): message :       _GetIjwHostPaths;
       C:\Program Files\dotnet\sdk\10.0.200-preview.0.26103.119\Sdks\Microsoft.NET.Sdk\targets\Microsoft.NET.Sdk.targets(799,5): message :     " (önceki değer: "
       C:\Program Files\dotnet\sdk\10.0.200-preview.0.26103.119\Sdks\Microsoft.NET.Sdk\targets\Microsoft.NET.Sdk.targets(799,5): message :       ResolveReferences;
       C:\Program Files\dotnet\sdk\10.0.200-preview.0.26103.119\Sdks\Microsoft.NET.Sdk\targets\Microsoft.NET.Sdk.targets(799,5): message :       ResolveKeySource;
       C:\Program Files\dotnet\sdk\10.0.200-preview.0.26103.119\Sdks\Microsoft.NET.Sdk\targets\Microsoft.NET.Sdk.targets(799,5): message :       SetWin32ManifestProperties;
       C:\Program Files\dotnet\sdk\10.0.200-preview.0.26103.119\Sdks\Microsoft.NET.Sdk\targets\Microsoft.NET.Sdk.targets(799,5): message :       _SetPreferNativeArm64Win32ManifestProperties;
       C:\Program Files\dotnet\sdk\10.0.200-preview.0.26103.119\Sdks\Microsoft.NET.Sdk\targets\Microsoft.NET.Sdk.targets(799,5): message :       FindReferenceAssembliesForReferences;
       C:\Program Files\dotnet\sdk\10.0.200-preview.0.26103.119\Sdks\Microsoft.NET.Sdk\targets\Microsoft.NET.Sdk.targets(799,5): message :       _GenerateCompileInputs;
       C:\Program Files\dotnet\sdk\10.0.200-preview.0.26103.119\Sdks\Microsoft.NET.Sdk\targets\Microsoft.NET.Sdk.targets(799,5): message :       BeforeCompile;
       C:\Program Files\dotnet\sdk\10.0.200-preview.0.26103.119\Sdks\Microsoft.NET.Sdk\targets\Microsoft.NET.Sdk.targets(799,5): message :       _TimeStampBeforeCompile;
       C:\Program Files\dotnet\sdk\10.0.200-preview.0.26103.119\Sdks\Microsoft.NET.Sdk\targets\Microsoft.NET.Sdk.targets(799,5): message :       _GenerateCompileDependencyCache;
       C:\Program Files\dotnet\sdk\10.0.200-preview.0.26103.119\Sdks\Microsoft.NET.Sdk\targets\Microsoft.NET.Sdk.targets(799,5): message :       CoreCompile;
       C:\Program Files\dotnet\sdk\10.0.200-preview.0.26103.119\Sdks\Microsoft.NET.Sdk\targets\Microsoft.NET.Sdk.targets(799,5): message :       _TimeStampAfterCompile;
       C:\Program Files\dotnet\sdk\10.0.200-preview.0.26103.119\Sdks\Microsoft.NET.Sdk\targets\Microsoft.NET.Sdk.targets(799,5): message :       AfterCompile;
       C:\Program Files\dotnet\sdk\10.0.200-preview.0.26103.119\Sdks\Microsoft.NET.Sdk\targets\Microsoft.NET.Sdk.targets(799,5): message :     ") konum: C:\Program Files\dotnet\sdk\10.0.200-preview.0.26103.119\Sdks\Microsoft.NET.Sdk\targets\Microsoft.NET.Sdk.targets (799,5)
       C:\Program Files\dotnet\sdk\10.0.200-preview.0.26103.119\Sdks\Microsoft.NET.Sdk\targets\Microsoft.NET.Sdk.targets(1131,5): message : Özellik yeniden ataması: $(CreateSatelliteAssembliesDependsOn)="
       C:\Program Files\dotnet\sdk\10.0.200-preview.0.26103.119\Sdks\Microsoft.NET.Sdk\targets\Microsoft.NET.Sdk.targets(1131,5): message :       
       C:\Program Files\dotnet\sdk\10.0.200-preview.0.26103.119\Sdks\Microsoft.NET.Sdk\targets\Microsoft.NET.Sdk.targets(1131,5): message :       ;
       C:\Program Files\dotnet\sdk\10.0.200-preview.0.26103.119\Sdks\Microsoft.NET.Sdk\targets\Microsoft.NET.Sdk.targets(1131,5): message :       _GenerateSatelliteAssemblyInputs;
       C:\Program Files\dotnet\sdk\10.0.200-preview.0.26103.119\Sdks\Microsoft.NET.Sdk\targets\Microsoft.NET.Sdk.targets(1131,5): message :       ComputeIntermediateSatelliteAssemblies;
       C:\Program Files\dotnet\sdk\10.0.200-preview.0.26103.119\Sdks\Microsoft.NET.Sdk\targets\Microsoft.NET.Sdk.targets(1131,5): message :       GenerateSatelliteAssemblies
       C:\Program Files\dotnet\sdk\10.0.200-preview.0.26103.119\Sdks\Microsoft.NET.Sdk\targets\Microsoft.NET.Sdk.targets(1131,5): message :     ;
       C:\Program Files\dotnet\sdk\10.0.200-preview.0.26103.119\Sdks\Microsoft.NET.Sdk\targets\Microsoft.NET.Sdk.targets(1131,5): message :       CoreGenerateSatelliteAssemblies
       C:\Program Files\dotnet\sdk\10.0.200-preview.0.26103.119\Sdks\Microsoft.NET.Sdk\targets\Microsoft.NET.Sdk.targets(1131,5): message :     " (önceki değer: "
       C:\Program Files\dotnet\sdk\10.0.200-preview.0.26103.119\Sdks\Microsoft.NET.Sdk\targets\Microsoft.NET.Sdk.targets(1131,5): message :       ;
       C:\Program Files\dotnet\sdk\10.0.200-preview.0.26103.119\Sdks\Microsoft.NET.Sdk\targets\Microsoft.NET.Sdk.targets(1131,5): message :       _GenerateSatelliteAssemblyInputs;
       C:\Program Files\dotnet\sdk\10.0.200-preview.0.26103.119\Sdks\Microsoft.NET.Sdk\targets\Microsoft.NET.Sdk.targets(1131,5): message :       ComputeIntermediateSatelliteAssemblies;
       C:\Program Files\dotnet\sdk\10.0.200-preview.0.26103.119\Sdks\Microsoft.NET.Sdk\targets\Microsoft.NET.Sdk.targets(1131,5): message :       GenerateSatelliteAssemblies
       C:\Program Files\dotnet\sdk\10.0.200-preview.0.26103.119\Sdks\Microsoft.NET.Sdk\targets\Microsoft.NET.Sdk.targets(1131,5): message :     ") konum: C:\Program Files\dotnet\sdk\10.0.200-preview.0.26103.119\Sdks\Microsoft.NET.Sdk\targets\Microsoft.NET.Sdk.targets (1131,5)
       C:\Program Files\dotnet\sdk\10.0.200-preview.0.26103.119\Sdks\Microsoft.SourceLink.GitLab\build\Microsoft.SourceLink.GitLab.targets(12,5): message : Özellik yeniden ataması: $(SourceLinkUrlInitializerTargets)=";_InitializeGitHubSourceLinkUrl;_InitializeGitLabSourceLinkUrl" (önceki değer: ";_InitializeGitHubSourceLinkUrl") konum: C:\Program Files\dotnet\sdk\10.0.200-preview.0.26103.119\Sdks\Microsoft.SourceLink.GitLab\build\Microsoft.SourceLink.GitLab.targets (12,5)
       C:\Program Files\dotnet\sdk\10.0.200-preview.0.26103.119\Sdks\Microsoft.SourceLink.GitLab\build\Microsoft.SourceLink.GitLab.targets(13,5): message : Özellik yeniden ataması: $(SourceControlManagerUrlTranslationTargets)=";TranslateGitHubUrlsInSourceControlInformation;TranslateGitLabUrlsInSourceControlInformation" (önceki değer: ";TranslateGitHubUrlsInSourceControlInformation") konum: C:\Program Files\dotnet\sdk\10.0.200-preview.0.26103.119\Sdks\Microsoft.SourceLink.GitLab\build\Microsoft.SourceLink.GitLab.targets (13,5)
       C:\Program Files\dotnet\sdk\10.0.200-preview.0.26103.119\Sdks\Microsoft.SourceLink.AzureRepos.Git\build\Microsoft.SourceLink.AzureRepos.Git.targets(12,5): message : Özellik yeniden ataması: $(SourceLinkUrlInitializerTargets)=";_InitializeGitHubSourceLinkUrl;_InitializeGitLabSourceLinkUrl;_InitializeAzureReposGitSourceLinkUrl" (önceki değer: ";_InitializeGitHubSourceLinkUrl;_InitializeGitLabSourceLinkUrl") konum: C:\Program Files\dotnet\sdk\10.0.200-preview.0.26103.119\Sdks\Microsoft.SourceLink.AzureRepos.Git\build\Microsoft.SourceLink.AzureRepos.Git.targets (12,5)
       C:\Program Files\dotnet\sdk\10.0.200-preview.0.26103.119\Sdks\Microsoft.SourceLink.AzureRepos.Git\build\Microsoft.SourceLink.AzureRepos.Git.targets(13,5): message : Özellik yeniden ataması: $(SourceControlManagerUrlTranslationTargets)=";TranslateGitHubUrlsInSourceControlInformation;TranslateGitLabUrlsInSourceControlInformation;TranslateAzureReposGitUrlsInSourceControlInformation" (önceki değer: ";TranslateGitHubUrlsInSourceControlInformation;TranslateGitLabUrlsInSourceControlInformation") konum: C:\Program Files\dotnet\sdk\10.0.200-preview.0.26103.119\Sdks\Microsoft.SourceLink.AzureRepos.Git\build\Microsoft.SourceLink.AzureRepos.Git.targets (13,5)
       C:\Program Files\dotnet\sdk\10.0.200-preview.0.26103.119\Sdks\Microsoft.SourceLink.Bitbucket.Git\build\Microsoft.SourceLink.Bitbucket.Git.targets(12,5): message : Özellik yeniden ataması: $(SourceLinkUrlInitializerTargets)=";_InitializeGitHubSourceLinkUrl;_InitializeGitLabSourceLinkUrl;_InitializeAzureReposGitSourceLinkUrl;_InitializeBitbucketGitSourceLinkUrl" (önceki değer: ";_InitializeGitHubSourceLinkUrl;_InitializeGitLabSourceLinkUrl;_InitializeAzureReposGitSourceLinkUrl") konum: C:\Program Files\dotnet\sdk\10.0.200-preview.0.26103.119\Sdks\Microsoft.SourceLink.Bitbucket.Git\build\Microsoft.SourceLink.Bitbucket.Git.targets (12,5)
       C:\Program Files\dotnet\sdk\10.0.200-preview.0.26103.119\Sdks\Microsoft.SourceLink.Bitbucket.Git\build\Microsoft.SourceLink.Bitbucket.Git.targets(13,5): message : Özellik yeniden ataması: $(SourceControlManagerUrlTranslationTargets)=";TranslateGitHubUrlsInSourceControlInformation;TranslateGitLabUrlsInSourceControlInformation;TranslateAzureReposGitUrlsInSourceControlInformation;TranslateBitbucketGitUrlsInSourceControlInformation" (önceki değer: ";TranslateGitHubUrlsInSourceControlInformation;TranslateGitLabUrlsInSourceControlInformation;TranslateAzureReposGitUrlsInSourceControlInformation") konum: C:\Program Files\dotnet\sdk\10.0.200-preview.0.26103.119\Sdks\Microsoft.SourceLink.Bitbucket.Git\build\Microsoft.SourceLink.Bitbucket.Git.targets (13,5)
       C:\Program Files\dotnet\sdk\10.0.200-preview.0.26103.119\Sdks\Microsoft.NET.Sdk\targets\Microsoft.NET.DesignerSupport.targets(21,5): message : Özellik yeniden ataması: $(DesignerRuntimeImplementationProjectOutputGroupDependsOn)="
       C:\Program Files\dotnet\sdk\10.0.200-preview.0.26103.119\Sdks\Microsoft.NET.Sdk\targets\Microsoft.NET.DesignerSupport.targets(21,5): message :       
       C:\Program Files\dotnet\sdk\10.0.200-preview.0.26103.119\Sdks\Microsoft.NET.Sdk\targets\Microsoft.NET.DesignerSupport.targets(21,5): message :       ;
       C:\Program Files\dotnet\sdk\10.0.200-preview.0.26103.119\Sdks\Microsoft.NET.Sdk\targets\Microsoft.NET.DesignerSupport.targets(21,5): message :       
       C:\Program Files\dotnet\sdk\10.0.200-preview.0.26103.119\Sdks\Microsoft.NET.Sdk\targets\Microsoft.NET.DesignerSupport.targets(21,5): message :       ;
       C:\Program Files\dotnet\sdk\10.0.200-preview.0.26103.119\Sdks\Microsoft.NET.Sdk\targets\Microsoft.NET.DesignerSupport.targets(21,5): message :       BuildOnlySettings;
       C:\Program Files\dotnet\sdk\10.0.200-preview.0.26103.119\Sdks\Microsoft.NET.Sdk\targets\Microsoft.NET.DesignerSupport.targets(21,5): message :       PrepareForBuild;
       C:\Program Files\dotnet\sdk\10.0.200-preview.0.26103.119\Sdks\Microsoft.NET.Sdk\targets\Microsoft.NET.DesignerSupport.targets(21,5): message :       AssignTargetPaths;
       C:\Program Files\dotnet\sdk\10.0.200-preview.0.26103.119\Sdks\Microsoft.NET.Sdk\targets\Microsoft.NET.DesignerSupport.targets(21,5): message :       ResolveReferences
       C:\Program Files\dotnet\sdk\10.0.200-preview.0.26103.119\Sdks\Microsoft.NET.Sdk\targets\Microsoft.NET.DesignerSupport.targets(21,5): message :     
       C:\Program Files\dotnet\sdk\10.0.200-preview.0.26103.119\Sdks\Microsoft.NET.Sdk\targets\Microsoft.NET.DesignerSupport.targets(21,5): message :     ;
       C:\Program Files\dotnet\sdk\10.0.200-preview.0.26103.119\Sdks\Microsoft.NET.Sdk\targets\Microsoft.NET.DesignerSupport.targets(21,5): message :       _GenerateDesignerDepsFile;
       C:\Program Files\dotnet\sdk\10.0.200-preview.0.26103.119\Sdks\Microsoft.NET.Sdk\targets\Microsoft.NET.DesignerSupport.targets(21,5): message :       _GenerateDesignerRuntimeConfigFile;
       C:\Program Files\dotnet\sdk\10.0.200-preview.0.26103.119\Sdks\Microsoft.NET.Sdk\targets\Microsoft.NET.DesignerSupport.targets(21,5): message :       GetCopyToOutputDirectoryItems;
       C:\Program Files\dotnet\sdk\10.0.200-preview.0.26103.119\Sdks\Microsoft.NET.Sdk\targets\Microsoft.NET.DesignerSupport.targets(21,5): message :       _GatherDesignerShadowCopyFiles;
       C:\Program Files\dotnet\sdk\10.0.200-preview.0.26103.119\Sdks\Microsoft.NET.Sdk\targets\Microsoft.NET.DesignerSupport.targets(21,5): message :     " (önceki değer: "
       C:\Program Files\dotnet\sdk\10.0.200-preview.0.26103.119\Sdks\Microsoft.NET.Sdk\targets\Microsoft.NET.DesignerSupport.targets(21,5): message :       ;
       C:\Program Files\dotnet\sdk\10.0.200-preview.0.26103.119\Sdks\Microsoft.NET.Sdk\targets\Microsoft.NET.DesignerSupport.targets(21,5): message :       
       C:\Program Files\dotnet\sdk\10.0.200-preview.0.26103.119\Sdks\Microsoft.NET.Sdk\targets\Microsoft.NET.DesignerSupport.targets(21,5): message :       ;
       C:\Program Files\dotnet\sdk\10.0.200-preview.0.26103.119\Sdks\Microsoft.NET.Sdk\targets\Microsoft.NET.DesignerSupport.targets(21,5): message :       BuildOnlySettings;
       C:\Program Files\dotnet\sdk\10.0.200-preview.0.26103.119\Sdks\Microsoft.NET.Sdk\targets\Microsoft.NET.DesignerSupport.targets(21,5): message :       PrepareForBuild;
       C:\Program Files\dotnet\sdk\10.0.200-preview.0.26103.119\Sdks\Microsoft.NET.Sdk\targets\Microsoft.NET.DesignerSupport.targets(21,5): message :       AssignTargetPaths;
       C:\Program Files\dotnet\sdk\10.0.200-preview.0.26103.119\Sdks\Microsoft.NET.Sdk\targets\Microsoft.NET.DesignerSupport.targets(21,5): message :       ResolveReferences
       C:\Program Files\dotnet\sdk\10.0.200-preview.0.26103.119\Sdks\Microsoft.NET.Sdk\targets\Microsoft.NET.DesignerSupport.targets(21,5): message :     
       C:\Program Files\dotnet\sdk\10.0.200-preview.0.26103.119\Sdks\Microsoft.NET.Sdk\targets\Microsoft.NET.DesignerSupport.targets(21,5): message :     ") konum: C:\Program Files\dotnet\sdk\10.0.200-preview.0.26103.119\Sdks\Microsoft.NET.Sdk\targets\Microsoft.NET.DesignerSupport.targets (21,5)
       C:\Program Files\dotnet\sdk\10.0.200-preview.0.26103.119\Sdks\Microsoft.NET.Sdk\targets\Microsoft.NET.Sdk.CSharp.targets(31,5): message : Özellik yeniden ataması: $(DefineConstants)="TRACE;DEBUG" (önceki değer: "TRACE") konum: C:\Program Files\dotnet\sdk\10.0.200-preview.0.26103.119\Sdks\Microsoft.NET.Sdk\targets\Microsoft.NET.Sdk.CSharp.targets (31,5)
       C:\Program Files\dotnet\sdk\10.0.200-preview.0.26103.119\Sdks\Microsoft.NET.Sdk\targets\Microsoft.NET.Sdk.CSharp.targets(45,5): message : Özellik yeniden ataması: $(WarningsAsErrors)=";NU1605;SYSLIB0011" (önceki değer: ";NU1605") konum: C:\Program Files\dotnet\sdk\10.0.200-preview.0.26103.119\Sdks\Microsoft.NET.Sdk\targets\Microsoft.NET.Sdk.CSharp.targets (45,5)
       C:\Program Files\dotnet\sdk\10.0.200-preview.0.26103.119\NuGet.Build.Tasks.Pack.targets(34,5): message : Özellik yeniden ataması: $(PackageDescription)="Package Description" (önceki değer: "") konum: C:\Program Files\dotnet\sdk\10.0.200-preview.0.26103.119\NuGet.Build.Tasks.Pack.targets (34,5)
       C:\Program Files\dotnet\sdk\10.0.200-preview.0.26103.119\NuGet.Build.Tasks.Pack.targets(59,5): message : Özellik yeniden ataması: $(GenerateNuspecDependsOn)="Build;_LoadPackInputItems; _GetTargetFrameworksOutput; _WalkEachTargetPerFramework; _GetPackageFiles; " (önceki değer: "_LoadPackInputItems; _GetTargetFrameworksOutput; _WalkEachTargetPerFramework; _GetPackageFiles; ") konum: C:\Program Files\dotnet\sdk\10.0.200-preview.0.26103.119\NuGet.Build.Tasks.Pack.targets (59,5)
       C:\Program Files\dotnet\sdk\10.0.200-preview.0.26103.119\Sdks\Microsoft.NET.Sdk\Sdk\Sdk.targets(59,5): message : Özellik yeniden ataması: $(_IsNotSetContainersTargetsDir)="true" (önceki değer: "false") konum: C:\Program Files\dotnet\sdk\10.0.200-preview.0.26103.119\Sdks\Microsoft.NET.Sdk\Sdk\Sdk.targets (59,5)
       C:\Program Files\dotnet\sdk\10.0.200-preview.0.26103.119\Containers\build\Microsoft.NET.Build.Containers.targets(5,5): message : Özellik yeniden ataması: $(_IsSDKContainerAllowedVersion)="true" (önceki değer: "false") konum: C:\Program Files\dotnet\sdk\10.0.200-preview.0.26103.119\Containers\build\Microsoft.NET.Build.Containers.targets (5,5)
       C:\Program Files\dotnet\sdk\10.0.200-preview.0.26103.119\Containers\build\Microsoft.NET.Build.Containers.targets(15,5): message : Özellik yeniden ataması: $(_ContainerIsTargetingNet8TFM)="true" (önceki değer: "false") konum: C:\Program Files\dotnet\sdk\10.0.200-preview.0.26103.119\Containers\build\Microsoft.NET.Build.Containers.targets (15,5)
       "C:\Program Files\dotnet\sdk\10.0.200-preview.0.26103.119\Sdks\Microsoft.NET.Sdk\targets\Microsoft.NET.Sdk.FrameworkReferenceResolution.targets" projesindeki "ResolveFrameworkReferences" hedefi kullanılarak "C:\Program Files\dotnet\sdk\10.0.200-preview.0.26103.119\Microsoft.Common.CurrentVersion.targets" projesindeki "ResolveFrameworkReferences" hedefinin üzerine yazılıyor.
       "C:\Program Files\dotnet\sdk\10.0.200-preview.0.26103.119\Sdks\Microsoft.NET.Sdk\targets\Microsoft.NET.Sdk.targets" projesindeki "GenerateSupportedTargetFrameworkAlias" hedefi kullanılarak "C:\Program Files\dotnet\sdk\10.0.200-preview.0.26103.119\Microsoft.Common.CurrentVersion.targets" projesindeki "GenerateSupportedTargetFrameworkAlias" hedefinin üzerine yazılıyor.
       "C:\Program Files\dotnet\sdk\10.0.200-preview.0.26103.119\Sdks\Microsoft.NET.Sdk\targets\Microsoft.NET.DisableStandardFrameworkResolution.targets" projesindeki "GetReferenceAssemblyPaths" hedefi kullanılarak "C:\Program Files\dotnet\sdk\10.0.200-preview.0.26103.119\Microsoft.Common.CurrentVersion.targets" projesindeki "GetReferenceAssemblyPaths" hedefinin üzerine yazılıyor.
       "C:\Program Files\dotnet\sdk\10.0.200-preview.0.26103.119\Sdks\Microsoft.NET.Sdk\targets\Microsoft.NET.DisableStandardFrameworkResolution.targets" projesindeki "GetFrameworkPaths" hedefi kullanılarak "C:\Program Files\dotnet\sdk\10.0.200-preview.0.26103.119\Microsoft.Common.CurrentVersion.targets" projesindeki "GetFrameworkPaths" hedefinin üzerine yazılıyor.
       "C:\Program Files\dotnet\sdk\10.0.200-preview.0.26103.119\Sdks\Microsoft.NET.Sdk\targets\Microsoft.NET.DesignerSupport.targets" projesindeki "DesignerRuntimeImplementationProjectOutputGroup" hedefi kullanılarak "C:\Program Files\dotnet\sdk\10.0.200-preview.0.26103.119\Microsoft.Common.CurrentVersion.targets" projesindeki "DesignerRuntimeImplementationProjectOutputGroup" hedefinin üzerine yazılıyor.
       "C:\Program Files\dotnet\sdk\10.0.200-preview.0.26103.119\Sdks\Microsoft.NET.Sdk\targets\Microsoft.NET.Publish.targets" projesindeki "Publish" hedefi kullanılarak "C:\Program Files\dotnet\sdk\10.0.200-preview.0.26103.119\Microsoft.Common.CurrentVersion.targets" projesindeki "Publish" hedefinin üzerine yazılıyor.
       "C:\Program Files\dotnet\sdk\10.0.200-preview.0.26103.119\Sdks\Microsoft.NET.Sdk\targets\Microsoft.NET.Publish.targets" projesindeki "ResolveReadyToRunCompilers" hedefi kullanılarak "C:\Program Files\dotnet\sdk\10.0.200-preview.0.26103.119\Sdks\Microsoft.NET.Sdk\targets\Microsoft.NET.CrossGen.targets" projesindeki "ResolveReadyToRunCompilers" hedefinin üzerine yazılıyor.
       "C:\Program Files\dotnet\sdk\10.0.200-preview.0.26103.119\Sdks\Microsoft.NET.Sdk\targets\Microsoft.NET.Publish.targets" projesindeki "GetCopyToPublishDirectoryItems" hedefi kullanılarak "C:\Program Files\dotnet\sdk\10.0.200-preview.0.26103.119\Microsoft.Common.CurrentVersion.targets" projesindeki "GetCopyToPublishDirectoryItems" hedefinin üzerine yazılıyor.
       "C:\Program Files\dotnet\sdk\10.0.200-preview.0.26103.119\Sdks\Microsoft.NET.Sdk\targets\Microsoft.NET.Sdk.targets" projesindeki "Run" hedefi kullanılarak "C:\Program Files\dotnet\sdk\10.0.200-preview.0.26103.119\Microsoft.Common.CurrentVersion.targets" projesindeki "Run" hedefinin üzerine yazılıyor.
   1:3>"c:\Users\ilhan\source\repos\StudyBuddy\StudyBuddy\Buddy.Application\Buddy.Application.csproj" projesi (1:3) 1 düğümünde "c:\Users\ilhan\source\repos\StudyBuddy\StudyBuddy\Buddy.Domain\Buddy.Domain.csproj" (2) oluşturuyor (_GenerateRestoreProjectPathWalk hedef).
     2>"c:\Users\ilhan\source\repos\StudyBuddy\StudyBuddy\Buddy.Domain\Buddy.Domain.csproj" projesinin "C:\Program Files\dotnet\sdk\10.0.200-preview.0.26103.119\NuGet.targets" dosyasındaki "_GenerateRestoreProjectPathItemsPerFramework" hedefi ("_GenerateRestoreProjectPathItemsCurrentProject" hedefi buna bağımlı):
     2>"ConvertToAbsolutePath" görevi
       "ConvertToAbsolutePath" görevini yürütme tamamlandı.
     2>"Buddy.Domain.csproj" projesinde "_GenerateRestoreProjectPathItemsPerFramework" hedefini oluşturma tamamlandı.
     2>"c:\Users\ilhan\source\repos\StudyBuddy\StudyBuddy\Buddy.Domain\Buddy.Domain.csproj" projesinin "C:\Program Files\dotnet\sdk\10.0.200-preview.0.26103.119\NuGet.targets" dosyasındaki "_GenerateRestoreProjectPathItemsCurrentProject" hedefi ("_GenerateRestoreProjectPathItems" hedefi buna bağımlı):
     2>"Buddy.Domain.csproj" projesinde "_GenerateRestoreProjectPathItemsCurrentProject" hedefini oluşturma tamamlandı.
     2>"c:\Users\ilhan\source\repos\StudyBuddy\StudyBuddy\Buddy.Domain\Buddy.Domain.csproj" projesinin "C:\Program Files\dotnet\sdk\10.0.200-preview.0.26103.119\NuGet.targets" dosyasındaki "_GenerateRestoreProjectPathItems" hedefi ("_GenerateRestoreProjectPathWalk" hedefi buna bağımlı):
       "RemoveDuplicates" görevi
       "RemoveDuplicates" görevini yürütme tamamlandı.
     2>"Buddy.Domain.csproj" projesinde "_GenerateRestoreProjectPathItems" hedefini oluşturma tamamlandı.
     2>"c:\Users\ilhan\source\repos\StudyBuddy\StudyBuddy\Buddy.Domain\Buddy.Domain.csproj" projesinin "C:\Program Files\dotnet\sdk\10.0.200-preview.0.26103.119\NuGet.targets" dosyasındaki "_GenerateRestoreProjectPathWalk" hedefi (giriş noktası):
       "MSBuild" görevi
       "MSBuild" görevini yürütme tamamlandı.
       "RemoveDuplicates" görevi
       "RemoveDuplicates" görevini yürütme tamamlandı.
     2>"Buddy.Domain.csproj" projesinde "_GenerateRestoreProjectPathWalk" hedefini oluşturma tamamlandı.
     2>"c:\Users\ilhan\source\repos\StudyBuddy\StudyBuddy\Buddy.Domain\Buddy.Domain.csproj" Projesini Oluşturma İşlemi Tamamlandı (_GenerateRestoreProjectPathWalk hedef).
   1:3>"MSBuild" görevini yürütme tamamlandı.
       "RemoveDuplicates" görevi
       "RemoveDuplicates" görevini yürütme tamamlandı.
   1:3>"Buddy.Application.csproj" projesinde "_GenerateRestoreProjectPathWalk" hedefini oluşturma tamamlandı.
   1:3>"c:\Users\ilhan\source\repos\StudyBuddy\StudyBuddy\Buddy.Application\Buddy.Application.csproj" Projesini Oluşturma İşlemi Tamamlandı (_GenerateRestoreProjectPathWalk hedef).
     1>"MSBuild" görevini yürütme tamamlandı.
       "RemoveDuplicates" görevi
       "RemoveDuplicates" görevini yürütme tamamlandı.
       "MSBuild" görevi
         Genel Özellikler:
           ExcludeRestorePackageImports=true
     1>"c:\Users\ilhan\source\repos\StudyBuddy\StudyBuddy\Buddy.Application\Buddy.Application.csproj" projesi (1) 1 düğümünde "c:\Users\ilhan\source\repos\StudyBuddy\StudyBuddy\Buddy.Application\Buddy.Application.csproj" (1:4) oluşturuyor (_IsProjectRestoreSupported hedef).
   1:4>"_IsProjectRestoreSupported" hedefi atlandı. Önceden başarılı bir şekilde derlenmişti.
   1:4>"c:\Users\ilhan\source\repos\StudyBuddy\StudyBuddy\Buddy.Application\Buddy.Application.csproj" Projesini Oluşturma İşlemi Tamamlandı (_IsProjectRestoreSupported hedef).
     1>"c:\Users\ilhan\source\repos\StudyBuddy\StudyBuddy\Buddy.Application\Buddy.Application.csproj" projesi (1) 1 düğümünde "c:\Users\ilhan\source\repos\StudyBuddy\StudyBuddy\Buddy.Domain\Buddy.Domain.csproj" (2:2) oluşturuyor (_IsProjectRestoreSupported hedef).
   2:2>"c:\Users\ilhan\source\repos\StudyBuddy\StudyBuddy\Buddy.Domain\Buddy.Domain.csproj" projesinin "C:\Program Files\dotnet\sdk\10.0.200-preview.0.26103.119\NuGet.targets" dosyasındaki "_IsProjectRestoreSupported" hedefi (giriş noktası):
   2:2>"Buddy.Domain.csproj" projesinde "_IsProjectRestoreSupported" hedefini oluşturma tamamlandı.
   2:2>"c:\Users\ilhan\source\repos\StudyBuddy\StudyBuddy\Buddy.Domain\Buddy.Domain.csproj" Projesini Oluşturma İşlemi Tamamlandı (_IsProjectRestoreSupported hedef).
     1>"MSBuild" görevini yürütme tamamlandı.
     1>"Buddy.Application.csproj" projesinde "_GetAllRestoreProjectPathItems" hedefini oluşturma tamamlandı.
     1>"c:\Users\ilhan\source\repos\StudyBuddy\StudyBuddy\Buddy.Application\Buddy.Application.csproj" projesinin "C:\Program Files\dotnet\sdk\10.0.200-preview.0.26103.119\NuGet.targets" dosyasındaki "_GenerateRestoreGraph" hedefi ("Restore" hedefi buna bağımlı):
       "Microsoft.Build.Tasks.Core, Version=15.1.0.0, Culture=neutral, PublicKeyToken=b03f5f7f11d50a3a" derlemesindeki "Message" görevi kullanılıyor.
       "Message" görevi
         Generating dg file
       "Message" görevini yürütme tamamlandı.
       "Message" görevi
         c:\Users\ilhan\source\repos\StudyBuddy\StudyBuddy\Buddy.Domain\Buddy.Domain.csproj
       "Message" görevini yürütme tamamlandı.
       "Message" görevi
         c:\Users\ilhan\source\repos\StudyBuddy\StudyBuddy\Buddy.Application\Buddy.Application.csproj
       "Message" görevini yürütme tamamlandı.
       "MSBuild" görevi
         Genel Özellikler:
           ExcludeRestorePackageImports=true
     1>"c:\Users\ilhan\source\repos\StudyBuddy\StudyBuddy\Buddy.Application\Buddy.Application.csproj" projesi (1) 1 düğümünde "c:\Users\ilhan\source\repos\StudyBuddy\StudyBuddy\Buddy.Domain\Buddy.Domain.csproj" (2:3) oluşturuyor (_GenerateRestoreGraphProjectEntry hedef).
   2:3>"c:\Users\ilhan\source\repos\StudyBuddy\StudyBuddy\Buddy.Domain\Buddy.Domain.csproj" projesinin "C:\Program Files\dotnet\sdk\10.0.200-preview.0.26103.119\Sdks\Microsoft.NET.Sdk\targets\Microsoft.NET.TargetFrameworkInference.targets" dosyasındaki "_CheckForUnsupportedNETCoreVersion" hedefi ("CollectPackageReferences" hedefi buna bağımlı):
   2:3>"Buddy.Domain.csproj" projesinde "_CheckForUnsupportedNETCoreVersion" hedefini oluşturma tamamlandı.
   2:3>"c:\Users\ilhan\source\repos\StudyBuddy\StudyBuddy\Buddy.Domain\Buddy.Domain.csproj" projesinin "C:\Program Files\dotnet\sdk\10.0.200-preview.0.26103.119\Sdks\Microsoft.NET.Sdk\targets\Microsoft.NET.TargetFrameworkInference.targets" dosyasındaki "_CheckForUnsupportedCppNETCoreVersion" hedefi ("CollectPackageReferences" hedefi buna bağımlı):
   2:3>"Buddy.Domain.csproj" projesinde "_CheckForUnsupportedCppNETCoreVersion" hedefini oluşturma tamamlandı.
   2:3>"c:\Users\ilhan\source\repos\StudyBuddy\StudyBuddy\Buddy.Domain\Buddy.Domain.csproj" projesinin "C:\Program Files\dotnet\sdk\10.0.200-preview.0.26103.119\Sdks\Microsoft.NET.Sdk\targets\Microsoft.NET.Sdk.DefaultItems.Shared.targets" dosyasındaki "CheckForImplicitPackageReferenceOverrides" hedefi ("CollectPackageReferences" hedefi buna bağımlı):
       "C:\Program Files\dotnet\sdk\10.0.200-preview.0.26103.119\Sdks\Microsoft.NET.Sdk\targets\..\tools\net10.0\Microsoft.NET.Build.Tasks.dll" derlemesindeki "CheckForImplicitPackageReferenceOverrides" görevi kullanılıyor.
       "CheckForImplicitPackageReferenceOverrides" görevi
       "CheckForImplicitPackageReferenceOverrides" görevini yürütme tamamlandı.
   2:3>"Buddy.Domain.csproj" projesinde "CheckForImplicitPackageReferenceOverrides" hedefini oluşturma tamamlandı.
   2:3>"c:\Users\ilhan\source\repos\StudyBuddy\StudyBuddy\Buddy.Domain\Buddy.Domain.csproj" projesinin "C:\Program Files\dotnet\sdk\10.0.200-preview.0.26103.119\Sdks\Microsoft.NET.Sdk\targets\Microsoft.NET.RuntimeIdentifierInference.targets" dosyasındaki "_CheckForLanguageAndFeatureCombinationSupport" hedefi ("ProcessFrameworkReferences" hedefi buna bağımlı):
   2:3>"Buddy.Domain.csproj" projesinde "_CheckForLanguageAndFeatureCombinationSupport" hedefini oluşturma tamamlandı.
   2:3>"c:\Users\ilhan\source\repos\StudyBuddy\StudyBuddy\Buddy.Domain\Buddy.Domain.csproj" projesinin "C:\Program Files\dotnet\sdk\10.0.200-preview.0.26103.119\Sdks\Microsoft.NET.Sdk\targets\Microsoft.NET.Publish.targets" dosyasındaki "_ComputeToolPackInputsToProcessFrameworkReferences" hedefi ("ProcessFrameworkReferences" hedefi buna bağımlı):
   2:3>"Buddy.Domain.csproj" projesinde "_ComputeToolPackInputsToProcessFrameworkReferences" hedefini oluşturma tamamlandı.
   2:3>"c:\Users\ilhan\source\repos\StudyBuddy\StudyBuddy\Buddy.Domain\Buddy.Domain.csproj" projesinin "C:\Program Files\dotnet\sdk\10.0.200-preview.0.26103.119\Sdks\Microsoft.NET.Sdk\targets\Microsoft.NET.Sdk.FrameworkReferenceResolution.targets" dosyasındaki "ProcessFrameworkReferences" hedefi ("CollectPackageReferences" hedefi buna bağımlı):
       "C:\Program Files\dotnet\sdk\10.0.200-preview.0.26103.119\Sdks\Microsoft.NET.Sdk\targets\..\tools\net10.0\Microsoft.NET.Build.Tasks.dll" derlemesindeki "CheckForDuplicateFrameworkReferences" görevi kullanılıyor.
       "CheckForDuplicateFrameworkReferences" görevi
       "CheckForDuplicateFrameworkReferences" görevini yürütme tamamlandı.
       "C:\Program Files\dotnet\sdk\10.0.200-preview.0.26103.119\Sdks\Microsoft.NET.Sdk\targets\..\tools\net10.0\Microsoft.NET.Build.Tasks.dll" derlemesindeki "ProcessFrameworkReferences" görevi kullanılıyor.
       "ProcessFrameworkReferences" görevi
         Found 1 known framework references for target framework .NETCoreApp
         Found 5 known runtime packs for target framework .NETCoreApp
         Selected Microsoft.NETCore.App with RIDs 'linux-arm;linux-arm64;linux-musl-arm64;linux-musl-x64;linux-x64;osx-x64;tizen.4.0.0-armel;tizen.5.0.0-armel;win-arm64;win-x64;win-x86;linux-musl-arm;osx-arm64;linux-s390x;linux-loongarch64;linux-bionic-arm;linux-bionic-arm64;linux-bionic-x64;linux-bionic-x86;linux-ppc64le;freebsd-x64;freebsd-arm64;linux-riscv64;linux-musl-riscv64;linux-musl-loongarch64;android-arm64;android-x64'
         Selected targeting pack 'Microsoft.NETCore.App@10.0.2'
         Added runtime framework 'Microsoft.NETCore.App@10.0.0'
         Selected Microsoft.WindowsDesktop.App with RIDs 'win-x64;win-x86;win-arm64'
         Selected targeting pack 'Microsoft.WindowsDesktop.App@10.0.2'
         Added runtime framework 'Microsoft.WindowsDesktop.App@10.0.0'
         Selected Microsoft.WindowsDesktop.App with RIDs 'win-x64;win-x86;win-arm64'
         Selected targeting pack 'Microsoft.WindowsDesktop.App.WPF@10.0.2'
         Added runtime framework 'Microsoft.WindowsDesktop.App@10.0.0'
         Selected Microsoft.WindowsDesktop.App with RIDs 'win-x64;win-x86;win-arm64'
         Selected targeting pack 'Microsoft.WindowsDesktop.App.WindowsForms@10.0.2'
         Added runtime framework 'Microsoft.WindowsDesktop.App@10.0.0'
         Selected Microsoft.AspNetCore.App with RIDs 'win-x64;win-x86;osx-x64;linux-musl-x64;linux-musl-arm64;linux-x64;linux-arm;linux-arm64;linux-musl-arm;win-arm64;osx-arm64;linux-s390x;linux-loongarch64;linux-ppc64le;freebsd-x64;freebsd-arm64;linux-riscv64;linux-musl-riscv64;linux-loongarch64;linux-musl-loongarch64'
         Selected targeting pack 'Microsoft.AspNetCore.App@10.0.2'
         Added runtime framework 'Microsoft.AspNetCore.App@10.0.0'
       "ProcessFrameworkReferences" görevini yürütme tamamlandı.
       "C:\Program Files\dotnet\sdk\10.0.200-preview.0.26103.119\Sdks\Microsoft.NET.Sdk\targets\..\tools\net10.0\Microsoft.NET.Build.Tasks.dll" derlemesindeki "ResolveAppHosts" görevi kullanılıyor.
       "ResolveAppHosts" görevi
       "ResolveAppHosts" görevini yürütme tamamlandı.
   2:3>"Buddy.Domain.csproj" projesinde "ProcessFrameworkReferences" hedefini oluşturma tamamlandı.
   2:3>"c:\Users\ilhan\source\repos\StudyBuddy\StudyBuddy\Buddy.Domain\Buddy.Domain.csproj" projesinin "C:\Program Files\dotnet\sdk\10.0.200-preview.0.26103.119\Sdks\Microsoft.NET.Sdk\targets\Microsoft.NET.ObsoleteReferences.targets" dosyasındaki "_CheckForObsoleteDotNetCliToolReferences" hedefi ("CollectPackageReferences" hedefi buna bağımlı):
   2:3>"Buddy.Domain.csproj" projesinde "_CheckForObsoleteDotNetCliToolReferences" hedefini oluşturma tamamlandı.
   2:3>"c:\Users\ilhan\source\repos\StudyBuddy\StudyBuddy\Buddy.Domain\Buddy.Domain.csproj" projesinin "C:\Program Files\dotnet\sdk\10.0.200-preview.0.26103.119\NuGet.targets" dosyasındaki "CollectPackageReferences" hedefi ("_GetRestoreProjectStyle" hedefi buna bağımlı):
       "C:\Program Files\dotnet\sdk\10.0.200-preview.0.26103.119\NuGet.Build.Tasks.dll" derlemesindeki "CheckForDuplicateNuGetItemsTask" görevi kullanılıyor.
       "CheckForDuplicateNuGetItemsTask" görevi
       "CheckForDuplicateNuGetItemsTask" görevini yürütme tamamlandı.
   2:3>"Buddy.Domain.csproj" projesinde "CollectPackageReferences" hedefini oluşturma tamamlandı.
   2:3>"c:\Users\ilhan\source\repos\StudyBuddy\StudyBuddy\Buddy.Domain\Buddy.Domain.csproj" projesinin "C:\Program Files\dotnet\sdk\10.0.200-preview.0.26103.119\NuGet.targets" dosyasındaki "_GetRestoreProjectStyle" hedefi ("_GenerateRestoreSpecs" hedefi buna bağımlı):
       "C:\Program Files\dotnet\sdk\10.0.200-preview.0.26103.119\NuGet.Build.Tasks.dll" derlemesindeki "GetRestoreProjectStyleTask" görevi kullanılıyor.
       "GetRestoreProjectStyleTask" görevi
       "GetRestoreProjectStyleTask" görevini yürütme tamamlandı.
   2:3>"Buddy.Domain.csproj" projesinde "_GetRestoreProjectStyle" hedefini oluşturma tamamlandı.
   2:3>"c:\Users\ilhan\source\repos\StudyBuddy\StudyBuddy\Buddy.Domain\Buddy.Domain.csproj" projesinin "C:\Program Files\dotnet\sdk\10.0.200-preview.0.26103.119\NuGet.targets" dosyasındaki "_GenerateRestoreSpecs" hedefi ("_GenerateRestoreGraphProjectEntry" hedefi buna bağımlı):
       "Message" görevi
         Restore entry point c:\Users\ilhan\source\repos\StudyBuddy\StudyBuddy\Buddy.Domain\Buddy.Domain.csproj
       "Message" görevini yürütme tamamlandı.
   2:3>"Buddy.Domain.csproj" projesinde "_GenerateRestoreSpecs" hedefini oluşturma tamamlandı.
   2:3>"c:\Users\ilhan\source\repos\StudyBuddy\StudyBuddy\Buddy.Domain\Buddy.Domain.csproj" projesinin "C:\Program Files\dotnet\sdk\10.0.200-preview.0.26103.119\NuGet.targets" dosyasındaki "_GetRestoreSettingsOverrides" hedefi ("_GetRestoreSettings" hedefi buna bağımlı):
   2:3>"Buddy.Domain.csproj" projesinde "_GetRestoreSettingsOverrides" hedefini oluşturma tamamlandı.
   2:3>"c:\Users\ilhan\source\repos\StudyBuddy\StudyBuddy\Buddy.Domain\Buddy.Domain.csproj" projesinin "C:\Program Files\dotnet\sdk\10.0.200-preview.0.26103.119\NuGet.targets" dosyasındaki "_GetRestoreSettingsPerFramework" hedefi ("_GetRestoreSettingsCurrentProject" hedefi buna bağımlı):
   2:3>"Buddy.Domain.csproj" projesinde "_GetRestoreSettingsPerFramework" hedefini oluşturma tamamlandı.
   2:3>"c:\Users\ilhan\source\repos\StudyBuddy\StudyBuddy\Buddy.Domain\Buddy.Domain.csproj" projesinin "C:\Program Files\dotnet\sdk\10.0.200-preview.0.26103.119\NuGet.targets" dosyasındaki "_GetRestoreSettingsCurrentProject" hedefi ("_GetRestoreSettings" hedefi buna bağımlı):
   2:3>"Buddy.Domain.csproj" projesinde "_GetRestoreSettingsCurrentProject" hedefini oluşturma tamamlandı.
   2:3>"c:\Users\ilhan\source\repos\StudyBuddy\StudyBuddy\Buddy.Domain\Buddy.Domain.csproj" projesinin "C:\Program Files\dotnet\sdk\10.0.200-preview.0.26103.119\NuGet.targets" dosyasındaki "_GetRestoreSettings" hedefi ("_GenerateDotnetCliToolReferenceSpecs" hedefi buna bağımlı):
       "C:\Program Files\dotnet\sdk\10.0.200-preview.0.26103.119\NuGet.Build.Tasks.dll" derlemesindeki "GetRestoreSettingsTask" görevi kullanılıyor.
       "GetRestoreSettingsTask" görevi
         Derleme TaskRun (NuGet.Build.Tasks.GetRestoreSettingsTask) sırasında yüklendi: NuGet.Configuration, Version=7.3.0.0, Culture=neutral, PublicKeyToken=31bf3856ad364e35 (konum: C:\Program Files\dotnet\sdk\10.0.200-preview.0.26103.119\NuGet.Configuration.dll, MVID: ac4b87a1-1747-4a6b-bebb-592d9de62c4a, AssemblyLoadContext: MSBuild plugin C:\Program Files\dotnet\sdk\10.0.200-preview.0.26103.119\NuGet.Build.Tasks.dll)
       "GetRestoreSettingsTask" görevini yürütme tamamlandı.
   2:3>"Buddy.Domain.csproj" projesinde "_GetRestoreSettings" hedefini oluşturma tamamlandı.
   2:3>"c:\Users\ilhan\source\repos\StudyBuddy\StudyBuddy\Buddy.Domain\Buddy.Domain.csproj" projesinin "C:\Program Files\dotnet\sdk\10.0.200-preview.0.26103.119\NuGet.targets" dosyasındaki "_GenerateDotnetCliToolReferenceSpecs" hedefi ("_GenerateRestoreGraphProjectEntry" hedefi buna bağımlı):
       "C:\Program Files\dotnet\sdk\10.0.200-preview.0.26103.119\NuGet.Build.Tasks.dll" derlemesindeki "GetRestoreDotnetCliToolsTask" görevi kullanılıyor.
       "GetRestoreDotnetCliToolsTask" görevi
       "GetRestoreDotnetCliToolsTask" görevini yürütme tamamlandı.
   2:3>"Buddy.Domain.csproj" projesinde "_GenerateDotnetCliToolReferenceSpecs" hedefini oluşturma tamamlandı.
   2:3>"c:\Users\ilhan\source\repos\StudyBuddy\StudyBuddy\Buddy.Domain\Buddy.Domain.csproj" projesinin "C:\Program Files\dotnet\sdk\10.0.200-preview.0.26103.119\NuGet.targets" dosyasındaki "_GenerateRestoreGraphProjectEntry" hedefi (giriş noktası):
   2:3>"Buddy.Domain.csproj" projesinde "_GenerateRestoreGraphProjectEntry" hedefini oluşturma tamamlandı.
   2:3>"c:\Users\ilhan\source\repos\StudyBuddy\StudyBuddy\Buddy.Domain\Buddy.Domain.csproj" Projesini Oluşturma İşlemi Tamamlandı (_GenerateRestoreGraphProjectEntry hedef).
     1>"c:\Users\ilhan\source\repos\StudyBuddy\StudyBuddy\Buddy.Application\Buddy.Application.csproj" projesi (1) 1 düğümünde "c:\Users\ilhan\source\repos\StudyBuddy\StudyBuddy\Buddy.Application\Buddy.Application.csproj" (1:5) oluşturuyor (_GenerateRestoreGraphProjectEntry hedef).
   1:5>"c:\Users\ilhan\source\repos\StudyBuddy\StudyBuddy\Buddy.Application\Buddy.Application.csproj" projesinin "C:\Program Files\dotnet\sdk\10.0.200-preview.0.26103.119\Sdks\Microsoft.NET.Sdk\targets\Microsoft.NET.TargetFrameworkInference.targets" dosyasındaki "_CheckForUnsupportedNETCoreVersion" hedefi ("CollectPackageReferences" hedefi buna bağımlı):
   1:5>"Buddy.Application.csproj" projesinde "_CheckForUnsupportedNETCoreVersion" hedefini oluşturma tamamlandı.
   1:5>"c:\Users\ilhan\source\repos\StudyBuddy\StudyBuddy\Buddy.Application\Buddy.Application.csproj" projesinin "C:\Program Files\dotnet\sdk\10.0.200-preview.0.26103.119\Sdks\Microsoft.NET.Sdk\targets\Microsoft.NET.TargetFrameworkInference.targets" dosyasındaki "_CheckForUnsupportedCppNETCoreVersion" hedefi ("CollectPackageReferences" hedefi buna bağımlı):
   1:5>"Buddy.Application.csproj" projesinde "_CheckForUnsupportedCppNETCoreVersion" hedefini oluşturma tamamlandı.
   1:5>"c:\Users\ilhan\source\repos\StudyBuddy\StudyBuddy\Buddy.Application\Buddy.Application.csproj" projesinin "C:\Program Files\dotnet\sdk\10.0.200-preview.0.26103.119\Sdks\Microsoft.NET.Sdk\targets\Microsoft.NET.Sdk.DefaultItems.Shared.targets" dosyasındaki "UpdateAspNetToFrameworkReference" hedefi ("ApplyImplicitVersions" hedefi buna bağımlı):
       "C:\Program Files\dotnet\sdk\10.0.200-preview.0.26103.119\Sdks\Microsoft.NET.Sdk\targets\..\tools\net10.0\Microsoft.NET.Build.Tasks.dll" derlemesindeki "CheckIfPackageReferenceShouldBeFrameworkReference" görevi kullanılıyor.
       "CheckIfPackageReferenceShouldBeFrameworkReference" görevi
       "CheckIfPackageReferenceShouldBeFrameworkReference" görevini yürütme tamamlandı.
       "CheckIfPackageReferenceShouldBeFrameworkReference" görevi
       "CheckIfPackageReferenceShouldBeFrameworkReference" görevini yürütme tamamlandı.
   1:5>"Buddy.Application.csproj" projesinde "UpdateAspNetToFrameworkReference" hedefini oluşturma tamamlandı.
   1:5>"c:\Users\ilhan\source\repos\StudyBuddy\StudyBuddy\Buddy.Application\Buddy.Application.csproj" projesinin "C:\Program Files\dotnet\sdk\10.0.200-preview.0.26103.119\Sdks\Microsoft.NET.Sdk\targets\Microsoft.NET.Sdk.DefaultItems.Shared.targets" dosyasındaki "CheckForImplicitPackageReferenceOverrides" hedefi ("ApplyImplicitVersions" hedefi buna bağımlı):
       "C:\Program Files\dotnet\sdk\10.0.200-preview.0.26103.119\Sdks\Microsoft.NET.Sdk\targets\..\tools\net10.0\Microsoft.NET.Build.Tasks.dll" derlemesindeki "CheckForImplicitPackageReferenceOverrides" görevi kullanılıyor.
       "CheckForImplicitPackageReferenceOverrides" görevi
       "CheckForImplicitPackageReferenceOverrides" görevini yürütme tamamlandı.
   1:5>"Buddy.Application.csproj" projesinde "CheckForImplicitPackageReferenceOverrides" hedefini oluşturma tamamlandı.
   1:5>"c:\Users\ilhan\source\repos\StudyBuddy\StudyBuddy\Buddy.Application\Buddy.Application.csproj" projesinin "C:\Program Files\dotnet\sdk\10.0.200-preview.0.26103.119\Sdks\Microsoft.NET.Sdk\targets\Microsoft.NET.Sdk.DefaultItems.Shared.targets" dosyasındaki "ApplyImplicitVersions" hedefi ("CollectPackageReferences" hedefi buna bağımlı):
       "C:\Program Files\dotnet\sdk\10.0.200-preview.0.26103.119\Sdks\Microsoft.NET.Sdk\targets\..\tools\net10.0\Microsoft.NET.Build.Tasks.dll" derlemesindeki "ApplyImplicitVersions" görevi kullanılıyor.
       "ApplyImplicitVersions" görevi
       "ApplyImplicitVersions" görevini yürütme tamamlandı.
   1:5>"Buddy.Application.csproj" projesinde "ApplyImplicitVersions" hedefini oluşturma tamamlandı.
       "CheckForImplicitPackageReferenceOverrides" hedefi atlandı. Önceden başarılı bir şekilde derlenmişti.
   1:5>"c:\Users\ilhan\source\repos\StudyBuddy\StudyBuddy\Buddy.Application\Buddy.Application.csproj" projesinin "C:\Program Files\dotnet\sdk\10.0.200-preview.0.26103.119\Sdks\Microsoft.NET.Sdk\targets\Microsoft.NET.RuntimeIdentifierInference.targets" dosyasındaki "_CheckForLanguageAndFeatureCombinationSupport" hedefi ("ProcessFrameworkReferences" hedefi buna bağımlı):
   1:5>"Buddy.Application.csproj" projesinde "_CheckForLanguageAndFeatureCombinationSupport" hedefini oluşturma tamamlandı.
   1:5>"c:\Users\ilhan\source\repos\StudyBuddy\StudyBuddy\Buddy.Application\Buddy.Application.csproj" projesinin "C:\Program Files\dotnet\sdk\10.0.200-preview.0.26103.119\Sdks\Microsoft.NET.Sdk\targets\Microsoft.NET.Publish.targets" dosyasındaki "_ComputeToolPackInputsToProcessFrameworkReferences" hedefi ("ProcessFrameworkReferences" hedefi buna bağımlı):
   1:5>"Buddy.Application.csproj" projesinde "_ComputeToolPackInputsToProcessFrameworkReferences" hedefini oluşturma tamamlandı.
   1:5>"c:\Users\ilhan\source\repos\StudyBuddy\StudyBuddy\Buddy.Application\Buddy.Application.csproj" projesinin "C:\Program Files\dotnet\sdk\10.0.200-preview.0.26103.119\Sdks\Microsoft.NET.Sdk\targets\Microsoft.NET.Sdk.FrameworkReferenceResolution.targets" dosyasındaki "ProcessFrameworkReferences" hedefi ("CollectPackageReferences" hedefi buna bağımlı):
       "C:\Program Files\dotnet\sdk\10.0.200-preview.0.26103.119\Sdks\Microsoft.NET.Sdk\targets\..\tools\net10.0\Microsoft.NET.Build.Tasks.dll" derlemesindeki "CheckForDuplicateFrameworkReferences" görevi kullanılıyor.
       "CheckForDuplicateFrameworkReferences" görevi
       "CheckForDuplicateFrameworkReferences" görevini yürütme tamamlandı.
       "C:\Program Files\dotnet\sdk\10.0.200-preview.0.26103.119\Sdks\Microsoft.NET.Sdk\targets\..\tools\net10.0\Microsoft.NET.Build.Tasks.dll" derlemesindeki "ProcessFrameworkReferences" görevi kullanılıyor.
       "ProcessFrameworkReferences" görevi
         Found 1 known framework references for target framework .NETCoreApp
         Found 5 known runtime packs for target framework .NETCoreApp
         Selected Microsoft.NETCore.App with RIDs 'linux-arm;linux-arm64;linux-musl-arm64;linux-musl-x64;linux-x64;osx-x64;tizen.4.0.0-armel;tizen.5.0.0-armel;win-arm64;win-x64;win-x86;linux-musl-arm;osx-arm64;linux-s390x;linux-loongarch64;linux-bionic-arm;linux-bionic-arm64;linux-bionic-x64;linux-bionic-x86;linux-ppc64le;freebsd-x64;freebsd-arm64;linux-riscv64;linux-musl-riscv64;linux-musl-loongarch64;android-arm64;android-x64'
         Selected targeting pack 'Microsoft.NETCore.App@10.0.2'
         Added runtime framework 'Microsoft.NETCore.App@10.0.0'
         Selected Microsoft.WindowsDesktop.App with RIDs 'win-x64;win-x86;win-arm64'
         Selected targeting pack 'Microsoft.WindowsDesktop.App@10.0.2'
         Added runtime framework 'Microsoft.WindowsDesktop.App@10.0.0'
         Selected Microsoft.WindowsDesktop.App with RIDs 'win-x64;win-x86;win-arm64'
         Selected targeting pack 'Microsoft.WindowsDesktop.App.WPF@10.0.2'
         Added runtime framework 'Microsoft.WindowsDesktop.App@10.0.0'
         Selected Microsoft.WindowsDesktop.App with RIDs 'win-x64;win-x86;win-arm64'
         Selected targeting pack 'Microsoft.WindowsDesktop.App.WindowsForms@10.0.2'
         Added runtime framework 'Microsoft.WindowsDesktop.App@10.0.0'
         Selected Microsoft.AspNetCore.App with RIDs 'win-x64;win-x86;osx-x64;linux-musl-x64;linux-musl-arm64;linux-x64;linux-arm;linux-arm64;linux-musl-arm;win-arm64;osx-arm64;linux-s390x;linux-loongarch64;linux-ppc64le;freebsd-x64;freebsd-arm64;linux-riscv64;linux-musl-riscv64;linux-loongarch64;linux-musl-loongarch64'
         Selected targeting pack 'Microsoft.AspNetCore.App@10.0.2'
         Added runtime framework 'Microsoft.AspNetCore.App@10.0.0'
       "ProcessFrameworkReferences" görevini yürütme tamamlandı.
       "C:\Program Files\dotnet\sdk\10.0.200-preview.0.26103.119\Sdks\Microsoft.NET.Sdk\targets\..\tools\net10.0\Microsoft.NET.Build.Tasks.dll" derlemesindeki "ResolveAppHosts" görevi kullanılıyor.
       "ResolveAppHosts" görevi
       "ResolveAppHosts" görevini yürütme tamamlandı.
   1:5>"Buddy.Application.csproj" projesinde "ProcessFrameworkReferences" hedefini oluşturma tamamlandı.
   1:5>"c:\Users\ilhan\source\repos\StudyBuddy\StudyBuddy\Buddy.Application\Buddy.Application.csproj" projesinin "C:\Program Files\dotnet\sdk\10.0.200-preview.0.26103.119\Sdks\Microsoft.NET.Sdk\targets\Microsoft.NET.ObsoleteReferences.targets" dosyasındaki "_CheckForObsoleteDotNetCliToolReferences" hedefi ("CollectPackageReferences" hedefi buna bağımlı):
   1:5>"Buddy.Application.csproj" projesinde "_CheckForObsoleteDotNetCliToolReferences" hedefini oluşturma tamamlandı.
   1:5>"c:\Users\ilhan\source\repos\StudyBuddy\StudyBuddy\Buddy.Application\Buddy.Application.csproj" projesinin "C:\Program Files\dotnet\sdk\10.0.200-preview.0.26103.119\NuGet.targets" dosyasındaki "CollectPackageReferences" hedefi ("_GetRestoreProjectStyle" hedefi buna bağımlı):
       "C:\Program Files\dotnet\sdk\10.0.200-preview.0.26103.119\NuGet.Build.Tasks.dll" derlemesindeki "CheckForDuplicateNuGetItemsTask" görevi kullanılıyor.
       "CheckForDuplicateNuGetItemsTask" görevi
       "CheckForDuplicateNuGetItemsTask" görevini yürütme tamamlandı.
   1:5>"Buddy.Application.csproj" projesinde "CollectPackageReferences" hedefini oluşturma tamamlandı.
   1:5>"c:\Users\ilhan\source\repos\StudyBuddy\StudyBuddy\Buddy.Application\Buddy.Application.csproj" projesinin "C:\Program Files\dotnet\sdk\10.0.200-preview.0.26103.119\NuGet.targets" dosyasındaki "_GetRestoreProjectStyle" hedefi ("_GenerateRestoreSpecs" hedefi buna bağımlı):
       "C:\Program Files\dotnet\sdk\10.0.200-preview.0.26103.119\NuGet.Build.Tasks.dll" derlemesindeki "GetRestoreProjectStyleTask" görevi kullanılıyor.
       "GetRestoreProjectStyleTask" görevi
       "GetRestoreProjectStyleTask" görevini yürütme tamamlandı.
   1:5>"Buddy.Application.csproj" projesinde "_GetRestoreProjectStyle" hedefini oluşturma tamamlandı.
   1:5>"c:\Users\ilhan\source\repos\StudyBuddy\StudyBuddy\Buddy.Application\Buddy.Application.csproj" projesinin "C:\Program Files\dotnet\sdk\10.0.200-preview.0.26103.119\NuGet.targets" dosyasındaki "_GenerateRestoreSpecs" hedefi ("_GenerateRestoreGraphProjectEntry" hedefi buna bağımlı):
       "Message" görevi
         Restore entry point c:\Users\ilhan\source\repos\StudyBuddy\StudyBuddy\Buddy.Application\Buddy.Application.csproj
       "Message" görevini yürütme tamamlandı.
   1:5>"Buddy.Application.csproj" projesinde "_GenerateRestoreSpecs" hedefini oluşturma tamamlandı.
   1:5>"c:\Users\ilhan\source\repos\StudyBuddy\StudyBuddy\Buddy.Application\Buddy.Application.csproj" projesinin "C:\Program Files\dotnet\sdk\10.0.200-preview.0.26103.119\NuGet.targets" dosyasındaki "_GetRestoreSettingsOverrides" hedefi ("_GetRestoreSettings" hedefi buna bağımlı):
   1:5>"Buddy.Application.csproj" projesinde "_GetRestoreSettingsOverrides" hedefini oluşturma tamamlandı.
   1:5>"c:\Users\ilhan\source\repos\StudyBuddy\StudyBuddy\Buddy.Application\Buddy.Application.csproj" projesinin "C:\Program Files\dotnet\sdk\10.0.200-preview.0.26103.119\NuGet.targets" dosyasındaki "_GetRestoreSettingsPerFramework" hedefi ("_GetRestoreSettingsCurrentProject" hedefi buna bağımlı):
   1:5>"Buddy.Application.csproj" projesinde "_GetRestoreSettingsPerFramework" hedefini oluşturma tamamlandı.
   1:5>"c:\Users\ilhan\source\repos\StudyBuddy\StudyBuddy\Buddy.Application\Buddy.Application.csproj" projesinin "C:\Program Files\dotnet\sdk\10.0.200-preview.0.26103.119\NuGet.targets" dosyasındaki "_GetRestoreSettingsCurrentProject" hedefi ("_GetRestoreSettings" hedefi buna bağımlı):
   1:5>"Buddy.Application.csproj" projesinde "_GetRestoreSettingsCurrentProject" hedefini oluşturma tamamlandı.
   1:5>"c:\Users\ilhan\source\repos\StudyBuddy\StudyBuddy\Buddy.Application\Buddy.Application.csproj" projesinin "C:\Program Files\dotnet\sdk\10.0.200-preview.0.26103.119\NuGet.targets" dosyasındaki "_GetRestoreSettings" hedefi ("_GenerateDotnetCliToolReferenceSpecs" hedefi buna bağımlı):
       "C:\Program Files\dotnet\sdk\10.0.200-preview.0.26103.119\NuGet.Build.Tasks.dll" derlemesindeki "GetRestoreSettingsTask" görevi kullanılıyor.
       "GetRestoreSettingsTask" görevi
       "GetRestoreSettingsTask" görevini yürütme tamamlandı.
   1:5>"Buddy.Application.csproj" projesinde "_GetRestoreSettings" hedefini oluşturma tamamlandı.
   1:5>"c:\Users\ilhan\source\repos\StudyBuddy\StudyBuddy\Buddy.Application\Buddy.Application.csproj" projesinin "C:\Program Files\dotnet\sdk\10.0.200-preview.0.26103.119\NuGet.targets" dosyasındaki "_GenerateDotnetCliToolReferenceSpecs" hedefi ("_GenerateRestoreGraphProjectEntry" hedefi buna bağımlı):
       "C:\Program Files\dotnet\sdk\10.0.200-preview.0.26103.119\NuGet.Build.Tasks.dll" derlemesindeki "GetRestoreDotnetCliToolsTask" görevi kullanılıyor.
       "GetRestoreDotnetCliToolsTask" görevi
       "GetRestoreDotnetCliToolsTask" görevini yürütme tamamlandı.
   1:5>"Buddy.Application.csproj" projesinde "_GenerateDotnetCliToolReferenceSpecs" hedefini oluşturma tamamlandı.
   1:5>"c:\Users\ilhan\source\repos\StudyBuddy\StudyBuddy\Buddy.Application\Buddy.Application.csproj" projesinin "C:\Program Files\dotnet\sdk\10.0.200-preview.0.26103.119\NuGet.targets" dosyasındaki "_GenerateRestoreGraphProjectEntry" hedefi (giriş noktası):
   1:5>"Buddy.Application.csproj" projesinde "_GenerateRestoreGraphProjectEntry" hedefini oluşturma tamamlandı.
   1:5>"c:\Users\ilhan\source\repos\StudyBuddy\StudyBuddy\Buddy.Application\Buddy.Application.csproj" Projesini Oluşturma İşlemi Tamamlandı (_GenerateRestoreGraphProjectEntry hedef).
     1>"MSBuild" görevini yürütme tamamlandı.
       "MSBuild" görevi
         Genel Özellikler:
           ExcludeRestorePackageImports=true
     1>"c:\Users\ilhan\source\repos\StudyBuddy\StudyBuddy\Buddy.Application\Buddy.Application.csproj" projesi (1) 1 düğümünde "c:\Users\ilhan\source\repos\StudyBuddy\StudyBuddy\Buddy.Domain\Buddy.Domain.csproj" (2:4) oluşturuyor (_GenerateProjectRestoreGraph hedef).
   2:4>"_GetRestoreProjectStyle" hedefi atlandı. Önceden başarılı bir şekilde derlenmişti.
       "_GetRestoreProjectStyle" hedefi atlandı. Önceden başarılı bir şekilde derlenmişti.
       "_GetRestoreProjectStyle" hedefi atlandı. Önceden başarılı bir şekilde derlenmişti.
   2:4>"c:\Users\ilhan\source\repos\StudyBuddy\StudyBuddy\Buddy.Domain\Buddy.Domain.csproj" projesinin "C:\Program Files\dotnet\sdk\10.0.200-preview.0.26103.119\NuGet.targets" dosyasındaki "_GetRestoreTargetFrameworkOverride" hedefi ("_GetRestoreTargetFrameworksOutput" hedefi buna bağımlı):
   2:4>"Buddy.Domain.csproj" projesinde "_GetRestoreTargetFrameworkOverride" hedefini oluşturma tamamlandı.
   2:4>"c:\Users\ilhan\source\repos\StudyBuddy\StudyBuddy\Buddy.Domain\Buddy.Domain.csproj" projesinin "C:\Program Files\dotnet\sdk\10.0.200-preview.0.26103.119\NuGet.targets" dosyasındaki "_GetRestoreTargetFrameworksOutput" hedefi ("_GenerateRestoreProjectSpec" hedefi buna bağımlı):
       "C:\Program Files\dotnet\sdk\10.0.200-preview.0.26103.119\NuGet.Build.Tasks.dll" derlemesindeki "GetProjectTargetFrameworksTask" görevi kullanılıyor.
       "GetProjectTargetFrameworksTask" görevi
       "GetProjectTargetFrameworksTask" görevini yürütme tamamlandı.
   2:4>"Buddy.Domain.csproj" projesinde "_GetRestoreTargetFrameworksOutput" hedefini oluşturma tamamlandı.
       "_GetRestoreSettings" hedefi atlandı. Önceden başarılı bir şekilde derlenmişti.
   2:4>"c:\Users\ilhan\source\repos\StudyBuddy\StudyBuddy\Buddy.Domain\Buddy.Domain.csproj" projesinin "C:\Program Files\dotnet\sdk\10.0.200-preview.0.26103.119\NuGet.targets" dosyasındaki "_GenerateRestoreProjectSpec" hedefi ("_GenerateProjectRestoreGraph" hedefi buna bağımlı):
       "ConvertToAbsolutePath" görevi
       "ConvertToAbsolutePath" görevini yürütme tamamlandı.
   2:4>"Buddy.Domain.csproj" projesinde "_GenerateRestoreProjectSpec" hedefini oluşturma tamamlandı.
       "_GetRestoreProjectStyle" hedefi atlandı. Önceden başarılı bir şekilde derlenmişti.
       "CollectPackageReferences" hedefi atlandı. Önceden başarılı bir şekilde derlenmişti.
   2:4>"c:\Users\ilhan\source\repos\StudyBuddy\StudyBuddy\Buddy.Domain\Buddy.Domain.csproj" projesinin "C:\Program Files\dotnet\sdk\10.0.200-preview.0.26103.119\NuGet.targets" dosyasındaki "CollectPackageDownloads" hedefi ("_CollectRestoreInputs" hedefi buna bağımlı):
       "CheckForDuplicateNuGetItemsTask" görevi
       "CheckForDuplicateNuGetItemsTask" görevini yürütme tamamlandı.
   2:4>"Buddy.Domain.csproj" projesinde "CollectPackageDownloads" hedefini oluşturma tamamlandı.
   2:4>"c:\Users\ilhan\source\repos\StudyBuddy\StudyBuddy\Buddy.Domain\Buddy.Domain.csproj" projesinin "C:\Program Files\dotnet\sdk\10.0.200-preview.0.26103.119\NuGet.targets" dosyasındaki "CollectFrameworkReferences" hedefi ("_CollectRestoreInputs" hedefi buna bağımlı):
   2:4>"Buddy.Domain.csproj" projesinde "CollectFrameworkReferences" hedefini oluşturma tamamlandı.
   2:4>"c:\Users\ilhan\source\repos\StudyBuddy\StudyBuddy\Buddy.Domain\Buddy.Domain.csproj" projesinin "C:\Program Files\dotnet\sdk\10.0.200-preview.0.26103.119\NuGet.targets" dosyasındaki "CollectCentralPackageVersions" hedefi ("_CollectRestoreInputs" hedefi buna bağımlı):
       "CheckForDuplicateNuGetItemsTask" görevi
       "CheckForDuplicateNuGetItemsTask" görevini yürütme tamamlandı.
   2:4>"Buddy.Domain.csproj" projesinde "CollectCentralPackageVersions" hedefini oluşturma tamamlandı.
   2:4>"c:\Users\ilhan\source\repos\StudyBuddy\StudyBuddy\Buddy.Domain\Buddy.Domain.csproj" projesinin "C:\Program Files\dotnet\sdk\10.0.200-preview.0.26103.119\NuGet.targets" dosyasındaki "CollectNuGetAuditSuppressions" hedefi ("_CollectRestoreInputs" hedefi buna bağımlı):
       "CheckForDuplicateNuGetItemsTask" görevi
       "CheckForDuplicateNuGetItemsTask" görevini yürütme tamamlandı.
   2:4>"Buddy.Domain.csproj" projesinde "CollectNuGetAuditSuppressions" hedefini oluşturma tamamlandı.
       "ProcessFrameworkReferences" hedefi atlandı. Önceden başarılı bir şekilde derlenmişti.
   2:4>"c:\Users\ilhan\source\repos\StudyBuddy\StudyBuddy\Buddy.Domain\Buddy.Domain.csproj" projesinin "C:\Program Files\dotnet\sdk\10.0.200-preview.0.26103.119\Sdks\Microsoft.NET.Sdk\targets\Microsoft.NET.Sdk.FrameworkReferenceResolution.targets" dosyasındaki "AddPrunePackageReferences" hedefi ("CollectPrunePackageReferences" hedefi buna bağımlı):
       "C:\Program Files\dotnet\sdk\10.0.200-preview.0.26103.119\Sdks\Microsoft.NET.Sdk\targets\..\tools\net10.0\Microsoft.NET.Build.Tasks.dll" derlemesindeki "GetPackagesToPrune" görevi kullanılıyor.
       "GetPackagesToPrune" görevi
         Loading packages to prune for .NETCoreApp 10.0 Microsoft.NETCore.App
         Loading prune package data from PrunePackageData folder
         Failed to load prune package data from PrunePackageData folder, loading from targeting packs instead
         Looking for targeting packs in C:\Program Files\dotnet\packs\Microsoft.NETCore.App.Ref
         Pack directories found: C:\Program Files\dotnet\packs\Microsoft.NETCore.App.Ref\10.0.2
         Found package overrides file C:\Program Files\dotnet\packs\Microsoft.NETCore.App.Ref\10.0.2\data\PackageOverrides.txt
       "GetPackagesToPrune" görevini yürütme tamamlandı.
   2:4>"Buddy.Domain.csproj" projesinde "AddPrunePackageReferences" hedefini oluşturma tamamlandı.
   2:4>"c:\Users\ilhan\source\repos\StudyBuddy\StudyBuddy\Buddy.Domain\Buddy.Domain.csproj" projesinin "C:\Program Files\dotnet\sdk\10.0.200-preview.0.26103.119\NuGet.targets" dosyasındaki "CollectPrunePackageReferences" hedefi ("_CollectRestoreInputs" hedefi buna bağımlı):
       "CheckForDuplicateNuGetItemsTask" görevi
       "CheckForDuplicateNuGetItemsTask" görevini yürütme tamamlandı.
   2:4>"Buddy.Domain.csproj" projesinde "CollectPrunePackageReferences" hedefini oluşturma tamamlandı.
   2:4>"c:\Users\ilhan\source\repos\StudyBuddy\StudyBuddy\Buddy.Domain\Buddy.Domain.csproj" projesinin "C:\Program Files\dotnet\sdk\10.0.200-preview.0.26103.119\NuGet.targets" dosyasındaki "_CollectRestoreInputs" hedefi ("_GenerateProjectRestoreGraphPerFramework" hedefi buna bağımlı):
   2:4>"Buddy.Domain.csproj" projesinde "_CollectRestoreInputs" hedefini oluşturma tamamlandı.
   2:4>"c:\Users\ilhan\source\repos\StudyBuddy\StudyBuddy\Buddy.Domain\Buddy.Domain.csproj" projesinin "C:\Program Files\dotnet\sdk\10.0.200-preview.0.26103.119\NuGet.targets" dosyasındaki "_GenerateProjectRestoreGraphPerFramework" hedefi ("_GenerateProjectRestoreGraphCurrentProject" hedefi buna bağımlı):
       "C:\Program Files\dotnet\sdk\10.0.200-preview.0.26103.119\NuGet.Build.Tasks.dll" derlemesindeki "GetRestoreProjectReferencesTask" görevi kullanılıyor.
       "GetRestoreProjectReferencesTask" görevi
       "GetRestoreProjectReferencesTask" görevini yürütme tamamlandı.
       "C:\Program Files\dotnet\sdk\10.0.200-preview.0.26103.119\NuGet.Build.Tasks.dll" derlemesindeki "GetRestorePackageReferencesTask" görevi kullanılıyor.
       "GetRestorePackageReferencesTask" görevi
       "GetRestorePackageReferencesTask" görevini yürütme tamamlandı.
       "C:\Program Files\dotnet\sdk\10.0.200-preview.0.26103.119\NuGet.Build.Tasks.dll" derlemesindeki "GetRestorePackageDownloadsTask" görevi kullanılıyor.
       "GetRestorePackageDownloadsTask" görevi
       "GetRestorePackageDownloadsTask" görevini yürütme tamamlandı.
       "C:\Program Files\dotnet\sdk\10.0.200-preview.0.26103.119\NuGet.Build.Tasks.dll" derlemesindeki "GetRestoreFrameworkReferencesTask" görevi kullanılıyor.
       "GetRestoreFrameworkReferencesTask" görevi
       "GetRestoreFrameworkReferencesTask" görevini yürütme tamamlandı.
       "C:\Program Files\dotnet\sdk\10.0.200-preview.0.26103.119\NuGet.Build.Tasks.dll" derlemesindeki "GetRestoreNuGetAuditSuppressionsTask" görevi kullanılıyor.
       "GetRestoreNuGetAuditSuppressionsTask" görevi
       "GetRestoreNuGetAuditSuppressionsTask" görevini yürütme tamamlandı.
       "C:\Program Files\dotnet\sdk\10.0.200-preview.0.26103.119\NuGet.Build.Tasks.dll" derlemesindeki "GetRestorePrunePackageReferencesTask" görevi kullanılıyor.
       "GetRestorePrunePackageReferencesTask" görevi
       "GetRestorePrunePackageReferencesTask" görevini yürütme tamamlandı.
   2:4>"Buddy.Domain.csproj" projesinde "_GenerateProjectRestoreGraphPerFramework" hedefini oluşturma tamamlandı.
   2:4>"c:\Users\ilhan\source\repos\StudyBuddy\StudyBuddy\Buddy.Domain\Buddy.Domain.csproj" projesinin "C:\Program Files\dotnet\sdk\10.0.200-preview.0.26103.119\NuGet.targets" dosyasındaki "_GenerateProjectRestoreGraphCurrentProject" hedefi ("_GenerateRestoreDependencies" hedefi buna bağımlı):
   2:4>"Buddy.Domain.csproj" projesinde "_GenerateProjectRestoreGraphCurrentProject" hedefini oluşturma tamamlandı.
   2:4>"c:\Users\ilhan\source\repos\StudyBuddy\StudyBuddy\Buddy.Domain\Buddy.Domain.csproj" projesinin "C:\Program Files\dotnet\sdk\10.0.200-preview.0.26103.119\NuGet.targets" dosyasındaki "_GenerateRestoreDependencies" hedefi ("_GenerateProjectRestoreGraph" hedefi buna bağımlı):
   2:4>"Buddy.Domain.csproj" projesinde "_GenerateRestoreDependencies" hedefini oluşturma tamamlandı.
   2:4>"c:\Users\ilhan\source\repos\StudyBuddy\StudyBuddy\Buddy.Domain\Buddy.Domain.csproj" projesinin "C:\Program Files\dotnet\sdk\10.0.200-preview.0.26103.119\NuGet.targets" dosyasındaki "_GenerateProjectRestoreGraph" hedefi (giriş noktası):
   2:4>"Buddy.Domain.csproj" projesinde "_GenerateProjectRestoreGraph" hedefini oluşturma tamamlandı.
   2:4>"c:\Users\ilhan\source\repos\StudyBuddy\StudyBuddy\Buddy.Domain\Buddy.Domain.csproj" Projesini Oluşturma İşlemi Tamamlandı (_GenerateProjectRestoreGraph hedef).
     1>"c:\Users\ilhan\source\repos\StudyBuddy\StudyBuddy\Buddy.Application\Buddy.Application.csproj" projesi (1) 1 düğümünde "c:\Users\ilhan\source\repos\StudyBuddy\StudyBuddy\Buddy.Application\Buddy.Application.csproj" (1:6) oluşturuyor (_GenerateProjectRestoreGraph hedef).
   1:6>"_GetRestoreProjectStyle" hedefi atlandı. Önceden başarılı bir şekilde derlenmişti.
       "_GetRestoreProjectStyle" hedefi atlandı. Önceden başarılı bir şekilde derlenmişti.
       "_GetRestoreProjectStyle" hedefi atlandı. Önceden başarılı bir şekilde derlenmişti.
   1:6>"c:\Users\ilhan\source\repos\StudyBuddy\StudyBuddy\Buddy.Application\Buddy.Application.csproj" projesinin "C:\Program Files\dotnet\sdk\10.0.200-preview.0.26103.119\NuGet.targets" dosyasındaki "_GetRestoreTargetFrameworkOverride" hedefi ("_GetRestoreTargetFrameworksOutput" hedefi buna bağımlı):
   1:6>"Buddy.Application.csproj" projesinde "_GetRestoreTargetFrameworkOverride" hedefini oluşturma tamamlandı.
   1:6>"c:\Users\ilhan\source\repos\StudyBuddy\StudyBuddy\Buddy.Application\Buddy.Application.csproj" projesinin "C:\Program Files\dotnet\sdk\10.0.200-preview.0.26103.119\NuGet.targets" dosyasındaki "_GetRestoreTargetFrameworksOutput" hedefi ("_GenerateRestoreProjectSpec" hedefi buna bağımlı):
       "C:\Program Files\dotnet\sdk\10.0.200-preview.0.26103.119\NuGet.Build.Tasks.dll" derlemesindeki "GetProjectTargetFrameworksTask" görevi kullanılıyor.
       "GetProjectTargetFrameworksTask" görevi
       "GetProjectTargetFrameworksTask" görevini yürütme tamamlandı.
   1:6>"Buddy.Application.csproj" projesinde "_GetRestoreTargetFrameworksOutput" hedefini oluşturma tamamlandı.
       "_GetRestoreSettings" hedefi atlandı. Önceden başarılı bir şekilde derlenmişti.
   1:6>"c:\Users\ilhan\source\repos\StudyBuddy\StudyBuddy\Buddy.Application\Buddy.Application.csproj" projesinin "C:\Program Files\dotnet\sdk\10.0.200-preview.0.26103.119\NuGet.targets" dosyasındaki "_GenerateRestoreProjectSpec" hedefi ("_GenerateProjectRestoreGraph" hedefi buna bağımlı):
       "ConvertToAbsolutePath" görevi
       "ConvertToAbsolutePath" görevini yürütme tamamlandı.
   1:6>"Buddy.Application.csproj" projesinde "_GenerateRestoreProjectSpec" hedefini oluşturma tamamlandı.
       "_GetRestoreProjectStyle" hedefi atlandı. Önceden başarılı bir şekilde derlenmişti.
       "CollectPackageReferences" hedefi atlandı. Önceden başarılı bir şekilde derlenmişti.
   1:6>"c:\Users\ilhan\source\repos\StudyBuddy\StudyBuddy\Buddy.Application\Buddy.Application.csproj" projesinin "C:\Program Files\dotnet\sdk\10.0.200-preview.0.26103.119\NuGet.targets" dosyasındaki "CollectPackageDownloads" hedefi ("_CollectRestoreInputs" hedefi buna bağımlı):
       "CheckForDuplicateNuGetItemsTask" görevi
       "CheckForDuplicateNuGetItemsTask" görevini yürütme tamamlandı.
   1:6>"Buddy.Application.csproj" projesinde "CollectPackageDownloads" hedefini oluşturma tamamlandı.
   1:6>"c:\Users\ilhan\source\repos\StudyBuddy\StudyBuddy\Buddy.Application\Buddy.Application.csproj" projesinin "C:\Program Files\dotnet\sdk\10.0.200-preview.0.26103.119\NuGet.targets" dosyasındaki "CollectFrameworkReferences" hedefi ("_CollectRestoreInputs" hedefi buna bağımlı):
   1:6>"Buddy.Application.csproj" projesinde "CollectFrameworkReferences" hedefini oluşturma tamamlandı.
   1:6>"c:\Users\ilhan\source\repos\StudyBuddy\StudyBuddy\Buddy.Application\Buddy.Application.csproj" projesinin "C:\Program Files\dotnet\sdk\10.0.200-preview.0.26103.119\NuGet.targets" dosyasındaki "CollectCentralPackageVersions" hedefi ("_CollectRestoreInputs" hedefi buna bağımlı):
       "CheckForDuplicateNuGetItemsTask" görevi
       "CheckForDuplicateNuGetItemsTask" görevini yürütme tamamlandı.
   1:6>"Buddy.Application.csproj" projesinde "CollectCentralPackageVersions" hedefini oluşturma tamamlandı.
   1:6>"c:\Users\ilhan\source\repos\StudyBuddy\StudyBuddy\Buddy.Application\Buddy.Application.csproj" projesinin "C:\Program Files\dotnet\sdk\10.0.200-preview.0.26103.119\NuGet.targets" dosyasındaki "CollectNuGetAuditSuppressions" hedefi ("_CollectRestoreInputs" hedefi buna bağımlı):
       "CheckForDuplicateNuGetItemsTask" görevi
       "CheckForDuplicateNuGetItemsTask" görevini yürütme tamamlandı.
   1:6>"Buddy.Application.csproj" projesinde "CollectNuGetAuditSuppressions" hedefini oluşturma tamamlandı.
       "ProcessFrameworkReferences" hedefi atlandı. Önceden başarılı bir şekilde derlenmişti.
   1:6>"c:\Users\ilhan\source\repos\StudyBuddy\StudyBuddy\Buddy.Application\Buddy.Application.csproj" projesinin "C:\Program Files\dotnet\sdk\10.0.200-preview.0.26103.119\Sdks\Microsoft.NET.Sdk\targets\Microsoft.NET.Sdk.FrameworkReferenceResolution.targets" dosyasındaki "AddPrunePackageReferences" hedefi ("CollectPrunePackageReferences" hedefi buna bağımlı):
       "C:\Program Files\dotnet\sdk\10.0.200-preview.0.26103.119\Sdks\Microsoft.NET.Sdk\targets\..\tools\net10.0\Microsoft.NET.Build.Tasks.dll" derlemesindeki "GetPackagesToPrune" görevi kullanılıyor.
       "GetPackagesToPrune" görevi
       "GetPackagesToPrune" görevini yürütme tamamlandı.
   1:6>"Buddy.Application.csproj" projesinde "AddPrunePackageReferences" hedefini oluşturma tamamlandı.
   1:6>"c:\Users\ilhan\source\repos\StudyBuddy\StudyBuddy\Buddy.Application\Buddy.Application.csproj" projesinin "C:\Program Files\dotnet\sdk\10.0.200-preview.0.26103.119\NuGet.targets" dosyasındaki "CollectPrunePackageReferences" hedefi ("_CollectRestoreInputs" hedefi buna bağımlı):
       "CheckForDuplicateNuGetItemsTask" görevi
       "CheckForDuplicateNuGetItemsTask" görevini yürütme tamamlandı.
   1:6>"Buddy.Application.csproj" projesinde "CollectPrunePackageReferences" hedefini oluşturma tamamlandı.
   1:6>"c:\Users\ilhan\source\repos\StudyBuddy\StudyBuddy\Buddy.Application\Buddy.Application.csproj" projesinin "C:\Program Files\dotnet\sdk\10.0.200-preview.0.26103.119\NuGet.targets" dosyasındaki "_CollectRestoreInputs" hedefi ("_GenerateProjectRestoreGraphPerFramework" hedefi buna bağımlı):
   1:6>"Buddy.Application.csproj" projesinde "_CollectRestoreInputs" hedefini oluşturma tamamlandı.
   1:6>"c:\Users\ilhan\source\repos\StudyBuddy\StudyBuddy\Buddy.Application\Buddy.Application.csproj" projesinin "C:\Program Files\dotnet\sdk\10.0.200-preview.0.26103.119\NuGet.targets" dosyasındaki "_GenerateProjectRestoreGraphPerFramework" hedefi ("_GenerateProjectRestoreGraphCurrentProject" hedefi buna bağımlı):
       "C:\Program Files\dotnet\sdk\10.0.200-preview.0.26103.119\NuGet.Build.Tasks.dll" derlemesindeki "GetRestoreProjectReferencesTask" görevi kullanılıyor.
       "GetRestoreProjectReferencesTask" görevi
       "GetRestoreProjectReferencesTask" görevini yürütme tamamlandı.
       "C:\Program Files\dotnet\sdk\10.0.200-preview.0.26103.119\NuGet.Build.Tasks.dll" derlemesindeki "GetRestorePackageReferencesTask" görevi kullanılıyor.
       "GetRestorePackageReferencesTask" görevi
       "GetRestorePackageReferencesTask" görevini yürütme tamamlandı.
       "C:\Program Files\dotnet\sdk\10.0.200-preview.0.26103.119\NuGet.Build.Tasks.dll" derlemesindeki "GetRestorePackageDownloadsTask" görevi kullanılıyor.
       "GetRestorePackageDownloadsTask" görevi
       "GetRestorePackageDownloadsTask" görevini yürütme tamamlandı.
       "C:\Program Files\dotnet\sdk\10.0.200-preview.0.26103.119\NuGet.Build.Tasks.dll" derlemesindeki "GetRestoreFrameworkReferencesTask" görevi kullanılıyor.
       "GetRestoreFrameworkReferencesTask" görevi
       "GetRestoreFrameworkReferencesTask" görevini yürütme tamamlandı.
       "C:\Program Files\dotnet\sdk\10.0.200-preview.0.26103.119\NuGet.Build.Tasks.dll" derlemesindeki "GetRestoreNuGetAuditSuppressionsTask" görevi kullanılıyor.
       "GetRestoreNuGetAuditSuppressionsTask" görevi
       "GetRestoreNuGetAuditSuppressionsTask" görevini yürütme tamamlandı.
       "C:\Program Files\dotnet\sdk\10.0.200-preview.0.26103.119\NuGet.Build.Tasks.dll" derlemesindeki "GetRestorePrunePackageReferencesTask" görevi kullanılıyor.
       "GetRestorePrunePackageReferencesTask" görevi
       "GetRestorePrunePackageReferencesTask" görevini yürütme tamamlandı.
   1:6>"Buddy.Application.csproj" projesinde "_GenerateProjectRestoreGraphPerFramework" hedefini oluşturma tamamlandı.
   1:6>"c:\Users\ilhan\source\repos\StudyBuddy\StudyBuddy\Buddy.Application\Buddy.Application.csproj" projesinin "C:\Program Files\dotnet\sdk\10.0.200-preview.0.26103.119\NuGet.targets" dosyasındaki "_GenerateProjectRestoreGraphCurrentProject" hedefi ("_GenerateRestoreDependencies" hedefi buna bağımlı):
   1:6>"Buddy.Application.csproj" projesinde "_GenerateProjectRestoreGraphCurrentProject" hedefini oluşturma tamamlandı.
   1:6>"c:\Users\ilhan\source\repos\StudyBuddy\StudyBuddy\Buddy.Application\Buddy.Application.csproj" projesinin "C:\Program Files\dotnet\sdk\10.0.200-preview.0.26103.119\NuGet.targets" dosyasındaki "_GenerateRestoreDependencies" hedefi ("_GenerateProjectRestoreGraph" hedefi buna bağımlı):
   1:6>"Buddy.Application.csproj" projesinde "_GenerateRestoreDependencies" hedefini oluşturma tamamlandı.
   1:6>"c:\Users\ilhan\source\repos\StudyBuddy\StudyBuddy\Buddy.Application\Buddy.Application.csproj" projesinin "C:\Program Files\dotnet\sdk\10.0.200-preview.0.26103.119\NuGet.targets" dosyasındaki "_GenerateProjectRestoreGraph" hedefi (giriş noktası):
   1:6>"Buddy.Application.csproj" projesinde "_GenerateProjectRestoreGraph" hedefini oluşturma tamamlandı.
   1:6>"c:\Users\ilhan\source\repos\StudyBuddy\StudyBuddy\Buddy.Application\Buddy.Application.csproj" Projesini Oluşturma İşlemi Tamamlandı (_GenerateProjectRestoreGraph hedef).
     1>"MSBuild" görevini yürütme tamamlandı.
     1>"Buddy.Application.csproj" projesinde "_GenerateRestoreGraph" hedefini oluşturma tamamlandı.
     1>"c:\Users\ilhan\source\repos\StudyBuddy\StudyBuddy\Buddy.Application\Buddy.Application.csproj" projesinin "C:\Program Files\dotnet\sdk\10.0.200-preview.0.26103.119\Sdks\Microsoft.NET.Sdk\targets\Microsoft.NET.TargetFrameworkInference.targets" dosyasındaki "_CollectTargetFrameworkForTelemetry" hedefi ("Restore" hedefi buna bağımlı):
       "C:\Program Files\dotnet\sdk\10.0.200-preview.0.26103.119\Sdks\Microsoft.NET.Sdk\targets\..\tools\net10.0\Microsoft.NET.Build.Tasks.dll" derlemesindeki "AllowEmptyTelemetry" görevi kullanılıyor.
       "AllowEmptyTelemetry" görevi
       "AllowEmptyTelemetry" görevini yürütme tamamlandı.
     1>"Buddy.Application.csproj" projesinde "_CollectTargetFrameworkForTelemetry" hedefini oluşturma tamamlandı.
     1>"c:\Users\ilhan\source\repos\StudyBuddy\StudyBuddy\Buddy.Application\Buddy.Application.csproj" projesinin "C:\Program Files\dotnet\sdk\10.0.200-preview.0.26103.119\Sdks\Microsoft.NET.Sdk\targets\Microsoft.NET.TargetFrameworkInference.targets" dosyasındaki "_CheckForUnsupportedNETCoreVersion" hedefi ("Restore" hedefi buna bağımlı):
     1>"Buddy.Application.csproj" projesinde "_CheckForUnsupportedNETCoreVersion" hedefini oluşturma tamamlandı.
     1>"c:\Users\ilhan\source\repos\StudyBuddy\StudyBuddy\Buddy.Application\Buddy.Application.csproj" projesinin "C:\Program Files\dotnet\sdk\10.0.200-preview.0.26103.119\Sdks\Microsoft.NET.Sdk\targets\Microsoft.NET.TargetFrameworkInference.targets" dosyasındaki "_CheckForUnsupportedCppNETCoreVersion" hedefi ("Restore" hedefi buna bağımlı):
     1>"Buddy.Application.csproj" projesinde "_CheckForUnsupportedCppNETCoreVersion" hedefini oluşturma tamamlandı.
     1>"c:\Users\ilhan\source\repos\StudyBuddy\StudyBuddy\Buddy.Application\Buddy.Application.csproj" projesinin "C:\Program Files\dotnet\sdk\10.0.200-preview.0.26103.119\NuGet.targets" dosyasındaki "Restore" hedefi (giriş noktası):
       "RemoveDuplicates" görevi
       "RemoveDuplicates" görevini yürütme tamamlandı.
       "C:\Program Files\dotnet\sdk\10.0.200-preview.0.26103.119\NuGet.Build.Tasks.dll" derlemesindeki "RestoreTask" görevi kullanılıyor.
       "RestoreTask" görevi
         Derleme TaskRun (NuGet.Build.Tasks.RestoreTask) sırasında yüklendi: NuGet.Packaging, Version=7.3.0.0, Culture=neutral, PublicKeyToken=31bf3856ad364e35 (konum: C:\Program Files\dotnet\sdk\10.0.200-preview.0.26103.119\NuGet.Packaging.dll, MVID: 6b8dbf2f-45b5-4954-bd5d-17b0a4dd7059, AssemblyLoadContext: MSBuild plugin C:\Program Files\dotnet\sdk\10.0.200-preview.0.26103.119\NuGet.Build.Tasks.dll)
         Derleme TaskRun (NuGet.Build.Tasks.RestoreTask) sırasında yüklendi: NuGet.Versioning, Version=7.3.0.0, Culture=neutral, PublicKeyToken=31bf3856ad364e35 (konum: C:\Program Files\dotnet\sdk\10.0.200-preview.0.26103.119\NuGet.Versioning.dll, MVID: 6d8bee0e-80a2-4290-b6f9-1615ab37da0e, AssemblyLoadContext: MSBuild plugin C:\Program Files\dotnet\sdk\10.0.200-preview.0.26103.119\NuGet.Build.Tasks.dll)
         Derleme TaskRun (NuGet.Build.Tasks.RestoreTask) sırasında yüklendi: NuGet.Frameworks, Version=7.3.0.0, Culture=neutral, PublicKeyToken=31bf3856ad364e35 (konum: C:\Program Files\dotnet\sdk\10.0.200-preview.0.26103.119\NuGet.Frameworks.dll, MVID: c1641cc8-c077-4b73-ab8e-f1dfbd43c8d9, AssemblyLoadContext: MSBuild plugin C:\Program Files\dotnet\sdk\10.0.200-preview.0.26103.119\NuGet.Build.Tasks.dll)
         Derleme TaskRun (NuGet.Build.Tasks.RestoreTask) sırasında yüklendi: NuGet.LibraryModel, Version=7.3.0.0, Culture=neutral, PublicKeyToken=31bf3856ad364e35 (konum: C:\Program Files\dotnet\sdk\10.0.200-preview.0.26103.119\NuGet.LibraryModel.dll, MVID: 2cf4fcd3-844f-4d1c-a19c-a93444113c29, AssemblyLoadContext: MSBuild plugin C:\Program Files\dotnet\sdk\10.0.200-preview.0.26103.119\NuGet.Build.Tasks.dll)
         Derleme TaskRun (NuGet.Build.Tasks.RestoreTask) sırasında yüklendi: NuGet.Protocol, Version=7.3.0.0, Culture=neutral, PublicKeyToken=31bf3856ad364e35 (konum: C:\Program Files\dotnet\sdk\10.0.200-preview.0.26103.119\NuGet.Protocol.dll, MVID: 276d0f00-63c4-4029-be62-2f9a662f3022, AssemblyLoadContext: MSBuild plugin C:\Program Files\dotnet\sdk\10.0.200-preview.0.26103.119\NuGet.Build.Tasks.dll)
         Derleme TaskRun (NuGet.Build.Tasks.RestoreTask) sırasında yüklendi: NuGet.Credentials, Version=7.3.0.0, Culture=neutral, PublicKeyToken=31bf3856ad364e35 (konum: C:\Program Files\dotnet\sdk\10.0.200-preview.0.26103.119\NuGet.Credentials.dll, MVID: 3c8abc61-7fa5-43a1-ba16-239d4f273162, AssemblyLoadContext: MSBuild plugin C:\Program Files\dotnet\sdk\10.0.200-preview.0.26103.119\NuGet.Build.Tasks.dll)
         Derleme TaskRun (NuGet.Build.Tasks.RestoreTask) sırasında yüklendi: System.Collections.NonGeneric, Version=10.0.0.0, Culture=neutral, PublicKeyToken=b03f5f7f11d50a3a (konum: C:\Program Files\dotnet\shared\Microsoft.NETCore.App\10.0.2\System.Collections.NonGeneric.dll, MVID: 93f61b3b-397e-41d1-a23f-d3c8c69deefe, AssemblyLoadContext: Default)
         Derleme TaskRun (NuGet.Build.Tasks.RestoreTask) sırasında yüklendi: NuGet.Packaging.resources, Version=7.3.0.0, Culture=tr, PublicKeyToken=31bf3856ad364e35 (konum: C:\Program Files\dotnet\sdk\10.0.200-preview.0.26103.119\tr\NuGet.Packaging.resources.dll, MVID: 53cc86c3-eb32-499a-9875-ac8512883c32, AssemblyLoadContext: MSBuild plugin C:\Program Files\dotnet\sdk\10.0.200-preview.0.26103.119\NuGet.Build.Tasks.dll)
         X.509 sertifika zinciri doğrulaması, kod imzalama için .NET tarafından seçilen varsayılan güven deposunu kullanır.
         X.509 sertifika zinciri doğrulaması, zaman damgalama için .NET tarafından seçilen varsayılan güven deposunu kullanır.
         Derleme TaskRun (NuGet.Build.Tasks.RestoreTask) sırasında yüklendi: NuGet.DependencyResolver.Core, Version=7.3.0.0, Culture=neutral, PublicKeyToken=31bf3856ad364e35 (konum: C:\Program Files\dotnet\sdk\10.0.200-preview.0.26103.119\NuGet.DependencyResolver.Core.dll, MVID: 905992b4-12df-491d-86a2-c3db8aecfda4, AssemblyLoadContext: MSBuild plugin C:\Program Files\dotnet\sdk\10.0.200-preview.0.26103.119\NuGet.Build.Tasks.dll)
         Derleme TaskRun (NuGet.Build.Tasks.RestoreTask) sırasında yüklendi: NuGet.Commands.resources, Version=7.3.0.0, Culture=tr, PublicKeyToken=31bf3856ad364e35 (konum: C:\Program Files\dotnet\sdk\10.0.200-preview.0.26103.119\tr\NuGet.Commands.resources.dll, MVID: fc0a8012-0734-40d6-9a41-7a00f6195f51, AssemblyLoadContext: MSBuild plugin C:\Program Files\dotnet\sdk\10.0.200-preview.0.26103.119\NuGet.Build.Tasks.dll)
         8 eşzamanlı iş ile geri yükleme çalıştırılıyor.
         c:\Users\ilhan\source\repos\StudyBuddy\StudyBuddy\Buddy.Application\Buddy.Application.csproj adlı proje dosyası okunuyor.
         c:\Users\ilhan\source\repos\StudyBuddy\StudyBuddy\Buddy.Domain\Buddy.Domain.csproj adlı proje dosyası okunuyor.
         Derleme TaskRun (NuGet.Build.Tasks.RestoreTask) sırasında yüklendi: Newtonsoft.Json, Version=13.0.0.0, Culture=neutral, PublicKeyToken=30ad4fe6b2a6aeed (konum: C:\Program Files\dotnet\sdk\10.0.200-preview.0.26103.119\Newtonsoft.Json.dll, MVID: 7e62198b-eab2-4380-bbac-29171862d1d8, AssemblyLoadContext: MSBuild plugin C:\Program Files\dotnet\sdk\10.0.200-preview.0.26103.119\NuGet.Build.Tasks.dll)
         Derleme TaskRun (NuGet.Build.Tasks.RestoreTask) sırasında yüklendi: System.Runtime.Serialization.Primitives, Version=10.0.0.0, Culture=neutral, PublicKeyToken=b03f5f7f11d50a3a (konum: C:\Program Files\dotnet\shared\Microsoft.NETCore.App\10.0.2\System.Runtime.Serialization.Primitives.dll, MVID: c5d73862-c5f5-410d-82d8-2a2f001e103d, AssemblyLoadContext: Default)
         Derleme TaskRun (NuGet.Build.Tasks.RestoreTask) sırasında yüklendi: System.Runtime.Numerics, Version=10.0.0.0, Culture=neutral, PublicKeyToken=b03f5f7f11d50a3a (konum: C:\Program Files\dotnet\shared\Microsoft.NETCore.App\10.0.2\System.Runtime.Numerics.dll, MVID: 9d46277f-a883-4562-9353-6e7e48d190e7, AssemblyLoadContext: Default)
         Derleme TaskRun (NuGet.Build.Tasks.RestoreTask) sırasında yüklendi: System.Text.Encodings.Web, Version=10.0.0.0, Culture=neutral, PublicKeyToken=cc7b13ffcd2ddd51 (konum: C:\Program Files\dotnet\shared\Microsoft.NETCore.App\10.0.2\System.Text.Encodings.Web.dll, MVID: 0acf3f4d-a24d-4dbf-9c72-fe4d6e49d1db, AssemblyLoadContext: Default)
         Derleme TaskRun (NuGet.Build.Tasks.RestoreTask) sırasında yüklendi: System.Reflection.Emit.Lightweight, Version=10.0.0.0, Culture=neutral, PublicKeyToken=b03f5f7f11d50a3a (konum: C:\Program Files\dotnet\shared\Microsoft.NETCore.App\10.0.2\System.Reflection.Emit.Lightweight.dll, MVID: 9bbb747d-52fb-45a7-b271-33c2e2094b3f, AssemblyLoadContext: Default)
         Derleme TaskRun (NuGet.Build.Tasks.RestoreTask) sırasında yüklendi: System.Reflection.Primitives, Version=10.0.0.0, Culture=neutral, PublicKeyToken=b03f5f7f11d50a3a (konum: C:\Program Files\dotnet\shared\Microsoft.NETCore.App\10.0.2\System.Reflection.Primitives.dll, MVID: 905eb30a-0bf0-4941-8702-69eeb0663af9, AssemblyLoadContext: Default)
         Derleme TaskRun (NuGet.Build.Tasks.RestoreTask) sırasında yüklendi: System.Reflection.Emit.ILGeneration, Version=10.0.0.0, Culture=neutral, PublicKeyToken=b03f5f7f11d50a3a (konum: C:\Program Files\dotnet\shared\Microsoft.NETCore.App\10.0.2\System.Reflection.Emit.ILGeneration.dll, MVID: 204a9b3b-e58d-400c-9636-75a77a17e670, AssemblyLoadContext: Default)
         'Buddy.Domain' için geri yükleme girişleri değiştirilmedi. Geri yüklemeyi tamamlamak için başka bir eylem gerekli değil.
         'Buddy.Application' için geri yükleme girişleri değiştirilmedi. Geri yüklemeyi tamamlamak için başka bir eylem gerekli değil.
         Geri yükleme işleniyor...
         Geri yükleme işleniyor...
         Varlıklar dosyası değiştirilmedi. Varlıklar dosyasına yazma işlemi atlanıyor. Yol: c:\Users\ilhan\source\repos\StudyBuddy\StudyBuddy\Buddy.Domain\obj\project.assets.json
         Varlıklar dosyası değiştirilmedi. Varlıklar dosyasına yazma işlemi atlanıyor. Yol: c:\Users\ilhan\source\repos\StudyBuddy\StudyBuddy\Buddy.Application\obj\project.assets.json
         İşlemsiz geri yükleme. Önbellek güncelleştirilmeyecek. Yol: c:\Users\ilhan\source\repos\StudyBuddy\StudyBuddy\Buddy.Application\obj\project.nuget.cache
         İşlemsiz geri yükleme. Önbellek güncelleştirilmeyecek. Yol: c:\Users\ilhan\source\repos\StudyBuddy\StudyBuddy\Buddy.Domain\obj\project.nuget.cache
         Derleme TaskRun (NuGet.Build.Tasks.RestoreTask) sırasında yüklendi: NuGet.Common.resources, Version=7.3.0.0, Culture=tr, PublicKeyToken=31bf3856ad364e35 (konum: C:\Program Files\dotnet\sdk\10.0.200-preview.0.26103.119\tr\NuGet.Common.resources.dll, MVID: 6c6c54a4-7015-4459-be02-dff759df8e09, AssemblyLoadContext: MSBuild plugin C:\Program Files\dotnet\sdk\10.0.200-preview.0.26103.119\NuGet.Build.Tasks.dll)
         c:\Users\ilhan\source\repos\StudyBuddy\StudyBuddy\Buddy.Domain\Buddy.Domain.csproj geri yüklendi (86 ms içinde).
         c:\Users\ilhan\source\repos\StudyBuddy\StudyBuddy\Buddy.Application\Buddy.Application.csproj geri yüklendi (86 ms içinde).
         
         Kullanılan NuGet yapılandırma dosyaları:
             C:\Users\ilhan\AppData\Roaming\NuGet\NuGet.Config
             C:\Program Files (x86)\NuGet\Config\Microsoft.VisualStudio.FallbackLocation.config
             C:\Program Files (x86)\NuGet\Config\Microsoft.VisualStudio.Offline.config
         
         Kullanılan akışlar:
             https://api.nuget.org/v3/index.json
             C:\Program Files (x86)\Microsoft SDKs\NuGetPackages\
         Geri yükleme için tüm projeler güncel.
       "RestoreTask" görevini yürütme tamamlandı.
     1>"Buddy.Application.csproj" projesinde "Restore" hedefini oluşturma tamamlandı.
     1>"c:\Users\ilhan\source\repos\StudyBuddy\StudyBuddy\Buddy.Application\Buddy.Application.csproj" Projesini Oluşturma İşlemi Tamamlandı (Restore hedef).
     0>"Microsoft.NET.Sdk" SDK’sı "DefaultSdkResolver" çözümleyicisi tarafından "C:\Program Files\dotnet\sdk\10.0.200-preview.0.26103.119\Sdks\Microsoft.NET.Sdk\Sdk" konumuna ve "" sürümüne başarıyla çözümlendi.
       C:\Program Files\dotnet\sdk\10.0.200-preview.0.26103.119\Sdks\Microsoft.NET.Sdk\Sdk\Sdk.props(49,11): message : 'C:\Program Files\dotnet\sdk\10.0.200-preview.0.26103.119\' değerine sahip 'MSBuildExtensionsPath' özelliği ortamdan genişletildi.
       C:\Program Files\dotnet\sdk\10.0.200-preview.0.26103.119\Current\Microsoft.Common.props(60,5): message : Özellik yeniden ataması: $(MSBuildProjectExtensionsPath)="c:\Users\ilhan\source\repos\StudyBuddy\StudyBuddy\Buddy.Application\obj\" (önceki değer: "obj\") konum: C:\Program Files\dotnet\sdk\10.0.200-preview.0.26103.119\Current\Microsoft.Common.props (60,5)
       c:\Users\ilhan\source\repos\StudyBuddy\StudyBuddy\Buddy.Application\obj\Buddy.Application.csproj.nuget.g.props(7,5): message : 'C:\Users\ilhan' değerine sahip 'USERPROFILE' özelliği ortamdan genişletildi.
       C:\Program Files\dotnet\sdk\10.0.200-preview.0.26103.119\Current\Microsoft.Common.props(84,119): message : 'C:\Users\ilhan\AppData\Local\Microsoft\MSBuild' değerine sahip 'MSBuildUserExtensionsPath' özelliği ortamdan genişletildi.
       C:\Program Files\dotnet\sdk\10.0.200-preview.0.26103.119\Sdks\Microsoft.NET.Sdk\targets\Microsoft.NET.Sdk.props(90,5): message : Özellik yeniden ataması: $(AssemblySearchPaths)="{CandidateAssemblyFiles};{HintPathFromItem}" (önceki değer: "{CandidateAssemblyFiles}") konum: C:\Program Files\dotnet\sdk\10.0.200-preview.0.26103.119\Sdks\Microsoft.NET.Sdk\targets\Microsoft.NET.Sdk.props (90,5)
       C:\Program Files\dotnet\sdk\10.0.200-preview.0.26103.119\Sdks\Microsoft.NET.Sdk\targets\Microsoft.NET.Sdk.props(91,5): message : Özellik yeniden ataması: $(AssemblySearchPaths)="{CandidateAssemblyFiles};{HintPathFromItem};{TargetFrameworkDirectory}" (önceki değer: "{CandidateAssemblyFiles};{HintPathFromItem}") konum: C:\Program Files\dotnet\sdk\10.0.200-preview.0.26103.119\Sdks\Microsoft.NET.Sdk\targets\Microsoft.NET.Sdk.props (91,5)
       C:\Program Files\dotnet\sdk\10.0.200-preview.0.26103.119\Sdks\Microsoft.NET.Sdk\targets\Microsoft.NET.Sdk.props(92,5): message : Özellik yeniden ataması: $(AssemblySearchPaths)="{CandidateAssemblyFiles};{HintPathFromItem};{TargetFrameworkDirectory};{RawFileName}" (önceki değer: "{CandidateAssemblyFiles};{HintPathFromItem};{TargetFrameworkDirectory}") konum: C:\Program Files\dotnet\sdk\10.0.200-preview.0.26103.119\Sdks\Microsoft.NET.Sdk\targets\Microsoft.NET.Sdk.props (92,5)
       "DefaultSdkResolver" çözümleyicisi "Microsoft.NET.SDK.WorkloadAutoImportPropsLocator" SDK’sını çözümlemeyi denedi.
       Uyarılar: null
       Hatalar: MSB4276: "C:\Program Files\dotnet\sdk\10.0.200-preview.0.26103.119\Sdks\Microsoft.NET.SDK.WorkloadAutoImportPropsLocator\Sdk" dizini olmadığından, varsayılan SDK çözümleyicisi "Microsoft.NET.SDK.WorkloadAutoImportPropsLocator" SDK’sını çözümleyemedi.
       "Microsoft.NET.SDK.WorkloadAutoImportPropsLocator" SDK’sı "Microsoft.DotNet.MSBuildWorkloadSdkResolver" çözümleyicisi tarafından "null" konumuna ve "null" sürümüne başarıyla çözümlendi.
       C:\Program Files\dotnet\sdk\10.0.200-preview.0.26103.119\Sdks\Microsoft.NET.Sdk\targets\Microsoft.NET.Sdk.ImportPublishProfile.targets(28,5): message : Özellik yeniden ataması: $(PublishProfileImported)="false" (önceki değer: "true") konum: C:\Program Files\dotnet\sdk\10.0.200-preview.0.26103.119\Sdks\Microsoft.NET.Sdk\targets\Microsoft.NET.Sdk.ImportPublishProfile.targets (28,5)
       C:\Program Files\dotnet\sdk\10.0.200-preview.0.26103.119\Sdks\Microsoft.NET.Sdk\targets\Microsoft.NET.TargetFrameworkInference.targets(81,5): message : Özellik yeniden ataması: $(TargetPlatformVersion)="" (önceki değer: "0.0") konum: C:\Program Files\dotnet\sdk\10.0.200-preview.0.26103.119\Sdks\Microsoft.NET.Sdk\targets\Microsoft.NET.TargetFrameworkInference.targets (81,5)
       C:\Program Files\dotnet\sdk\10.0.200-preview.0.26103.119\Sdks\Microsoft.NET.Sdk\targets\Microsoft.NET.DefaultOutputPaths.targets(127,5): message : Özellik yeniden ataması: $(DefaultItemExcludes)=";bin\Debug\/**;obj\Debug\/**" (önceki değer: ";bin\Debug\/**") konum: C:\Program Files\dotnet\sdk\10.0.200-preview.0.26103.119\Sdks\Microsoft.NET.Sdk\targets\Microsoft.NET.DefaultOutputPaths.targets (127,5)
       C:\Program Files\dotnet\sdk\10.0.200-preview.0.26103.119\Sdks\Microsoft.NET.Sdk\targets\Microsoft.NET.DefaultOutputPaths.targets(142,5): message : Özellik yeniden ataması: $(OutputPath)="bin\Debug\net10.0\" (önceki değer: "bin\Debug\") konum: C:\Program Files\dotnet\sdk\10.0.200-preview.0.26103.119\Sdks\Microsoft.NET.Sdk\targets\Microsoft.NET.DefaultOutputPaths.targets (142,5)
       C:\Program Files\dotnet\sdk\10.0.200-preview.0.26103.119\Sdks\Microsoft.NET.Sdk\targets\Microsoft.NET.DefaultOutputPaths.targets(147,5): message : Özellik yeniden ataması: $(IntermediateOutputPath)="obj\Debug\net10.0\" (önceki değer: "obj\Debug\") konum: C:\Program Files\dotnet\sdk\10.0.200-preview.0.26103.119\Sdks\Microsoft.NET.Sdk\targets\Microsoft.NET.DefaultOutputPaths.targets (147,5)
       "DefaultSdkResolver" çözümleyicisi "Microsoft.NET.SDK.WorkloadManifestTargetsLocator" SDK’sını çözümlemeyi denedi.
       Uyarılar: null
       Hatalar: MSB4276: "C:\Program Files\dotnet\sdk\10.0.200-preview.0.26103.119\Sdks\Microsoft.NET.SDK.WorkloadManifestTargetsLocator\Sdk" dizini olmadığından, varsayılan SDK çözümleyicisi "Microsoft.NET.SDK.WorkloadManifestTargetsLocator" SDK’sını çözümleyemedi.
       "Microsoft.NET.SDK.WorkloadManifestTargetsLocator" SDK’sı "Microsoft.DotNet.MSBuildWorkloadSdkResolver" çözümleyicisi tarafından "C:\Program Files\dotnet\sdk-manifests\10.0.100\microsoft.net.sdk.android\36.1.30" konumuna ve "null" sürümüne başarıyla çözümlendi.
       C:\Program Files\dotnet\sdk\10.0.200-preview.0.26103.119\Sdks\Microsoft.NET.Sdk\targets\Microsoft.NET.Sdk.BeforeCommon.targets(379,5): message : Özellik yeniden ataması: $(RoslynTargetsPath)="C:\Program Files\dotnet\sdk\10.0.200-preview.0.26103.119\Sdks\Microsoft.NET.Sdk\targets\..\..\..\Roslyn" (önceki değer: "C:\Program Files\dotnet\sdk\10.0.200-preview.0.26103.119\Roslyn") konum: C:\Program Files\dotnet\sdk\10.0.200-preview.0.26103.119\Sdks\Microsoft.NET.Sdk\targets\Microsoft.NET.Sdk.BeforeCommon.targets (379,5)
       C:\Program Files\dotnet\sdk\10.0.200-preview.0.26103.119\Roslyn\Microsoft.Managed.Core.targets(6,5): message : Özellik yeniden ataması: $(_BuildTasksDirectory)="C:\Program Files\dotnet\sdk\10.0.200-preview.0.26103.119\Sdks\Microsoft.NET.Sdk\targets\..\..\..\Roslyn\" (önceki değer: "C:\Program Files\dotnet\sdk\10.0.200-preview.0.26103.119\Roslyn\") konum: C:\Program Files\dotnet\sdk\10.0.200-preview.0.26103.119\Roslyn\Microsoft.Managed.Core.targets (6,5)
       C:\Program Files\dotnet\sdk\10.0.200-preview.0.26103.119\Roslyn\Microsoft.CSharp.Core.targets(205,5): message : Özellik yeniden ataması: $(CommandLineArgsForDesignTimeEvaluation)="-langversion:14.0 -define:TRACE" (önceki değer: "-langversion:14.0") konum: C:\Program Files\dotnet\sdk\10.0.200-preview.0.26103.119\Roslyn\Microsoft.CSharp.Core.targets (205,5)
       C:\Program Files\dotnet\sdk\10.0.200-preview.0.26103.119\Microsoft.Common.CurrentVersion.targets(175,5): message : Özellik yeniden ataması: $(_DebugSymbolsProduced)="true" (önceki değer: "false") konum: C:\Program Files\dotnet\sdk\10.0.200-preview.0.26103.119\Microsoft.Common.CurrentVersion.targets (175,5)
       C:\Program Files\dotnet\sdk\10.0.200-preview.0.26103.119\Microsoft.Common.CurrentVersion.targets(185,5): message : Özellik yeniden ataması: $(_DocumentationFileProduced)="false" (önceki değer: "true") konum: C:\Program Files\dotnet\sdk\10.0.200-preview.0.26103.119\Microsoft.Common.CurrentVersion.targets (185,5)
       C:\Program Files\dotnet\sdk\10.0.200-preview.0.26103.119\Microsoft.Common.CurrentVersion.targets(392,5): message : Özellik yeniden ataması: $(MSBuildCopyMarkerName)="Buddy.Ap.A84E4F72" (önceki değer: "Buddy.Application.csproj") konum: C:\Program Files\dotnet\sdk\10.0.200-preview.0.26103.119\Microsoft.Common.CurrentVersion.targets (392,5)
       C:\Program Files\dotnet\sdk\10.0.200-preview.0.26103.119\Microsoft.Common.CurrentVersion.targets(393,5): message : Özellik yeniden ataması: $(MSBuildCopyMarkerName)="Buddy.Ap.A84E4F72.Up2Date" (önceki değer: "Buddy.Ap.A84E4F72") konum: C:\Program Files\dotnet\sdk\10.0.200-preview.0.26103.119\Microsoft.Common.CurrentVersion.targets (393,5)
       C:\Program Files\dotnet\sdk\10.0.200-preview.0.26103.119\Microsoft.Common.CurrentVersion.targets(541,5): message : Özellik yeniden ataması: $(ProcessorArchitecture)="msil" (önceki değer: "") konum: C:\Program Files\dotnet\sdk\10.0.200-preview.0.26103.119\Microsoft.Common.CurrentVersion.targets (541,5)
       C:\Program Files\dotnet\sdk\10.0.200-preview.0.26103.119\Microsoft.Common.CurrentVersion.targets(580,5): message : Özellik yeniden ataması: $(DelaySign)="" (önceki değer: "false") konum: C:\Program Files\dotnet\sdk\10.0.200-preview.0.26103.119\Microsoft.Common.CurrentVersion.targets (580,5)
       C:\Program Files\dotnet\sdk\10.0.200-preview.0.26103.119\Microsoft.Common.CurrentVersion.targets(2620,5): message : 'C:\Users\ilhan\AppData\Local' değerine sahip 'LOCALAPPDATA' özelliği ortamdan genişletildi.
       C:\Program Files\dotnet\sdk\10.0.200-preview.0.26103.119\Microsoft.Common.CurrentVersion.targets(3948,5): message : Özellik yeniden ataması: $(_SGenGenerateSerializationAssembliesConfig)="Auto" (önceki değer: "") konum: C:\Program Files\dotnet\sdk\10.0.200-preview.0.26103.119\Microsoft.Common.CurrentVersion.targets (3948,5)
       C:\Program Files\dotnet\sdk\10.0.200-preview.0.26103.119\Microsoft.Common.CurrentVersion.targets(3949,5): message : Özellik yeniden ataması: $(_SGenGenerateSerializationAssembliesConfig)="Off" (önceki değer: "Auto") konum: C:\Program Files\dotnet\sdk\10.0.200-preview.0.26103.119\Microsoft.Common.CurrentVersion.targets (3949,5)
       C:\Program Files\dotnet\sdk\10.0.200-preview.0.26103.119\Microsoft.Common.CurrentVersion.targets(5160,5): message : Özellik yeniden ataması: $(_TargetsThatPrepareProjectReferences)="
       C:\Program Files\dotnet\sdk\10.0.200-preview.0.26103.119\Microsoft.Common.CurrentVersion.targets(5160,5): message :       AssignProjectConfiguration;
       C:\Program Files\dotnet\sdk\10.0.200-preview.0.26103.119\Microsoft.Common.CurrentVersion.targets(5160,5): message :       _SplitProjectReferencesByFileExistence
       C:\Program Files\dotnet\sdk\10.0.200-preview.0.26103.119\Microsoft.Common.CurrentVersion.targets(5160,5): message :     " (önceki değer: "_SplitProjectReferencesByFileExistence") konum: C:\Program Files\dotnet\sdk\10.0.200-preview.0.26103.119\Microsoft.Common.CurrentVersion.targets (5160,5)
       C:\Program Files\dotnet\sdk\10.0.200-preview.0.26103.119\Microsoft.Common.CurrentVersion.targets(6973,5): message : 'C:\Program Files\dotnet\sdk\10.0.200-preview.0.26103.119' değerine sahip 'MSBuildExtensionsPath32' özelliği ortamdan genişletildi.
       "NuGetInteractive" özelliği genel bir özelliktir ve değiştirilemez.
       C:\Program Files\dotnet\sdk\10.0.200-preview.0.26103.119\Sdks\Microsoft.NET.Sdk\targets\Microsoft.PackageDependencyResolution.targets(29,5): message : Özellik yeniden ataması: $(ProjectAssetsCacheFile)="c:\Users\ilhan\source\repos\StudyBuddy\StudyBuddy\Buddy.Application\obj\Debug\net10.0\Buddy.Application.assets.cache" (önceki değer: "obj\Debug\net10.0\Buddy.Application.assets.cache") konum: C:\Program Files\dotnet\sdk\10.0.200-preview.0.26103.119\Sdks\Microsoft.NET.Sdk\targets\Microsoft.PackageDependencyResolution.targets (29,5)
       C:\Program Files\dotnet\sdk\10.0.200-preview.0.26103.119\Sdks\Microsoft.NET.Sdk\targets\Microsoft.PackageDependencyResolution.targets(80,5): message : Özellik yeniden ataması: $(ResolveAssemblyReferencesDependsOn)="
       C:\Program Files\dotnet\sdk\10.0.200-preview.0.26103.119\Sdks\Microsoft.NET.Sdk\targets\Microsoft.PackageDependencyResolution.targets(80,5): message :       
       C:\Program Files\dotnet\sdk\10.0.200-preview.0.26103.119\Sdks\Microsoft.NET.Sdk\targets\Microsoft.PackageDependencyResolution.targets(80,5): message :       ResolveProjectReferences;
       C:\Program Files\dotnet\sdk\10.0.200-preview.0.26103.119\Sdks\Microsoft.NET.Sdk\targets\Microsoft.PackageDependencyResolution.targets(80,5): message :       FindInvalidProjectReferences;
       C:\Program Files\dotnet\sdk\10.0.200-preview.0.26103.119\Sdks\Microsoft.NET.Sdk\targets\Microsoft.PackageDependencyResolution.targets(80,5): message :       GetFrameworkPaths;
       C:\Program Files\dotnet\sdk\10.0.200-preview.0.26103.119\Sdks\Microsoft.NET.Sdk\targets\Microsoft.PackageDependencyResolution.targets(80,5): message :       GetReferenceAssemblyPaths;
       C:\Program Files\dotnet\sdk\10.0.200-preview.0.26103.119\Sdks\Microsoft.NET.Sdk\targets\Microsoft.PackageDependencyResolution.targets(80,5): message :       PrepareForBuild;
       C:\Program Files\dotnet\sdk\10.0.200-preview.0.26103.119\Sdks\Microsoft.NET.Sdk\targets\Microsoft.PackageDependencyResolution.targets(80,5): message :       ResolveSDKReferences;
       C:\Program Files\dotnet\sdk\10.0.200-preview.0.26103.119\Sdks\Microsoft.NET.Sdk\targets\Microsoft.PackageDependencyResolution.targets(80,5): message :       ExpandSDKReferences;
       C:\Program Files\dotnet\sdk\10.0.200-preview.0.26103.119\Sdks\Microsoft.NET.Sdk\targets\Microsoft.PackageDependencyResolution.targets(80,5): message :     ;
       C:\Program Files\dotnet\sdk\10.0.200-preview.0.26103.119\Sdks\Microsoft.NET.Sdk\targets\Microsoft.PackageDependencyResolution.targets(80,5): message :       ResolvePackageDependenciesForBuild;
       C:\Program Files\dotnet\sdk\10.0.200-preview.0.26103.119\Sdks\Microsoft.NET.Sdk\targets\Microsoft.PackageDependencyResolution.targets(80,5): message :       _HandlePackageFileConflicts;
       C:\Program Files\dotnet\sdk\10.0.200-preview.0.26103.119\Sdks\Microsoft.NET.Sdk\targets\Microsoft.PackageDependencyResolution.targets(80,5): message :     " (önceki değer: "
       C:\Program Files\dotnet\sdk\10.0.200-preview.0.26103.119\Sdks\Microsoft.NET.Sdk\targets\Microsoft.PackageDependencyResolution.targets(80,5): message :       ResolveProjectReferences;
       C:\Program Files\dotnet\sdk\10.0.200-preview.0.26103.119\Sdks\Microsoft.NET.Sdk\targets\Microsoft.PackageDependencyResolution.targets(80,5): message :       FindInvalidProjectReferences;
       C:\Program Files\dotnet\sdk\10.0.200-preview.0.26103.119\Sdks\Microsoft.NET.Sdk\targets\Microsoft.PackageDependencyResolution.targets(80,5): message :       GetFrameworkPaths;
       C:\Program Files\dotnet\sdk\10.0.200-preview.0.26103.119\Sdks\Microsoft.NET.Sdk\targets\Microsoft.PackageDependencyResolution.targets(80,5): message :       GetReferenceAssemblyPaths;
       C:\Program Files\dotnet\sdk\10.0.200-preview.0.26103.119\Sdks\Microsoft.NET.Sdk\targets\Microsoft.PackageDependencyResolution.targets(80,5): message :       PrepareForBuild;
       C:\Program Files\dotnet\sdk\10.0.200-preview.0.26103.119\Sdks\Microsoft.NET.Sdk\targets\Microsoft.PackageDependencyResolution.targets(80,5): message :       ResolveSDKReferences;
       C:\Program Files\dotnet\sdk\10.0.200-preview.0.26103.119\Sdks\Microsoft.NET.Sdk\targets\Microsoft.PackageDependencyResolution.targets(80,5): message :       ExpandSDKReferences;
       C:\Program Files\dotnet\sdk\10.0.200-preview.0.26103.119\Sdks\Microsoft.NET.Sdk\targets\Microsoft.PackageDependencyResolution.targets(80,5): message :     ") konum: C:\Program Files\dotnet\sdk\10.0.200-preview.0.26103.119\Sdks\Microsoft.NET.Sdk\targets\Microsoft.PackageDependencyResolution.targets (80,5)
       C:\Program Files\dotnet\sdk\10.0.200-preview.0.26103.119\Sdks\Microsoft.NET.Sdk\targets\Microsoft.PackageDependencyResolution.targets(86,5): message : Özellik yeniden ataması: $(PrepareResourcesDependsOn)="
       C:\Program Files\dotnet\sdk\10.0.200-preview.0.26103.119\Sdks\Microsoft.NET.Sdk\targets\Microsoft.PackageDependencyResolution.targets(86,5): message :       ResolvePackageDependenciesForBuild;
       C:\Program Files\dotnet\sdk\10.0.200-preview.0.26103.119\Sdks\Microsoft.NET.Sdk\targets\Microsoft.PackageDependencyResolution.targets(86,5): message :       _HandlePackageFileConflicts;
       C:\Program Files\dotnet\sdk\10.0.200-preview.0.26103.119\Sdks\Microsoft.NET.Sdk\targets\Microsoft.PackageDependencyResolution.targets(86,5): message :       
       C:\Program Files\dotnet\sdk\10.0.200-preview.0.26103.119\Sdks\Microsoft.NET.Sdk\targets\Microsoft.PackageDependencyResolution.targets(86,5): message :       ;
       C:\Program Files\dotnet\sdk\10.0.200-preview.0.26103.119\Sdks\Microsoft.NET.Sdk\targets\Microsoft.PackageDependencyResolution.targets(86,5): message :       PrepareResourceNames;
       C:\Program Files\dotnet\sdk\10.0.200-preview.0.26103.119\Sdks\Microsoft.NET.Sdk\targets\Microsoft.PackageDependencyResolution.targets(86,5): message :       ResGen;
       C:\Program Files\dotnet\sdk\10.0.200-preview.0.26103.119\Sdks\Microsoft.NET.Sdk\targets\Microsoft.PackageDependencyResolution.targets(86,5): message :       CompileLicxFiles
       C:\Program Files\dotnet\sdk\10.0.200-preview.0.26103.119\Sdks\Microsoft.NET.Sdk\targets\Microsoft.PackageDependencyResolution.targets(86,5): message :     
       C:\Program Files\dotnet\sdk\10.0.200-preview.0.26103.119\Sdks\Microsoft.NET.Sdk\targets\Microsoft.PackageDependencyResolution.targets(86,5): message :     " (önceki değer: "
       C:\Program Files\dotnet\sdk\10.0.200-preview.0.26103.119\Sdks\Microsoft.NET.Sdk\targets\Microsoft.PackageDependencyResolution.targets(86,5): message :       ;
       C:\Program Files\dotnet\sdk\10.0.200-preview.0.26103.119\Sdks\Microsoft.NET.Sdk\targets\Microsoft.PackageDependencyResolution.targets(86,5): message :       PrepareResourceNames;
       C:\Program Files\dotnet\sdk\10.0.200-preview.0.26103.119\Sdks\Microsoft.NET.Sdk\targets\Microsoft.PackageDependencyResolution.targets(86,5): message :       ResGen;
       C:\Program Files\dotnet\sdk\10.0.200-preview.0.26103.119\Sdks\Microsoft.NET.Sdk\targets\Microsoft.PackageDependencyResolution.targets(86,5): message :       CompileLicxFiles
       C:\Program Files\dotnet\sdk\10.0.200-preview.0.26103.119\Sdks\Microsoft.NET.Sdk\targets\Microsoft.PackageDependencyResolution.targets(86,5): message :     ") konum: C:\Program Files\dotnet\sdk\10.0.200-preview.0.26103.119\Sdks\Microsoft.NET.Sdk\targets\Microsoft.PackageDependencyResolution.targets (86,5)
       C:\Program Files\dotnet\sdk\10.0.200-preview.0.26103.119\Sdks\Microsoft.NET.Sdk\targets\Microsoft.NET.Sdk.DefaultItems.targets(35,5): message : Özellik yeniden ataması: $(DefaultItemExcludes)=";bin\Debug\/**;obj\Debug\/**;bin\/**" (önceki değer: ";bin\Debug\/**;obj\Debug\/**") konum: C:\Program Files\dotnet\sdk\10.0.200-preview.0.26103.119\Sdks\Microsoft.NET.Sdk\targets\Microsoft.NET.Sdk.DefaultItems.targets (35,5)
       C:\Program Files\dotnet\sdk\10.0.200-preview.0.26103.119\Sdks\Microsoft.NET.Sdk\targets\Microsoft.NET.Sdk.DefaultItems.targets(37,5): message : Özellik yeniden ataması: $(DefaultItemExcludes)=";bin\Debug\/**;obj\Debug\/**;bin\/**;obj\/**" (önceki değer: ";bin\Debug\/**;obj\Debug\/**;bin\/**") konum: C:\Program Files\dotnet\sdk\10.0.200-preview.0.26103.119\Sdks\Microsoft.NET.Sdk\targets\Microsoft.NET.Sdk.DefaultItems.targets (37,5)
       C:\Program Files\dotnet\sdk\10.0.200-preview.0.26103.119\Sdks\Microsoft.NET.Sdk\targets\Microsoft.NET.Sdk.DefaultItems.targets(41,5): message : Özellik yeniden ataması: $(DefaultItemExcludes)=";bin\Debug\/**;obj\Debug\/**;bin\/**;obj\/**;bin\Debug\net10.0\publish\/**" (önceki değer: ";bin\Debug\/**;obj\Debug\/**;bin\/**;obj\/**") konum: C:\Program Files\dotnet\sdk\10.0.200-preview.0.26103.119\Sdks\Microsoft.NET.Sdk\targets\Microsoft.NET.Sdk.DefaultItems.targets (41,5)
       C:\Program Files\dotnet\sdk\10.0.200-preview.0.26103.119\Sdks\Microsoft.NET.Sdk\targets\Microsoft.NET.Sdk.DefaultItems.targets(44,5): message : Özellik yeniden ataması: $(DefaultItemExcludes)=";bin\Debug\/**;obj\Debug\/**;bin\/**;obj\/**;bin\Debug\net10.0\publish\/**;**/*.user" (önceki değer: ";bin\Debug\/**;obj\Debug\/**;bin\/**;obj\/**;bin\Debug\net10.0\publish\/**") konum: C:\Program Files\dotnet\sdk\10.0.200-preview.0.26103.119\Sdks\Microsoft.NET.Sdk\targets\Microsoft.NET.Sdk.DefaultItems.targets (44,5)
       C:\Program Files\dotnet\sdk\10.0.200-preview.0.26103.119\Sdks\Microsoft.NET.Sdk\targets\Microsoft.NET.Sdk.DefaultItems.targets(45,5): message : Özellik yeniden ataması: $(DefaultItemExcludes)=";bin\Debug\/**;obj\Debug\/**;bin\/**;obj\/**;bin\Debug\net10.0\publish\/**;**/*.user;**/*.*proj" (önceki değer: ";bin\Debug\/**;obj\Debug\/**;bin\/**;obj\/**;bin\Debug\net10.0\publish\/**;**/*.user") konum: C:\Program Files\dotnet\sdk\10.0.200-preview.0.26103.119\Sdks\Microsoft.NET.Sdk\targets\Microsoft.NET.Sdk.DefaultItems.targets (45,5)
       C:\Program Files\dotnet\sdk\10.0.200-preview.0.26103.119\Sdks\Microsoft.NET.Sdk\targets\Microsoft.NET.Sdk.DefaultItems.targets(46,5): message : Özellik yeniden ataması: $(DefaultItemExcludes)=";bin\Debug\/**;obj\Debug\/**;bin\/**;obj\/**;bin\Debug\net10.0\publish\/**;**/*.user;**/*.*proj;**/*.sln" (önceki değer: ";bin\Debug\/**;obj\Debug\/**;bin\/**;obj\/**;bin\Debug\net10.0\publish\/**;**/*.user;**/*.*proj") konum: C:\Program Files\dotnet\sdk\10.0.200-preview.0.26103.119\Sdks\Microsoft.NET.Sdk\targets\Microsoft.NET.Sdk.DefaultItems.targets (46,5)
       C:\Program Files\dotnet\sdk\10.0.200-preview.0.26103.119\Sdks\Microsoft.NET.Sdk\targets\Microsoft.NET.Sdk.DefaultItems.targets(47,5): message : Özellik yeniden ataması: $(DefaultItemExcludes)=";bin\Debug\/**;obj\Debug\/**;bin\/**;obj\/**;bin\Debug\net10.0\publish\/**;**/*.user;**/*.*proj;**/*.sln;**/*.slnx" (önceki değer: ";bin\Debug\/**;obj\Debug\/**;bin\/**;obj\/**;bin\Debug\net10.0\publish\/**;**/*.user;**/*.*proj;**/*.sln") konum: C:\Program Files\dotnet\sdk\10.0.200-preview.0.26103.119\Sdks\Microsoft.NET.Sdk\targets\Microsoft.NET.Sdk.DefaultItems.targets (47,5)
       C:\Program Files\dotnet\sdk\10.0.200-preview.0.26103.119\Sdks\Microsoft.NET.Sdk\targets\Microsoft.NET.Sdk.DefaultItems.targets(48,5): message : Özellik yeniden ataması: $(DefaultItemExcludes)=";bin\Debug\/**;obj\Debug\/**;bin\/**;obj\/**;bin\Debug\net10.0\publish\/**;**/*.user;**/*.*proj;**/*.sln;**/*.slnx;**/*.vssscc" (önceki değer: ";bin\Debug\/**;obj\Debug\/**;bin\/**;obj\/**;bin\Debug\net10.0\publish\/**;**/*.user;**/*.*proj;**/*.sln;**/*.slnx") konum: C:\Program Files\dotnet\sdk\10.0.200-preview.0.26103.119\Sdks\Microsoft.NET.Sdk\targets\Microsoft.NET.Sdk.DefaultItems.targets (48,5)
       C:\Program Files\dotnet\sdk\10.0.200-preview.0.26103.119\Sdks\Microsoft.NET.Sdk\targets\Microsoft.NET.Sdk.DefaultItems.targets(49,5): message : Özellik yeniden ataması: $(DefaultItemExcludes)=";bin\Debug\/**;obj\Debug\/**;bin\/**;obj\/**;bin\Debug\net10.0\publish\/**;**/*.user;**/*.*proj;**/*.sln;**/*.slnx;**/*.vssscc;**/.DS_Store" (önceki değer: ";bin\Debug\/**;obj\Debug\/**;bin\/**;obj\/**;bin\Debug\net10.0\publish\/**;**/*.user;**/*.*proj;**/*.sln;**/*.slnx;**/*.vssscc") konum: C:\Program Files\dotnet\sdk\10.0.200-preview.0.26103.119\Sdks\Microsoft.NET.Sdk\targets\Microsoft.NET.Sdk.DefaultItems.targets (49,5)
       C:\Program Files\dotnet\sdk\10.0.200-preview.0.26103.119\Sdks\Microsoft.NET.Sdk\targets\Microsoft.NET.Sdk.FrameworkReferenceResolution.targets(14,5): message : Özellik yeniden ataması: $(ResolveAssemblyReferencesDependsOn)="
       C:\Program Files\dotnet\sdk\10.0.200-preview.0.26103.119\Sdks\Microsoft.NET.Sdk\targets\Microsoft.NET.Sdk.FrameworkReferenceResolution.targets(14,5): message :       
       C:\Program Files\dotnet\sdk\10.0.200-preview.0.26103.119\Sdks\Microsoft.NET.Sdk\targets\Microsoft.NET.Sdk.FrameworkReferenceResolution.targets(14,5): message :       
       C:\Program Files\dotnet\sdk\10.0.200-preview.0.26103.119\Sdks\Microsoft.NET.Sdk\targets\Microsoft.NET.Sdk.FrameworkReferenceResolution.targets(14,5): message :       ResolveProjectReferences;
       C:\Program Files\dotnet\sdk\10.0.200-preview.0.26103.119\Sdks\Microsoft.NET.Sdk\targets\Microsoft.NET.Sdk.FrameworkReferenceResolution.targets(14,5): message :       FindInvalidProjectReferences;
       C:\Program Files\dotnet\sdk\10.0.200-preview.0.26103.119\Sdks\Microsoft.NET.Sdk\targets\Microsoft.NET.Sdk.FrameworkReferenceResolution.targets(14,5): message :       GetFrameworkPaths;
       C:\Program Files\dotnet\sdk\10.0.200-preview.0.26103.119\Sdks\Microsoft.NET.Sdk\targets\Microsoft.NET.Sdk.FrameworkReferenceResolution.targets(14,5): message :       GetReferenceAssemblyPaths;
       C:\Program Files\dotnet\sdk\10.0.200-preview.0.26103.119\Sdks\Microsoft.NET.Sdk\targets\Microsoft.NET.Sdk.FrameworkReferenceResolution.targets(14,5): message :       PrepareForBuild;
       C:\Program Files\dotnet\sdk\10.0.200-preview.0.26103.119\Sdks\Microsoft.NET.Sdk\targets\Microsoft.NET.Sdk.FrameworkReferenceResolution.targets(14,5): message :       ResolveSDKReferences;
       C:\Program Files\dotnet\sdk\10.0.200-preview.0.26103.119\Sdks\Microsoft.NET.Sdk\targets\Microsoft.NET.Sdk.FrameworkReferenceResolution.targets(14,5): message :       ExpandSDKReferences;
       C:\Program Files\dotnet\sdk\10.0.200-preview.0.26103.119\Sdks\Microsoft.NET.Sdk\targets\Microsoft.NET.Sdk.FrameworkReferenceResolution.targets(14,5): message :     ;
       C:\Program Files\dotnet\sdk\10.0.200-preview.0.26103.119\Sdks\Microsoft.NET.Sdk\targets\Microsoft.NET.Sdk.FrameworkReferenceResolution.targets(14,5): message :       ResolvePackageDependenciesForBuild;
       C:\Program Files\dotnet\sdk\10.0.200-preview.0.26103.119\Sdks\Microsoft.NET.Sdk\targets\Microsoft.NET.Sdk.FrameworkReferenceResolution.targets(14,5): message :       _HandlePackageFileConflicts;
       C:\Program Files\dotnet\sdk\10.0.200-preview.0.26103.119\Sdks\Microsoft.NET.Sdk\targets\Microsoft.NET.Sdk.FrameworkReferenceResolution.targets(14,5): message :     ;
       C:\Program Files\dotnet\sdk\10.0.200-preview.0.26103.119\Sdks\Microsoft.NET.Sdk\targets\Microsoft.NET.Sdk.FrameworkReferenceResolution.targets(14,5): message :       ResolveTargetingPackAssets;
       C:\Program Files\dotnet\sdk\10.0.200-preview.0.26103.119\Sdks\Microsoft.NET.Sdk\targets\Microsoft.NET.Sdk.FrameworkReferenceResolution.targets(14,5): message :     " (önceki değer: "
       C:\Program Files\dotnet\sdk\10.0.200-preview.0.26103.119\Sdks\Microsoft.NET.Sdk\targets\Microsoft.NET.Sdk.FrameworkReferenceResolution.targets(14,5): message :       
       C:\Program Files\dotnet\sdk\10.0.200-preview.0.26103.119\Sdks\Microsoft.NET.Sdk\targets\Microsoft.NET.Sdk.FrameworkReferenceResolution.targets(14,5): message :       ResolveProjectReferences;
       C:\Program Files\dotnet\sdk\10.0.200-preview.0.26103.119\Sdks\Microsoft.NET.Sdk\targets\Microsoft.NET.Sdk.FrameworkReferenceResolution.targets(14,5): message :       FindInvalidProjectReferences;
       C:\Program Files\dotnet\sdk\10.0.200-preview.0.26103.119\Sdks\Microsoft.NET.Sdk\targets\Microsoft.NET.Sdk.FrameworkReferenceResolution.targets(14,5): message :       GetFrameworkPaths;
       C:\Program Files\dotnet\sdk\10.0.200-preview.0.26103.119\Sdks\Microsoft.NET.Sdk\targets\Microsoft.NET.Sdk.FrameworkReferenceResolution.targets(14,5): message :       GetReferenceAssemblyPaths;
       C:\Program Files\dotnet\sdk\10.0.200-preview.0.26103.119\Sdks\Microsoft.NET.Sdk\targets\Microsoft.NET.Sdk.FrameworkReferenceResolution.targets(14,5): message :       PrepareForBuild;
       C:\Program Files\dotnet\sdk\10.0.200-preview.0.26103.119\Sdks\Microsoft.NET.Sdk\targets\Microsoft.NET.Sdk.FrameworkReferenceResolution.targets(14,5): message :       ResolveSDKReferences;
       C:\Program Files\dotnet\sdk\10.0.200-preview.0.26103.119\Sdks\Microsoft.NET.Sdk\targets\Microsoft.NET.Sdk.FrameworkReferenceResolution.targets(14,5): message :       ExpandSDKReferences;
       C:\Program Files\dotnet\sdk\10.0.200-preview.0.26103.119\Sdks\Microsoft.NET.Sdk\targets\Microsoft.NET.Sdk.FrameworkReferenceResolution.targets(14,5): message :     ;
       C:\Program Files\dotnet\sdk\10.0.200-preview.0.26103.119\Sdks\Microsoft.NET.Sdk\targets\Microsoft.NET.Sdk.FrameworkReferenceResolution.targets(14,5): message :       ResolvePackageDependenciesForBuild;
       C:\Program Files\dotnet\sdk\10.0.200-preview.0.26103.119\Sdks\Microsoft.NET.Sdk\targets\Microsoft.NET.Sdk.FrameworkReferenceResolution.targets(14,5): message :       _HandlePackageFileConflicts;
       C:\Program Files\dotnet\sdk\10.0.200-preview.0.26103.119\Sdks\Microsoft.NET.Sdk\targets\Microsoft.NET.Sdk.FrameworkReferenceResolution.targets(14,5): message :     ") konum: C:\Program Files\dotnet\sdk\10.0.200-preview.0.26103.119\Sdks\Microsoft.NET.Sdk\targets\Microsoft.NET.Sdk.FrameworkReferenceResolution.targets (14,5)
       C:\Program Files\dotnet\sdk\10.0.200-preview.0.26103.119\Sdks\Microsoft.NET.Sdk\targets\Microsoft.NET.Sdk.targets(44,5): message : Özellik yeniden ataması: $(_GenerateRuntimeConfigurationPropertyInputsCache)="c:\Users\ilhan\source\repos\StudyBuddy\StudyBuddy\Buddy.Application\obj\Debug\net10.0\Buddy.Application.genruntimeconfig.cache" (önceki değer: "obj\Debug\net10.0\Buddy.Application.genruntimeconfig.cache") konum: C:\Program Files\dotnet\sdk\10.0.200-preview.0.26103.119\Sdks\Microsoft.NET.Sdk\targets\Microsoft.NET.Sdk.targets (44,5)
       C:\Program Files\dotnet\sdk\10.0.200-preview.0.26103.119\Sdks\Microsoft.NET.Sdk\targets\Microsoft.NET.Sdk.targets(46,5): message : Özellik yeniden ataması: $(_GeneratePublishDependencyFilePropertyInputsCache)="c:\Users\ilhan\source\repos\StudyBuddy\StudyBuddy\Buddy.Application\obj\Debug\net10.0\Buddy.Application.genpublishdeps.cache" (önceki değer: "obj\Debug\net10.0\Buddy.Application.genpublishdeps.cache") konum: C:\Program Files\dotnet\sdk\10.0.200-preview.0.26103.119\Sdks\Microsoft.NET.Sdk\targets\Microsoft.NET.Sdk.targets (46,5)
       C:\Program Files\dotnet\sdk\10.0.200-preview.0.26103.119\Sdks\Microsoft.NET.Sdk\targets\Microsoft.NET.Sdk.targets(48,5): message : Özellik yeniden ataması: $(_GenerateSingleFileBundlePropertyInputsCache)="c:\Users\ilhan\source\repos\StudyBuddy\StudyBuddy\Buddy.Application\obj\Debug\net10.0\Buddy.Application.genbundle.cache" (önceki değer: "obj\Debug\net10.0\Buddy.Application.genbundle.cache") konum: C:\Program Files\dotnet\sdk\10.0.200-preview.0.26103.119\Sdks\Microsoft.NET.Sdk\targets\Microsoft.NET.Sdk.targets (48,5)
       C:\Program Files\dotnet\sdk\10.0.200-preview.0.26103.119\Sdks\Microsoft.NET.Sdk\targets\Microsoft.NET.Sdk.targets(81,5): message : Özellik yeniden ataması: $(GenerateRuntimeConfigDevFile)="false" (önceki değer: "true") konum: C:\Program Files\dotnet\sdk\10.0.200-preview.0.26103.119\Sdks\Microsoft.NET.Sdk\targets\Microsoft.NET.Sdk.targets (81,5)
       C:\Program Files\dotnet\sdk\10.0.200-preview.0.26103.119\Sdks\Microsoft.NET.Sdk\targets\Microsoft.NET.Sdk.targets(98,5): message : Özellik yeniden ataması: $(_DefaultUserProfileRuntimeStorePath)="C:\Users\ilhan" (önceki değer: "") konum: C:\Program Files\dotnet\sdk\10.0.200-preview.0.26103.119\Sdks\Microsoft.NET.Sdk\targets\Microsoft.NET.Sdk.targets (98,5)
       C:\Program Files\dotnet\sdk\10.0.200-preview.0.26103.119\Sdks\Microsoft.NET.Sdk\targets\Microsoft.NET.Sdk.targets(99,5): message : Özellik yeniden ataması: $(_DefaultUserProfileRuntimeStorePath)="C:\Users\ilhan\.dotnet\store" (önceki değer: "C:\Users\ilhan") konum: C:\Program Files\dotnet\sdk\10.0.200-preview.0.26103.119\Sdks\Microsoft.NET.Sdk\targets\Microsoft.NET.Sdk.targets (99,5)
       C:\Program Files\dotnet\sdk\10.0.200-preview.0.26103.119\Sdks\Microsoft.NET.Sdk\targets\Microsoft.NET.Sdk.targets(144,5): message : Özellik yeniden ataması: $(AvailablePlatforms)="Any CPU,x86,x64,ARM32" (önceki değer: "Any CPU,x86,x64") konum: C:\Program Files\dotnet\sdk\10.0.200-preview.0.26103.119\Sdks\Microsoft.NET.Sdk\targets\Microsoft.NET.Sdk.targets (144,5)
       C:\Program Files\dotnet\sdk\10.0.200-preview.0.26103.119\Sdks\Microsoft.NET.Sdk\targets\Microsoft.NET.Sdk.targets(148,5): message : Özellik yeniden ataması: $(AvailablePlatforms)="Any CPU,x86,x64,ARM32,ARM64" (önceki değer: "Any CPU,x86,x64,ARM32") konum: C:\Program Files\dotnet\sdk\10.0.200-preview.0.26103.119\Sdks\Microsoft.NET.Sdk\targets\Microsoft.NET.Sdk.targets (148,5)
       C:\Program Files\dotnet\sdk\10.0.200-preview.0.26103.119\Sdks\Microsoft.NET.Sdk\targets\Microsoft.NET.Sdk.targets(204,5): message : Özellik yeniden ataması: $(CoreBuildDependsOn)="
       C:\Program Files\dotnet\sdk\10.0.200-preview.0.26103.119\Sdks\Microsoft.NET.Sdk\targets\Microsoft.NET.Sdk.targets(204,5): message :       _CheckForBuildWithNoBuild;
       C:\Program Files\dotnet\sdk\10.0.200-preview.0.26103.119\Sdks\Microsoft.NET.Sdk\targets\Microsoft.NET.Sdk.targets(204,5): message :       
       C:\Program Files\dotnet\sdk\10.0.200-preview.0.26103.119\Sdks\Microsoft.NET.Sdk\targets\Microsoft.NET.Sdk.targets(204,5): message :       BuildOnlySettings;
       C:\Program Files\dotnet\sdk\10.0.200-preview.0.26103.119\Sdks\Microsoft.NET.Sdk\targets\Microsoft.NET.Sdk.targets(204,5): message :       PrepareForBuild;
       C:\Program Files\dotnet\sdk\10.0.200-preview.0.26103.119\Sdks\Microsoft.NET.Sdk\targets\Microsoft.NET.Sdk.targets(204,5): message :       PreBuildEvent;
       C:\Program Files\dotnet\sdk\10.0.200-preview.0.26103.119\Sdks\Microsoft.NET.Sdk\targets\Microsoft.NET.Sdk.targets(204,5): message :       ResolveReferences;
       C:\Program Files\dotnet\sdk\10.0.200-preview.0.26103.119\Sdks\Microsoft.NET.Sdk\targets\Microsoft.NET.Sdk.targets(204,5): message :       PrepareResources;
       C:\Program Files\dotnet\sdk\10.0.200-preview.0.26103.119\Sdks\Microsoft.NET.Sdk\targets\Microsoft.NET.Sdk.targets(204,5): message :       ResolveKeySource;
       C:\Program Files\dotnet\sdk\10.0.200-preview.0.26103.119\Sdks\Microsoft.NET.Sdk\targets\Microsoft.NET.Sdk.targets(204,5): message :       Compile;
       C:\Program Files\dotnet\sdk\10.0.200-preview.0.26103.119\Sdks\Microsoft.NET.Sdk\targets\Microsoft.NET.Sdk.targets(204,5): message :       ExportWindowsMDFile;
       C:\Program Files\dotnet\sdk\10.0.200-preview.0.26103.119\Sdks\Microsoft.NET.Sdk\targets\Microsoft.NET.Sdk.targets(204,5): message :       UnmanagedUnregistration;
       C:\Program Files\dotnet\sdk\10.0.200-preview.0.26103.119\Sdks\Microsoft.NET.Sdk\targets\Microsoft.NET.Sdk.targets(204,5): message :       GenerateSerializationAssemblies;
       C:\Program Files\dotnet\sdk\10.0.200-preview.0.26103.119\Sdks\Microsoft.NET.Sdk\targets\Microsoft.NET.Sdk.targets(204,5): message :       CreateSatelliteAssemblies;
       C:\Program Files\dotnet\sdk\10.0.200-preview.0.26103.119\Sdks\Microsoft.NET.Sdk\targets\Microsoft.NET.Sdk.targets(204,5): message :       GenerateManifests;
       C:\Program Files\dotnet\sdk\10.0.200-preview.0.26103.119\Sdks\Microsoft.NET.Sdk\targets\Microsoft.NET.Sdk.targets(204,5): message :       GetTargetPath;
       C:\Program Files\dotnet\sdk\10.0.200-preview.0.26103.119\Sdks\Microsoft.NET.Sdk\targets\Microsoft.NET.Sdk.targets(204,5): message :       PrepareForRun;
       C:\Program Files\dotnet\sdk\10.0.200-preview.0.26103.119\Sdks\Microsoft.NET.Sdk\targets\Microsoft.NET.Sdk.targets(204,5): message :       UnmanagedRegistration;
       C:\Program Files\dotnet\sdk\10.0.200-preview.0.26103.119\Sdks\Microsoft.NET.Sdk\targets\Microsoft.NET.Sdk.targets(204,5): message :       IncrementalClean;
       C:\Program Files\dotnet\sdk\10.0.200-preview.0.26103.119\Sdks\Microsoft.NET.Sdk\targets\Microsoft.NET.Sdk.targets(204,5): message :       PostBuildEvent
       C:\Program Files\dotnet\sdk\10.0.200-preview.0.26103.119\Sdks\Microsoft.NET.Sdk\targets\Microsoft.NET.Sdk.targets(204,5): message :     ;
       C:\Program Files\dotnet\sdk\10.0.200-preview.0.26103.119\Sdks\Microsoft.NET.Sdk\targets\Microsoft.NET.Sdk.targets(204,5): message :       GenerateBuildDependencyFile;
       C:\Program Files\dotnet\sdk\10.0.200-preview.0.26103.119\Sdks\Microsoft.NET.Sdk\targets\Microsoft.NET.Sdk.targets(204,5): message :       GenerateBuildRuntimeConfigurationFiles
       C:\Program Files\dotnet\sdk\10.0.200-preview.0.26103.119\Sdks\Microsoft.NET.Sdk\targets\Microsoft.NET.Sdk.targets(204,5): message :     " (önceki değer: "
       C:\Program Files\dotnet\sdk\10.0.200-preview.0.26103.119\Sdks\Microsoft.NET.Sdk\targets\Microsoft.NET.Sdk.targets(204,5): message :       BuildOnlySettings;
       C:\Program Files\dotnet\sdk\10.0.200-preview.0.26103.119\Sdks\Microsoft.NET.Sdk\targets\Microsoft.NET.Sdk.targets(204,5): message :       PrepareForBuild;
       C:\Program Files\dotnet\sdk\10.0.200-preview.0.26103.119\Sdks\Microsoft.NET.Sdk\targets\Microsoft.NET.Sdk.targets(204,5): message :       PreBuildEvent;
       C:\Program Files\dotnet\sdk\10.0.200-preview.0.26103.119\Sdks\Microsoft.NET.Sdk\targets\Microsoft.NET.Sdk.targets(204,5): message :       ResolveReferences;
       C:\Program Files\dotnet\sdk\10.0.200-preview.0.26103.119\Sdks\Microsoft.NET.Sdk\targets\Microsoft.NET.Sdk.targets(204,5): message :       PrepareResources;
       C:\Program Files\dotnet\sdk\10.0.200-preview.0.26103.119\Sdks\Microsoft.NET.Sdk\targets\Microsoft.NET.Sdk.targets(204,5): message :       ResolveKeySource;
       C:\Program Files\dotnet\sdk\10.0.200-preview.0.26103.119\Sdks\Microsoft.NET.Sdk\targets\Microsoft.NET.Sdk.targets(204,5): message :       Compile;
       C:\Program Files\dotnet\sdk\10.0.200-preview.0.26103.119\Sdks\Microsoft.NET.Sdk\targets\Microsoft.NET.Sdk.targets(204,5): message :       ExportWindowsMDFile;
       C:\Program Files\dotnet\sdk\10.0.200-preview.0.26103.119\Sdks\Microsoft.NET.Sdk\targets\Microsoft.NET.Sdk.targets(204,5): message :       UnmanagedUnregistration;
       C:\Program Files\dotnet\sdk\10.0.200-preview.0.26103.119\Sdks\Microsoft.NET.Sdk\targets\Microsoft.NET.Sdk.targets(204,5): message :       GenerateSerializationAssemblies;
       C:\Program Files\dotnet\sdk\10.0.200-preview.0.26103.119\Sdks\Microsoft.NET.Sdk\targets\Microsoft.NET.Sdk.targets(204,5): message :       CreateSatelliteAssemblies;
       C:\Program Files\dotnet\sdk\10.0.200-preview.0.26103.119\Sdks\Microsoft.NET.Sdk\targets\Microsoft.NET.Sdk.targets(204,5): message :       GenerateManifests;
       C:\Program Files\dotnet\sdk\10.0.200-preview.0.26103.119\Sdks\Microsoft.NET.Sdk\targets\Microsoft.NET.Sdk.targets(204,5): message :       GetTargetPath;
       C:\Program Files\dotnet\sdk\10.0.200-preview.0.26103.119\Sdks\Microsoft.NET.Sdk\targets\Microsoft.NET.Sdk.targets(204,5): message :       PrepareForRun;
       C:\Program Files\dotnet\sdk\10.0.200-preview.0.26103.119\Sdks\Microsoft.NET.Sdk\targets\Microsoft.NET.Sdk.targets(204,5): message :       UnmanagedRegistration;
       C:\Program Files\dotnet\sdk\10.0.200-preview.0.26103.119\Sdks\Microsoft.NET.Sdk\targets\Microsoft.NET.Sdk.targets(204,5): message :       IncrementalClean;
       C:\Program Files\dotnet\sdk\10.0.200-preview.0.26103.119\Sdks\Microsoft.NET.Sdk\targets\Microsoft.NET.Sdk.targets(204,5): message :       PostBuildEvent
       C:\Program Files\dotnet\sdk\10.0.200-preview.0.26103.119\Sdks\Microsoft.NET.Sdk\targets\Microsoft.NET.Sdk.targets(204,5): message :     ") konum: C:\Program Files\dotnet\sdk\10.0.200-preview.0.26103.119\Sdks\Microsoft.NET.Sdk\targets\Microsoft.NET.Sdk.targets (204,5)
       C:\Program Files\dotnet\sdk\10.0.200-preview.0.26103.119\Sdks\Microsoft.NET.Sdk\targets\Microsoft.NET.Sdk.targets(213,5): message : Özellik yeniden ataması: $(CoreCleanDependsOn)="
       C:\Program Files\dotnet\sdk\10.0.200-preview.0.26103.119\Sdks\Microsoft.NET.Sdk\targets\Microsoft.NET.Sdk.targets(213,5): message :       _SdkBeforeClean;
       C:\Program Files\dotnet\sdk\10.0.200-preview.0.26103.119\Sdks\Microsoft.NET.Sdk\targets\Microsoft.NET.Sdk.targets(213,5): message :       
       C:\Program Files\dotnet\sdk\10.0.200-preview.0.26103.119\Sdks\Microsoft.NET.Sdk\targets\Microsoft.NET.Sdk.targets(213,5): message :     " (önceki değer: "") konum: C:\Program Files\dotnet\sdk\10.0.200-preview.0.26103.119\Sdks\Microsoft.NET.Sdk\targets\Microsoft.NET.Sdk.targets (213,5)
       C:\Program Files\dotnet\sdk\10.0.200-preview.0.26103.119\Sdks\Microsoft.NET.Sdk\targets\Microsoft.NET.Sdk.targets(220,5): message : Özellik yeniden ataması: $(RebuildDependsOn)="
       C:\Program Files\dotnet\sdk\10.0.200-preview.0.26103.119\Sdks\Microsoft.NET.Sdk\targets\Microsoft.NET.Sdk.targets(220,5): message :       _SdkBeforeRebuild;
       C:\Program Files\dotnet\sdk\10.0.200-preview.0.26103.119\Sdks\Microsoft.NET.Sdk\targets\Microsoft.NET.Sdk.targets(220,5): message :       
       C:\Program Files\dotnet\sdk\10.0.200-preview.0.26103.119\Sdks\Microsoft.NET.Sdk\targets\Microsoft.NET.Sdk.targets(220,5): message :       BeforeRebuild;
       C:\Program Files\dotnet\sdk\10.0.200-preview.0.26103.119\Sdks\Microsoft.NET.Sdk\targets\Microsoft.NET.Sdk.targets(220,5): message :       Clean;
       C:\Program Files\dotnet\sdk\10.0.200-preview.0.26103.119\Sdks\Microsoft.NET.Sdk\targets\Microsoft.NET.Sdk.targets(220,5): message :       Build;
       C:\Program Files\dotnet\sdk\10.0.200-preview.0.26103.119\Sdks\Microsoft.NET.Sdk\targets\Microsoft.NET.Sdk.targets(220,5): message :       AfterRebuild;
       C:\Program Files\dotnet\sdk\10.0.200-preview.0.26103.119\Sdks\Microsoft.NET.Sdk\targets\Microsoft.NET.Sdk.targets(220,5): message :     
       C:\Program Files\dotnet\sdk\10.0.200-preview.0.26103.119\Sdks\Microsoft.NET.Sdk\targets\Microsoft.NET.Sdk.targets(220,5): message :     " (önceki değer: "
       C:\Program Files\dotnet\sdk\10.0.200-preview.0.26103.119\Sdks\Microsoft.NET.Sdk\targets\Microsoft.NET.Sdk.targets(220,5): message :       BeforeRebuild;
       C:\Program Files\dotnet\sdk\10.0.200-preview.0.26103.119\Sdks\Microsoft.NET.Sdk\targets\Microsoft.NET.Sdk.targets(220,5): message :       Clean;
       C:\Program Files\dotnet\sdk\10.0.200-preview.0.26103.119\Sdks\Microsoft.NET.Sdk\targets\Microsoft.NET.Sdk.targets(220,5): message :       Build;
       C:\Program Files\dotnet\sdk\10.0.200-preview.0.26103.119\Sdks\Microsoft.NET.Sdk\targets\Microsoft.NET.Sdk.targets(220,5): message :       AfterRebuild;
       C:\Program Files\dotnet\sdk\10.0.200-preview.0.26103.119\Sdks\Microsoft.NET.Sdk\targets\Microsoft.NET.Sdk.targets(220,5): message :     ") konum: C:\Program Files\dotnet\sdk\10.0.200-preview.0.26103.119\Sdks\Microsoft.NET.Sdk\targets\Microsoft.NET.Sdk.targets (220,5)
       C:\Program Files\dotnet\sdk\10.0.200-preview.0.26103.119\Sdks\Microsoft.NET.Sdk\targets\Microsoft.NET.Sdk.targets(799,5): message : Özellik yeniden ataması: $(CompileDependsOn)="
       C:\Program Files\dotnet\sdk\10.0.200-preview.0.26103.119\Sdks\Microsoft.NET.Sdk\targets\Microsoft.NET.Sdk.targets(799,5): message :       
       C:\Program Files\dotnet\sdk\10.0.200-preview.0.26103.119\Sdks\Microsoft.NET.Sdk\targets\Microsoft.NET.Sdk.targets(799,5): message :       ResolveReferences;
       C:\Program Files\dotnet\sdk\10.0.200-preview.0.26103.119\Sdks\Microsoft.NET.Sdk\targets\Microsoft.NET.Sdk.targets(799,5): message :       ResolveKeySource;
       C:\Program Files\dotnet\sdk\10.0.200-preview.0.26103.119\Sdks\Microsoft.NET.Sdk\targets\Microsoft.NET.Sdk.targets(799,5): message :       SetWin32ManifestProperties;
       C:\Program Files\dotnet\sdk\10.0.200-preview.0.26103.119\Sdks\Microsoft.NET.Sdk\targets\Microsoft.NET.Sdk.targets(799,5): message :       _SetPreferNativeArm64Win32ManifestProperties;
       C:\Program Files\dotnet\sdk\10.0.200-preview.0.26103.119\Sdks\Microsoft.NET.Sdk\targets\Microsoft.NET.Sdk.targets(799,5): message :       FindReferenceAssembliesForReferences;
       C:\Program Files\dotnet\sdk\10.0.200-preview.0.26103.119\Sdks\Microsoft.NET.Sdk\targets\Microsoft.NET.Sdk.targets(799,5): message :       _GenerateCompileInputs;
       C:\Program Files\dotnet\sdk\10.0.200-preview.0.26103.119\Sdks\Microsoft.NET.Sdk\targets\Microsoft.NET.Sdk.targets(799,5): message :       BeforeCompile;
       C:\Program Files\dotnet\sdk\10.0.200-preview.0.26103.119\Sdks\Microsoft.NET.Sdk\targets\Microsoft.NET.Sdk.targets(799,5): message :       _TimeStampBeforeCompile;
       C:\Program Files\dotnet\sdk\10.0.200-preview.0.26103.119\Sdks\Microsoft.NET.Sdk\targets\Microsoft.NET.Sdk.targets(799,5): message :       _GenerateCompileDependencyCache;
       C:\Program Files\dotnet\sdk\10.0.200-preview.0.26103.119\Sdks\Microsoft.NET.Sdk\targets\Microsoft.NET.Sdk.targets(799,5): message :       CoreCompile;
       C:\Program Files\dotnet\sdk\10.0.200-preview.0.26103.119\Sdks\Microsoft.NET.Sdk\targets\Microsoft.NET.Sdk.targets(799,5): message :       _TimeStampAfterCompile;
       C:\Program Files\dotnet\sdk\10.0.200-preview.0.26103.119\Sdks\Microsoft.NET.Sdk\targets\Microsoft.NET.Sdk.targets(799,5): message :       AfterCompile;
       C:\Program Files\dotnet\sdk\10.0.200-preview.0.26103.119\Sdks\Microsoft.NET.Sdk\targets\Microsoft.NET.Sdk.targets(799,5): message :     ;
       C:\Program Files\dotnet\sdk\10.0.200-preview.0.26103.119\Sdks\Microsoft.NET.Sdk\targets\Microsoft.NET.Sdk.targets(799,5): message :       _CreateAppHost;
       C:\Program Files\dotnet\sdk\10.0.200-preview.0.26103.119\Sdks\Microsoft.NET.Sdk\targets\Microsoft.NET.Sdk.targets(799,5): message :       _CreateComHost;
       C:\Program Files\dotnet\sdk\10.0.200-preview.0.26103.119\Sdks\Microsoft.NET.Sdk\targets\Microsoft.NET.Sdk.targets(799,5): message :       _GetIjwHostPaths;
       C:\Program Files\dotnet\sdk\10.0.200-preview.0.26103.119\Sdks\Microsoft.NET.Sdk\targets\Microsoft.NET.Sdk.targets(799,5): message :     " (önceki değer: "
       C:\Program Files\dotnet\sdk\10.0.200-preview.0.26103.119\Sdks\Microsoft.NET.Sdk\targets\Microsoft.NET.Sdk.targets(799,5): message :       ResolveReferences;
       C:\Program Files\dotnet\sdk\10.0.200-preview.0.26103.119\Sdks\Microsoft.NET.Sdk\targets\Microsoft.NET.Sdk.targets(799,5): message :       ResolveKeySource;
       C:\Program Files\dotnet\sdk\10.0.200-preview.0.26103.119\Sdks\Microsoft.NET.Sdk\targets\Microsoft.NET.Sdk.targets(799,5): message :       SetWin32ManifestProperties;
       C:\Program Files\dotnet\sdk\10.0.200-preview.0.26103.119\Sdks\Microsoft.NET.Sdk\targets\Microsoft.NET.Sdk.targets(799,5): message :       _SetPreferNativeArm64Win32ManifestProperties;
       C:\Program Files\dotnet\sdk\10.0.200-preview.0.26103.119\Sdks\Microsoft.NET.Sdk\targets\Microsoft.NET.Sdk.targets(799,5): message :       FindReferenceAssembliesForReferences;
       C:\Program Files\dotnet\sdk\10.0.200-preview.0.26103.119\Sdks\Microsoft.NET.Sdk\targets\Microsoft.NET.Sdk.targets(799,5): message :       _GenerateCompileInputs;
       C:\Program Files\dotnet\sdk\10.0.200-preview.0.26103.119\Sdks\Microsoft.NET.Sdk\targets\Microsoft.NET.Sdk.targets(799,5): message :       BeforeCompile;
       C:\Program Files\dotnet\sdk\10.0.200-preview.0.26103.119\Sdks\Microsoft.NET.Sdk\targets\Microsoft.NET.Sdk.targets(799,5): message :       _TimeStampBeforeCompile;
       C:\Program Files\dotnet\sdk\10.0.200-preview.0.26103.119\Sdks\Microsoft.NET.Sdk\targets\Microsoft.NET.Sdk.targets(799,5): message :       _GenerateCompileDependencyCache;
       C:\Program Files\dotnet\sdk\10.0.200-preview.0.26103.119\Sdks\Microsoft.NET.Sdk\targets\Microsoft.NET.Sdk.targets(799,5): message :       CoreCompile;
       C:\Program Files\dotnet\sdk\10.0.200-preview.0.26103.119\Sdks\Microsoft.NET.Sdk\targets\Microsoft.NET.Sdk.targets(799,5): message :       _TimeStampAfterCompile;
       C:\Program Files\dotnet\sdk\10.0.200-preview.0.26103.119\Sdks\Microsoft.NET.Sdk\targets\Microsoft.NET.Sdk.targets(799,5): message :       AfterCompile;
       C:\Program Files\dotnet\sdk\10.0.200-preview.0.26103.119\Sdks\Microsoft.NET.Sdk\targets\Microsoft.NET.Sdk.targets(799,5): message :     ") konum: C:\Program Files\dotnet\sdk\10.0.200-preview.0.26103.119\Sdks\Microsoft.NET.Sdk\targets\Microsoft.NET.Sdk.targets (799,5)
       C:\Program Files\dotnet\sdk\10.0.200-preview.0.26103.119\Sdks\Microsoft.NET.Sdk\targets\Microsoft.NET.Sdk.targets(1131,5): message : Özellik yeniden ataması: $(CreateSatelliteAssembliesDependsOn)="
       C:\Program Files\dotnet\sdk\10.0.200-preview.0.26103.119\Sdks\Microsoft.NET.Sdk\targets\Microsoft.NET.Sdk.targets(1131,5): message :       
       C:\Program Files\dotnet\sdk\10.0.200-preview.0.26103.119\Sdks\Microsoft.NET.Sdk\targets\Microsoft.NET.Sdk.targets(1131,5): message :       ;
       C:\Program Files\dotnet\sdk\10.0.200-preview.0.26103.119\Sdks\Microsoft.NET.Sdk\targets\Microsoft.NET.Sdk.targets(1131,5): message :       _GenerateSatelliteAssemblyInputs;
       C:\Program Files\dotnet\sdk\10.0.200-preview.0.26103.119\Sdks\Microsoft.NET.Sdk\targets\Microsoft.NET.Sdk.targets(1131,5): message :       ComputeIntermediateSatelliteAssemblies;
       C:\Program Files\dotnet\sdk\10.0.200-preview.0.26103.119\Sdks\Microsoft.NET.Sdk\targets\Microsoft.NET.Sdk.targets(1131,5): message :       GenerateSatelliteAssemblies
       C:\Program Files\dotnet\sdk\10.0.200-preview.0.26103.119\Sdks\Microsoft.NET.Sdk\targets\Microsoft.NET.Sdk.targets(1131,5): message :     ;
       C:\Program Files\dotnet\sdk\10.0.200-preview.0.26103.119\Sdks\Microsoft.NET.Sdk\targets\Microsoft.NET.Sdk.targets(1131,5): message :       CoreGenerateSatelliteAssemblies
       C:\Program Files\dotnet\sdk\10.0.200-preview.0.26103.119\Sdks\Microsoft.NET.Sdk\targets\Microsoft.NET.Sdk.targets(1131,5): message :     " (önceki değer: "
       C:\Program Files\dotnet\sdk\10.0.200-preview.0.26103.119\Sdks\Microsoft.NET.Sdk\targets\Microsoft.NET.Sdk.targets(1131,5): message :       ;
       C:\Program Files\dotnet\sdk\10.0.200-preview.0.26103.119\Sdks\Microsoft.NET.Sdk\targets\Microsoft.NET.Sdk.targets(1131,5): message :       _GenerateSatelliteAssemblyInputs;
       C:\Program Files\dotnet\sdk\10.0.200-preview.0.26103.119\Sdks\Microsoft.NET.Sdk\targets\Microsoft.NET.Sdk.targets(1131,5): message :       ComputeIntermediateSatelliteAssemblies;
       C:\Program Files\dotnet\sdk\10.0.200-preview.0.26103.119\Sdks\Microsoft.NET.Sdk\targets\Microsoft.NET.Sdk.targets(1131,5): message :       GenerateSatelliteAssemblies
       C:\Program Files\dotnet\sdk\10.0.200-preview.0.26103.119\Sdks\Microsoft.NET.Sdk\targets\Microsoft.NET.Sdk.targets(1131,5): message :     ") konum: C:\Program Files\dotnet\sdk\10.0.200-preview.0.26103.119\Sdks\Microsoft.NET.Sdk\targets\Microsoft.NET.Sdk.targets (1131,5)
       C:\Program Files\dotnet\sdk\10.0.200-preview.0.26103.119\Sdks\Microsoft.SourceLink.GitLab\build\Microsoft.SourceLink.GitLab.targets(12,5): message : Özellik yeniden ataması: $(SourceLinkUrlInitializerTargets)=";_InitializeGitHubSourceLinkUrl;_InitializeGitLabSourceLinkUrl" (önceki değer: ";_InitializeGitHubSourceLinkUrl") konum: C:\Program Files\dotnet\sdk\10.0.200-preview.0.26103.119\Sdks\Microsoft.SourceLink.GitLab\build\Microsoft.SourceLink.GitLab.targets (12,5)
       C:\Program Files\dotnet\sdk\10.0.200-preview.0.26103.119\Sdks\Microsoft.SourceLink.GitLab\build\Microsoft.SourceLink.GitLab.targets(13,5): message : Özellik yeniden ataması: $(SourceControlManagerUrlTranslationTargets)=";TranslateGitHubUrlsInSourceControlInformation;TranslateGitLabUrlsInSourceControlInformation" (önceki değer: ";TranslateGitHubUrlsInSourceControlInformation") konum: C:\Program Files\dotnet\sdk\10.0.200-preview.0.26103.119\Sdks\Microsoft.SourceLink.GitLab\build\Microsoft.SourceLink.GitLab.targets (13,5)
       C:\Program Files\dotnet\sdk\10.0.200-preview.0.26103.119\Sdks\Microsoft.SourceLink.AzureRepos.Git\build\Microsoft.SourceLink.AzureRepos.Git.targets(12,5): message : Özellik yeniden ataması: $(SourceLinkUrlInitializerTargets)=";_InitializeGitHubSourceLinkUrl;_InitializeGitLabSourceLinkUrl;_InitializeAzureReposGitSourceLinkUrl" (önceki değer: ";_InitializeGitHubSourceLinkUrl;_InitializeGitLabSourceLinkUrl") konum: C:\Program Files\dotnet\sdk\10.0.200-preview.0.26103.119\Sdks\Microsoft.SourceLink.AzureRepos.Git\build\Microsoft.SourceLink.AzureRepos.Git.targets (12,5)
       C:\Program Files\dotnet\sdk\10.0.200-preview.0.26103.119\Sdks\Microsoft.SourceLink.AzureRepos.Git\build\Microsoft.SourceLink.AzureRepos.Git.targets(13,5): message : Özellik yeniden ataması: $(SourceControlManagerUrlTranslationTargets)=";TranslateGitHubUrlsInSourceControlInformation;TranslateGitLabUrlsInSourceControlInformation;TranslateAzureReposGitUrlsInSourceControlInformation" (önceki değer: ";TranslateGitHubUrlsInSourceControlInformation;TranslateGitLabUrlsInSourceControlInformation") konum: C:\Program Files\dotnet\sdk\10.0.200-preview.0.26103.119\Sdks\Microsoft.SourceLink.AzureRepos.Git\build\Microsoft.SourceLink.AzureRepos.Git.targets (13,5)
       C:\Program Files\dotnet\sdk\10.0.200-preview.0.26103.119\Sdks\Microsoft.SourceLink.Bitbucket.Git\build\Microsoft.SourceLink.Bitbucket.Git.targets(12,5): message : Özellik yeniden ataması: $(SourceLinkUrlInitializerTargets)=";_InitializeGitHubSourceLinkUrl;_InitializeGitLabSourceLinkUrl;_InitializeAzureReposGitSourceLinkUrl;_InitializeBitbucketGitSourceLinkUrl" (önceki değer: ";_InitializeGitHubSourceLinkUrl;_InitializeGitLabSourceLinkUrl;_InitializeAzureReposGitSourceLinkUrl") konum: C:\Program Files\dotnet\sdk\10.0.200-preview.0.26103.119\Sdks\Microsoft.SourceLink.Bitbucket.Git\build\Microsoft.SourceLink.Bitbucket.Git.targets (12,5)
       C:\Program Files\dotnet\sdk\10.0.200-preview.0.26103.119\Sdks\Microsoft.SourceLink.Bitbucket.Git\build\Microsoft.SourceLink.Bitbucket.Git.targets(13,5): message : Özellik yeniden ataması: $(SourceControlManagerUrlTranslationTargets)=";TranslateGitHubUrlsInSourceControlInformation;TranslateGitLabUrlsInSourceControlInformation;TranslateAzureReposGitUrlsInSourceControlInformation;TranslateBitbucketGitUrlsInSourceControlInformation" (önceki değer: ";TranslateGitHubUrlsInSourceControlInformation;TranslateGitLabUrlsInSourceControlInformation;TranslateAzureReposGitUrlsInSourceControlInformation") konum: C:\Program Files\dotnet\sdk\10.0.200-preview.0.26103.119\Sdks\Microsoft.SourceLink.Bitbucket.Git\build\Microsoft.SourceLink.Bitbucket.Git.targets (13,5)
       C:\Program Files\dotnet\sdk\10.0.200-preview.0.26103.119\Sdks\Microsoft.NET.Sdk\targets\Microsoft.NET.DesignerSupport.targets(21,5): message : Özellik yeniden ataması: $(DesignerRuntimeImplementationProjectOutputGroupDependsOn)="
       C:\Program Files\dotnet\sdk\10.0.200-preview.0.26103.119\Sdks\Microsoft.NET.Sdk\targets\Microsoft.NET.DesignerSupport.targets(21,5): message :       
       C:\Program Files\dotnet\sdk\10.0.200-preview.0.26103.119\Sdks\Microsoft.NET.Sdk\targets\Microsoft.NET.DesignerSupport.targets(21,5): message :       ;
       C:\Program Files\dotnet\sdk\10.0.200-preview.0.26103.119\Sdks\Microsoft.NET.Sdk\targets\Microsoft.NET.DesignerSupport.targets(21,5): message :       
       C:\Program Files\dotnet\sdk\10.0.200-preview.0.26103.119\Sdks\Microsoft.NET.Sdk\targets\Microsoft.NET.DesignerSupport.targets(21,5): message :       ;
       C:\Program Files\dotnet\sdk\10.0.200-preview.0.26103.119\Sdks\Microsoft.NET.Sdk\targets\Microsoft.NET.DesignerSupport.targets(21,5): message :       BuildOnlySettings;
       C:\Program Files\dotnet\sdk\10.0.200-preview.0.26103.119\Sdks\Microsoft.NET.Sdk\targets\Microsoft.NET.DesignerSupport.targets(21,5): message :       PrepareForBuild;
       C:\Program Files\dotnet\sdk\10.0.200-preview.0.26103.119\Sdks\Microsoft.NET.Sdk\targets\Microsoft.NET.DesignerSupport.targets(21,5): message :       AssignTargetPaths;
       C:\Program Files\dotnet\sdk\10.0.200-preview.0.26103.119\Sdks\Microsoft.NET.Sdk\targets\Microsoft.NET.DesignerSupport.targets(21,5): message :       ResolveReferences
       C:\Program Files\dotnet\sdk\10.0.200-preview.0.26103.119\Sdks\Microsoft.NET.Sdk\targets\Microsoft.NET.DesignerSupport.targets(21,5): message :     
       C:\Program Files\dotnet\sdk\10.0.200-preview.0.26103.119\Sdks\Microsoft.NET.Sdk\targets\Microsoft.NET.DesignerSupport.targets(21,5): message :     ;
       C:\Program Files\dotnet\sdk\10.0.200-preview.0.26103.119\Sdks\Microsoft.NET.Sdk\targets\Microsoft.NET.DesignerSupport.targets(21,5): message :       _GenerateDesignerDepsFile;
       C:\Program Files\dotnet\sdk\10.0.200-preview.0.26103.119\Sdks\Microsoft.NET.Sdk\targets\Microsoft.NET.DesignerSupport.targets(21,5): message :       _GenerateDesignerRuntimeConfigFile;
       C:\Program Files\dotnet\sdk\10.0.200-preview.0.26103.119\Sdks\Microsoft.NET.Sdk\targets\Microsoft.NET.DesignerSupport.targets(21,5): message :       GetCopyToOutputDirectoryItems;
       C:\Program Files\dotnet\sdk\10.0.200-preview.0.26103.119\Sdks\Microsoft.NET.Sdk\targets\Microsoft.NET.DesignerSupport.targets(21,5): message :       _GatherDesignerShadowCopyFiles;
       C:\Program Files\dotnet\sdk\10.0.200-preview.0.26103.119\Sdks\Microsoft.NET.Sdk\targets\Microsoft.NET.DesignerSupport.targets(21,5): message :     " (önceki değer: "
       C:\Program Files\dotnet\sdk\10.0.200-preview.0.26103.119\Sdks\Microsoft.NET.Sdk\targets\Microsoft.NET.DesignerSupport.targets(21,5): message :       ;
       C:\Program Files\dotnet\sdk\10.0.200-preview.0.26103.119\Sdks\Microsoft.NET.Sdk\targets\Microsoft.NET.DesignerSupport.targets(21,5): message :       
       C:\Program Files\dotnet\sdk\10.0.200-preview.0.26103.119\Sdks\Microsoft.NET.Sdk\targets\Microsoft.NET.DesignerSupport.targets(21,5): message :       ;
       C:\Program Files\dotnet\sdk\10.0.200-preview.0.26103.119\Sdks\Microsoft.NET.Sdk\targets\Microsoft.NET.DesignerSupport.targets(21,5): message :       BuildOnlySettings;
       C:\Program Files\dotnet\sdk\10.0.200-preview.0.26103.119\Sdks\Microsoft.NET.Sdk\targets\Microsoft.NET.DesignerSupport.targets(21,5): message :       PrepareForBuild;
       C:\Program Files\dotnet\sdk\10.0.200-preview.0.26103.119\Sdks\Microsoft.NET.Sdk\targets\Microsoft.NET.DesignerSupport.targets(21,5): message :       AssignTargetPaths;
       C:\Program Files\dotnet\sdk\10.0.200-preview.0.26103.119\Sdks\Microsoft.NET.Sdk\targets\Microsoft.NET.DesignerSupport.targets(21,5): message :       ResolveReferences
       C:\Program Files\dotnet\sdk\10.0.200-preview.0.26103.119\Sdks\Microsoft.NET.Sdk\targets\Microsoft.NET.DesignerSupport.targets(21,5): message :     
       C:\Program Files\dotnet\sdk\10.0.200-preview.0.26103.119\Sdks\Microsoft.NET.Sdk\targets\Microsoft.NET.DesignerSupport.targets(21,5): message :     ") konum: C:\Program Files\dotnet\sdk\10.0.200-preview.0.26103.119\Sdks\Microsoft.NET.Sdk\targets\Microsoft.NET.DesignerSupport.targets (21,5)
       C:\Program Files\dotnet\sdk\10.0.200-preview.0.26103.119\Sdks\Microsoft.NET.Sdk\targets\Microsoft.NET.Sdk.CSharp.targets(31,5): message : Özellik yeniden ataması: $(DefineConstants)="TRACE;DEBUG" (önceki değer: "TRACE") konum: C:\Program Files\dotnet\sdk\10.0.200-preview.0.26103.119\Sdks\Microsoft.NET.Sdk\targets\Microsoft.NET.Sdk.CSharp.targets (31,5)
       C:\Program Files\dotnet\sdk\10.0.200-preview.0.26103.119\Sdks\Microsoft.NET.Sdk\targets\Microsoft.NET.Sdk.CSharp.targets(45,5): message : Özellik yeniden ataması: $(WarningsAsErrors)=";NU1605;SYSLIB0011" (önceki değer: ";NU1605") konum: C:\Program Files\dotnet\sdk\10.0.200-preview.0.26103.119\Sdks\Microsoft.NET.Sdk\targets\Microsoft.NET.Sdk.CSharp.targets (45,5)
       C:\Program Files\dotnet\sdk\10.0.200-preview.0.26103.119\NuGet.Build.Tasks.Pack.targets(34,5): message : Özellik yeniden ataması: $(PackageDescription)="Package Description" (önceki değer: "") konum: C:\Program Files\dotnet\sdk\10.0.200-preview.0.26103.119\NuGet.Build.Tasks.Pack.targets (34,5)
       C:\Program Files\dotnet\sdk\10.0.200-preview.0.26103.119\NuGet.Build.Tasks.Pack.targets(59,5): message : Özellik yeniden ataması: $(GenerateNuspecDependsOn)="Build;_LoadPackInputItems; _GetTargetFrameworksOutput; _WalkEachTargetPerFramework; _GetPackageFiles; " (önceki değer: "_LoadPackInputItems; _GetTargetFrameworksOutput; _WalkEachTargetPerFramework; _GetPackageFiles; ") konum: C:\Program Files\dotnet\sdk\10.0.200-preview.0.26103.119\NuGet.Build.Tasks.Pack.targets (59,5)
       C:\Program Files\dotnet\sdk\10.0.200-preview.0.26103.119\Sdks\Microsoft.NET.Sdk\Sdk\Sdk.targets(59,5): message : Özellik yeniden ataması: $(_IsNotSetContainersTargetsDir)="true" (önceki değer: "false") konum: C:\Program Files\dotnet\sdk\10.0.200-preview.0.26103.119\Sdks\Microsoft.NET.Sdk\Sdk\Sdk.targets (59,5)
       C:\Program Files\dotnet\sdk\10.0.200-preview.0.26103.119\Containers\build\Microsoft.NET.Build.Containers.targets(5,5): message : Özellik yeniden ataması: $(_IsSDKContainerAllowedVersion)="true" (önceki değer: "false") konum: C:\Program Files\dotnet\sdk\10.0.200-preview.0.26103.119\Containers\build\Microsoft.NET.Build.Containers.targets (5,5)
       C:\Program Files\dotnet\sdk\10.0.200-preview.0.26103.119\Containers\build\Microsoft.NET.Build.Containers.targets(15,5): message : Özellik yeniden ataması: $(_ContainerIsTargetingNet8TFM)="true" (önceki değer: "false") konum: C:\Program Files\dotnet\sdk\10.0.200-preview.0.26103.119\Containers\build\Microsoft.NET.Build.Containers.targets (15,5)
       "C:\Program Files\dotnet\sdk\10.0.200-preview.0.26103.119\Sdks\Microsoft.NET.Sdk\targets\Microsoft.NET.Sdk.FrameworkReferenceResolution.targets" projesindeki "ResolveFrameworkReferences" hedefi kullanılarak "C:\Program Files\dotnet\sdk\10.0.200-preview.0.26103.119\Microsoft.Common.CurrentVersion.targets" projesindeki "ResolveFrameworkReferences" hedefinin üzerine yazılıyor.
       "C:\Program Files\dotnet\sdk\10.0.200-preview.0.26103.119\Sdks\Microsoft.NET.Sdk\targets\Microsoft.NET.Sdk.targets" projesindeki "GenerateSupportedTargetFrameworkAlias" hedefi kullanılarak "C:\Program Files\dotnet\sdk\10.0.200-preview.0.26103.119\Microsoft.Common.CurrentVersion.targets" projesindeki "GenerateSupportedTargetFrameworkAlias" hedefinin üzerine yazılıyor.
       "C:\Program Files\dotnet\sdk\10.0.200-preview.0.26103.119\Sdks\Microsoft.NET.Sdk\targets\Microsoft.NET.DisableStandardFrameworkResolution.targets" projesindeki "GetReferenceAssemblyPaths" hedefi kullanılarak "C:\Program Files\dotnet\sdk\10.0.200-preview.0.26103.119\Microsoft.Common.CurrentVersion.targets" projesindeki "GetReferenceAssemblyPaths" hedefinin üzerine yazılıyor.
       "C:\Program Files\dotnet\sdk\10.0.200-preview.0.26103.119\Sdks\Microsoft.NET.Sdk\targets\Microsoft.NET.DisableStandardFrameworkResolution.targets" projesindeki "GetFrameworkPaths" hedefi kullanılarak "C:\Program Files\dotnet\sdk\10.0.200-preview.0.26103.119\Microsoft.Common.CurrentVersion.targets" projesindeki "GetFrameworkPaths" hedefinin üzerine yazılıyor.
       "C:\Program Files\dotnet\sdk\10.0.200-preview.0.26103.119\Sdks\Microsoft.NET.Sdk\targets\Microsoft.NET.DesignerSupport.targets" projesindeki "DesignerRuntimeImplementationProjectOutputGroup" hedefi kullanılarak "C:\Program Files\dotnet\sdk\10.0.200-preview.0.26103.119\Microsoft.Common.CurrentVersion.targets" projesindeki "DesignerRuntimeImplementationProjectOutputGroup" hedefinin üzerine yazılıyor.
       "C:\Program Files\dotnet\sdk\10.0.200-preview.0.26103.119\Sdks\Microsoft.NET.Sdk\targets\Microsoft.NET.Publish.targets" projesindeki "Publish" hedefi kullanılarak "C:\Program Files\dotnet\sdk\10.0.200-preview.0.26103.119\Microsoft.Common.CurrentVersion.targets" projesindeki "Publish" hedefinin üzerine yazılıyor.
       "C:\Program Files\dotnet\sdk\10.0.200-preview.0.26103.119\Sdks\Microsoft.NET.Sdk\targets\Microsoft.NET.Publish.targets" projesindeki "ResolveReadyToRunCompilers" hedefi kullanılarak "C:\Program Files\dotnet\sdk\10.0.200-preview.0.26103.119\Sdks\Microsoft.NET.Sdk\targets\Microsoft.NET.CrossGen.targets" projesindeki "ResolveReadyToRunCompilers" hedefinin üzerine yazılıyor.
       "C:\Program Files\dotnet\sdk\10.0.200-preview.0.26103.119\Sdks\Microsoft.NET.Sdk\targets\Microsoft.NET.Publish.targets" projesindeki "GetCopyToPublishDirectoryItems" hedefi kullanılarak "C:\Program Files\dotnet\sdk\10.0.200-preview.0.26103.119\Microsoft.Common.CurrentVersion.targets" projesindeki "GetCopyToPublishDirectoryItems" hedefinin üzerine yazılıyor.
       "C:\Program Files\dotnet\sdk\10.0.200-preview.0.26103.119\Sdks\Microsoft.NET.Sdk\targets\Microsoft.NET.Sdk.targets" projesindeki "Run" hedefi kullanılarak "C:\Program Files\dotnet\sdk\10.0.200-preview.0.26103.119\Microsoft.Common.CurrentVersion.targets" projesindeki "Run" hedefinin üzerine yazılıyor.
       "ResolveNuGetPackageAssets" konumundaki bir AfterTargets özniteliğinde listelenen "C:\Users\ilhan\.nuget\packages\microsoft.extensions.options\10.0.0\buildTransitive\net8.0\Microsoft.Extensions.Options.targets (11,11)" hedefi projede yok ve göz ardı edilecek.
       "ResolveNuGetPackageAssets" konumundaki bir AfterTargets özniteliğinde listelenen "C:\Users\ilhan\.nuget\packages\microsoft.extensions.options\10.0.0\buildTransitive\net8.0\Microsoft.Extensions.Options.targets (23,11)" hedefi projede yok ve göz ardı edilecek.
       "ResolveNuGetPackageAssets" konumundaki bir AfterTargets özniteliğinde listelenen "C:\Users\ilhan\.nuget\packages\microsoft.extensions.logging.abstractions\10.0.0\buildTransitive\net8.0\Microsoft.Extensions.Logging.Abstractions.targets (11,11)" hedefi projede yok ve göz ardı edilecek.
       "ResolveNuGetPackageAssets" konumundaki bir AfterTargets özniteliğinde listelenen "C:\Users\ilhan\.nuget\packages\microsoft.extensions.logging.abstractions\10.0.0\buildTransitive\net8.0\Microsoft.Extensions.Logging.Abstractions.targets (23,11)" hedefi projede yok ve göz ardı edilecek.
   1:7>1 düğümünde "c:\Users\ilhan\source\repos\StudyBuddy\StudyBuddy\Buddy.Application\Buddy.Application.csproj" projesi (Rebuild hedef).
   1:7>"c:\Users\ilhan\source\repos\StudyBuddy\StudyBuddy\Buddy.Application\Buddy.Application.csproj" projesinin "C:\Program Files\dotnet\sdk\10.0.200-preview.0.26103.119\Sdks\Microsoft.NET.Sdk\targets\Microsoft.NET.TargetFrameworkInference.targets" dosyasındaki "_CollectTargetFrameworkForTelemetry" hedefi ("_CheckForInvalidConfigurationAndPlatform" hedefi buna bağımlı):
   1:7>"C:\Program Files\dotnet\sdk\10.0.200-preview.0.26103.119\Sdks\Microsoft.NET.Sdk\targets\..\tools\net10.0\Microsoft.NET.Build.Tasks.dll" derlemesindeki "AllowEmptyTelemetry" görevi kullanılıyor.
       "AllowEmptyTelemetry" görevi
       "AllowEmptyTelemetry" görevini yürütme tamamlandı.
   1:7>"Buddy.Application.csproj" projesinde "_CollectTargetFrameworkForTelemetry" hedefini oluşturma tamamlandı.
   1:7>"c:\Users\ilhan\source\repos\StudyBuddy\StudyBuddy\Buddy.Application\Buddy.Application.csproj" projesinin "C:\Program Files\dotnet\sdk\10.0.200-preview.0.26103.119\Sdks\Microsoft.NET.Sdk\targets\Microsoft.NET.TargetFrameworkInference.targets" dosyasındaki "_CheckForUnsupportedNETCoreVersion" hedefi ("_CheckForInvalidConfigurationAndPlatform" hedefi buna bağımlı):
   1:7>"Buddy.Application.csproj" projesinde "_CheckForUnsupportedNETCoreVersion" hedefini oluşturma tamamlandı.
   1:7>"c:\Users\ilhan\source\repos\StudyBuddy\StudyBuddy\Buddy.Application\Buddy.Application.csproj" projesinin "C:\Program Files\dotnet\sdk\10.0.200-preview.0.26103.119\Sdks\Microsoft.NET.Sdk\targets\Microsoft.NET.TargetFrameworkInference.targets" dosyasındaki "_CheckForUnsupportedCppNETCoreVersion" hedefi ("_CheckForInvalidConfigurationAndPlatform" hedefi buna bağımlı):
   1:7>"Buddy.Application.csproj" projesinde "_CheckForUnsupportedCppNETCoreVersion" hedefini oluşturma tamamlandı.
   1:7>"c:\Users\ilhan\source\repos\StudyBuddy\StudyBuddy\Buddy.Application\Buddy.Application.csproj" projesinin "C:\Program Files\dotnet\sdk\10.0.200-preview.0.26103.119\Sdks\Microsoft.NET.Sdk\targets\Microsoft.NET.DefaultOutputPaths.targets" dosyasındaki "_CheckForUnsupportedArtifactsPath" hedefi ("_CheckForInvalidConfigurationAndPlatform" hedefi buna bağımlı):
   1:7>"Buddy.Application.csproj" projesinde "_CheckForUnsupportedArtifactsPath" hedefini oluşturma tamamlandı.
   1:7>"c:\Users\ilhan\source\repos\StudyBuddy\StudyBuddy\Buddy.Application\Buddy.Application.csproj" projesinin "C:\Program Files\dotnet\sdk\10.0.200-preview.0.26103.119\Sdks\Microsoft.NET.Sdk\targets\Microsoft.NET.RuntimeIdentifierInference.targets" dosyasındaki "_CheckForUnsupportedHostingUsage" hedefi ("_CheckForInvalidConfigurationAndPlatform" hedefi buna bağımlı):
   1:7>"Buddy.Application.csproj" projesinde "_CheckForUnsupportedHostingUsage" hedefini oluşturma tamamlandı.
   1:7>"c:\Users\ilhan\source\repos\StudyBuddy\StudyBuddy\Buddy.Application\Buddy.Application.csproj" projesinin "C:\Program Files\dotnet\sdk\10.0.200-preview.0.26103.119\Sdks\Microsoft.NET.Sdk\targets\Microsoft.NET.RuntimeIdentifierInference.targets" dosyasındaki "_CheckAndUnsetUnsupportedPrefer32Bit" hedefi ("_CheckForInvalidConfigurationAndPlatform" hedefi buna bağımlı):
   1:7>"Buddy.Application.csproj" projesinde "_CheckAndUnsetUnsupportedPrefer32Bit" hedefini oluşturma tamamlandı.
   1:7>"c:\Users\ilhan\source\repos\StudyBuddy\StudyBuddy\Buddy.Application\Buddy.Application.csproj" projesinin "C:\Program Files\dotnet\sdk\10.0.200-preview.0.26103.119\Sdks\Microsoft.NET.Sdk\targets\Microsoft.NET.RuntimeIdentifierInference.targets" dosyasındaki "_CheckForLanguageAndFeatureCombinationSupport" hedefi ("_CheckForInvalidConfigurationAndPlatform" hedefi buna bağımlı):
   1:7>"Buddy.Application.csproj" projesinde "_CheckForLanguageAndFeatureCombinationSupport" hedefini oluşturma tamamlandı.
   1:7>"c:\Users\ilhan\source\repos\StudyBuddy\StudyBuddy\Buddy.Application\Buddy.Application.csproj" projesinin "C:\Program Files\dotnet\sdk\10.0.200-preview.0.26103.119\Sdks\Microsoft.NET.Sdk\targets\Microsoft.NET.RuntimeIdentifierInference.targets" dosyasındaki "_CheckForNETCoreSdkIsPreview" hedefi ("_CheckForInvalidConfigurationAndPlatform" hedefi buna bağımlı):
       "C:\Program Files\dotnet\sdk\10.0.200-preview.0.26103.119\Sdks\Microsoft.NET.Sdk\targets\..\tools\net10.0\Microsoft.NET.Build.Tasks.dll" derlemesindeki "ShowPreviewMessage" görevi kullanılıyor.
       "ShowPreviewMessage" görevi
       C:\Program Files\dotnet\sdk\10.0.200-preview.0.26103.119\Sdks\Microsoft.NET.Sdk\targets\Microsoft.NET.RuntimeIdentifierInference.targets(383,5): message NETSDK1057: Bir .NET önizleme sürümü kullanıyorsunuz. Bkz. https://aka.ms/dotnet-support-policy [c:\Users\ilhan\source\repos\StudyBuddy\StudyBuddy\Buddy.Application\Buddy.Application.csproj]
       "ShowPreviewMessage" görevini yürütme tamamlandı.
   1:7>"Buddy.Application.csproj" projesinde "_CheckForNETCoreSdkIsPreview" hedefini oluşturma tamamlandı.
   1:7>"c:\Users\ilhan\source\repos\StudyBuddy\StudyBuddy\Buddy.Application\Buddy.Application.csproj" projesinin "C:\Program Files\dotnet\sdk\10.0.200-preview.0.26103.119\Sdks\Microsoft.NET.Sdk\targets\Microsoft.NET.Sdk.DefaultItems.Shared.targets" dosyasındaki "UpdateAspNetToFrameworkReference" hedefi ("ApplyImplicitVersions" hedefi buna bağımlı):
       "C:\Program Files\dotnet\sdk\10.0.200-preview.0.26103.119\Sdks\Microsoft.NET.Sdk\targets\..\tools\net10.0\Microsoft.NET.Build.Tasks.dll" derlemesindeki "CheckIfPackageReferenceShouldBeFrameworkReference" görevi kullanılıyor.
       "CheckIfPackageReferenceShouldBeFrameworkReference" görevi
       "CheckIfPackageReferenceShouldBeFrameworkReference" görevini yürütme tamamlandı.
       "CheckIfPackageReferenceShouldBeFrameworkReference" görevi
       "CheckIfPackageReferenceShouldBeFrameworkReference" görevini yürütme tamamlandı.
   1:7>"Buddy.Application.csproj" projesinde "UpdateAspNetToFrameworkReference" hedefini oluşturma tamamlandı.
   1:7>"c:\Users\ilhan\source\repos\StudyBuddy\StudyBuddy\Buddy.Application\Buddy.Application.csproj" projesinin "C:\Program Files\dotnet\sdk\10.0.200-preview.0.26103.119\Sdks\Microsoft.NET.Sdk\targets\Microsoft.NET.Sdk.DefaultItems.Shared.targets" dosyasındaki "CheckForImplicitPackageReferenceOverrides" hedefi ("ApplyImplicitVersions" hedefi buna bağımlı):
       "C:\Program Files\dotnet\sdk\10.0.200-preview.0.26103.119\Sdks\Microsoft.NET.Sdk\targets\..\tools\net10.0\Microsoft.NET.Build.Tasks.dll" derlemesindeki "CheckForImplicitPackageReferenceOverrides" görevi kullanılıyor.
       "CheckForImplicitPackageReferenceOverrides" görevi
       "CheckForImplicitPackageReferenceOverrides" görevini yürütme tamamlandı.
   1:7>"Buddy.Application.csproj" projesinde "CheckForImplicitPackageReferenceOverrides" hedefini oluşturma tamamlandı.
   1:7>"c:\Users\ilhan\source\repos\StudyBuddy\StudyBuddy\Buddy.Application\Buddy.Application.csproj" projesinin "C:\Program Files\dotnet\sdk\10.0.200-preview.0.26103.119\Sdks\Microsoft.NET.Sdk\targets\Microsoft.NET.Sdk.DefaultItems.Shared.targets" dosyasındaki "ApplyImplicitVersions" hedefi ("CollectPackageReferences" hedefi buna bağımlı):
       "C:\Program Files\dotnet\sdk\10.0.200-preview.0.26103.119\Sdks\Microsoft.NET.Sdk\targets\..\tools\net10.0\Microsoft.NET.Build.Tasks.dll" derlemesindeki "ApplyImplicitVersions" görevi kullanılıyor.
       "ApplyImplicitVersions" görevi
       "ApplyImplicitVersions" görevini yürütme tamamlandı.
   1:7>"Buddy.Application.csproj" projesinde "ApplyImplicitVersions" hedefini oluşturma tamamlandı.
       "CheckForImplicitPackageReferenceOverrides" hedefi atlandı. Önceden başarılı bir şekilde derlenmişti.
   1:7>"c:\Users\ilhan\source\repos\StudyBuddy\StudyBuddy\Buddy.Application\Buddy.Application.csproj" projesinin "C:\Program Files\dotnet\sdk\10.0.200-preview.0.26103.119\Sdks\Microsoft.NET.Sdk\targets\Microsoft.NET.Publish.targets" dosyasındaki "_ComputeToolPackInputsToProcessFrameworkReferences" hedefi ("ProcessFrameworkReferences" hedefi buna bağımlı):
   1:7>"Buddy.Application.csproj" projesinde "_ComputeToolPackInputsToProcessFrameworkReferences" hedefini oluşturma tamamlandı.
   1:7>"c:\Users\ilhan\source\repos\StudyBuddy\StudyBuddy\Buddy.Application\Buddy.Application.csproj" projesinin "C:\Program Files\dotnet\sdk\10.0.200-preview.0.26103.119\Sdks\Microsoft.NET.Sdk\targets\Microsoft.NET.Sdk.FrameworkReferenceResolution.targets" dosyasındaki "ProcessFrameworkReferences" hedefi ("CollectPackageReferences" hedefi buna bağımlı):
       "C:\Program Files\dotnet\sdk\10.0.200-preview.0.26103.119\Sdks\Microsoft.NET.Sdk\targets\..\tools\net10.0\Microsoft.NET.Build.Tasks.dll" derlemesindeki "CheckForDuplicateFrameworkReferences" görevi kullanılıyor.
       "CheckForDuplicateFrameworkReferences" görevi
       "CheckForDuplicateFrameworkReferences" görevini yürütme tamamlandı.
       "C:\Program Files\dotnet\sdk\10.0.200-preview.0.26103.119\Sdks\Microsoft.NET.Sdk\targets\..\tools\net10.0\Microsoft.NET.Build.Tasks.dll" derlemesindeki "ProcessFrameworkReferences" görevi kullanılıyor.
       "ProcessFrameworkReferences" görevi
         Found 1 known framework references for target framework .NETCoreApp
         Found 5 known runtime packs for target framework .NETCoreApp
         Selected Microsoft.NETCore.App with RIDs 'linux-arm;linux-arm64;linux-musl-arm64;linux-musl-x64;linux-x64;osx-x64;tizen.4.0.0-armel;tizen.5.0.0-armel;win-arm64;win-x64;win-x86;linux-musl-arm;osx-arm64;linux-s390x;linux-loongarch64;linux-bionic-arm;linux-bionic-arm64;linux-bionic-x64;linux-bionic-x86;linux-ppc64le;freebsd-x64;freebsd-arm64;linux-riscv64;linux-musl-riscv64;linux-musl-loongarch64;android-arm64;android-x64'
         Selected targeting pack 'Microsoft.NETCore.App@10.0.2'
         Added runtime framework 'Microsoft.NETCore.App@10.0.0'
         Selected Microsoft.WindowsDesktop.App with RIDs 'win-x64;win-x86;win-arm64'
         Selected targeting pack 'Microsoft.WindowsDesktop.App@10.0.2'
         Added runtime framework 'Microsoft.WindowsDesktop.App@10.0.0'
         Selected Microsoft.WindowsDesktop.App with RIDs 'win-x64;win-x86;win-arm64'
         Selected targeting pack 'Microsoft.WindowsDesktop.App.WPF@10.0.2'
         Added runtime framework 'Microsoft.WindowsDesktop.App@10.0.0'
         Selected Microsoft.WindowsDesktop.App with RIDs 'win-x64;win-x86;win-arm64'
         Selected targeting pack 'Microsoft.WindowsDesktop.App.WindowsForms@10.0.2'
         Added runtime framework 'Microsoft.WindowsDesktop.App@10.0.0'
         Selected Microsoft.AspNetCore.App with RIDs 'win-x64;win-x86;osx-x64;linux-musl-x64;linux-musl-arm64;linux-x64;linux-arm;linux-arm64;linux-musl-arm;win-arm64;osx-arm64;linux-s390x;linux-loongarch64;linux-ppc64le;freebsd-x64;freebsd-arm64;linux-riscv64;linux-musl-riscv64;linux-loongarch64;linux-musl-loongarch64'
         Selected targeting pack 'Microsoft.AspNetCore.App@10.0.2'
         Added runtime framework 'Microsoft.AspNetCore.App@10.0.0'
       "ProcessFrameworkReferences" görevini yürütme tamamlandı.
       "C:\Program Files\dotnet\sdk\10.0.200-preview.0.26103.119\Sdks\Microsoft.NET.Sdk\targets\..\tools\net10.0\Microsoft.NET.Build.Tasks.dll" derlemesindeki "ResolveAppHosts" görevi kullanılıyor.
       "ResolveAppHosts" görevi
       "ResolveAppHosts" görevini yürütme tamamlandı.
   1:7>"Buddy.Application.csproj" projesinde "ProcessFrameworkReferences" hedefini oluşturma tamamlandı.
   1:7>"c:\Users\ilhan\source\repos\StudyBuddy\StudyBuddy\Buddy.Application\Buddy.Application.csproj" projesinin "C:\Program Files\dotnet\sdk\10.0.200-preview.0.26103.119\Sdks\Microsoft.NET.Sdk\targets\Microsoft.NET.ObsoleteReferences.targets" dosyasındaki "_CheckForObsoleteDotNetCliToolReferences" hedefi ("CollectPackageReferences" hedefi buna bağımlı):
   1:7>"Buddy.Application.csproj" projesinde "_CheckForObsoleteDotNetCliToolReferences" hedefini oluşturma tamamlandı.
   1:7>"c:\Users\ilhan\source\repos\StudyBuddy\StudyBuddy\Buddy.Application\Buddy.Application.csproj" projesinin "C:\Program Files\dotnet\sdk\10.0.200-preview.0.26103.119\NuGet.targets" dosyasındaki "CollectPackageReferences" hedefi ("_GetRestoreProjectStyle" hedefi buna bağımlı):
       "C:\Program Files\dotnet\sdk\10.0.200-preview.0.26103.119\NuGet.Build.Tasks.dll" derlemesindeki "CheckForDuplicateNuGetItemsTask" görevi kullanılıyor.
       "CheckForDuplicateNuGetItemsTask" görevi
       "CheckForDuplicateNuGetItemsTask" görevini yürütme tamamlandı.
   1:7>"Buddy.Application.csproj" projesinde "CollectPackageReferences" hedefini oluşturma tamamlandı.
   1:7>"c:\Users\ilhan\source\repos\StudyBuddy\StudyBuddy\Buddy.Application\Buddy.Application.csproj" projesinin "C:\Program Files\dotnet\sdk\10.0.200-preview.0.26103.119\NuGet.targets" dosyasındaki "_GetRestoreProjectStyle" hedefi ("EnableIntermediateOutputPathMismatchWarning" hedefi buna bağımlı):
       "C:\Program Files\dotnet\sdk\10.0.200-preview.0.26103.119\NuGet.Build.Tasks.dll" derlemesindeki "GetRestoreProjectStyleTask" görevi kullanılıyor.
       "GetRestoreProjectStyleTask" görevi
       "GetRestoreProjectStyleTask" görevini yürütme tamamlandı.
   1:7>"Buddy.Application.csproj" projesinde "_GetRestoreProjectStyle" hedefini oluşturma tamamlandı.
   1:7>"c:\Users\ilhan\source\repos\StudyBuddy\StudyBuddy\Buddy.Application\Buddy.Application.csproj" projesinin "C:\Program Files\dotnet\sdk\10.0.200-preview.0.26103.119\NuGet.targets" dosyasındaki "EnableIntermediateOutputPathMismatchWarning" hedefi ("_CheckForInvalidConfigurationAndPlatform" hedefi buna bağımlı):
   1:7>"Buddy.Application.csproj" projesinde "EnableIntermediateOutputPathMismatchWarning" hedefini oluşturma tamamlandı.
       "ApplyImplicitVersions" hedefi atlandı. Önceden başarılı bir şekilde derlenmişti.
       "CheckForImplicitPackageReferenceOverrides" hedefi atlandı. Önceden başarılı bir şekilde derlenmişti.
   1:7>"c:\Users\ilhan\source\repos\StudyBuddy\StudyBuddy\Buddy.Application\Buddy.Application.csproj" projesinin "C:\Program Files\dotnet\sdk\10.0.200-preview.0.26103.119\Sdks\Microsoft.NET.Sdk\targets\Microsoft.NET.Sdk.DefaultItems.Shared.targets" dosyasındaki "CheckForDuplicateItems" hedefi ("_CheckForInvalidConfigurationAndPlatform" hedefi buna bağımlı):
       "C:\Program Files\dotnet\sdk\10.0.200-preview.0.26103.119\Sdks\Microsoft.NET.Sdk\targets\..\tools\net10.0\Microsoft.NET.Build.Tasks.dll" derlemesindeki "CheckForDuplicateItems" görevi kullanılıyor.
       "CheckForDuplicateItems" görevi
       "CheckForDuplicateItems" görevini yürütme tamamlandı.
       "CheckForDuplicateItems" görevi
       "CheckForDuplicateItems" görevini yürütme tamamlandı.
       "CheckForDuplicateItems" görevi
       "CheckForDuplicateItems" görevini yürütme tamamlandı.
   1:7>"Buddy.Application.csproj" projesinde "CheckForDuplicateItems" hedefini oluşturma tamamlandı.
       "ProcessFrameworkReferences" hedefi atlandı. Önceden başarılı bir şekilde derlenmişti.
   1:7>"c:\Users\ilhan\source\repos\StudyBuddy\StudyBuddy\Buddy.Application\Buddy.Application.csproj" projesinin "C:\Program Files\dotnet\sdk\10.0.200-preview.0.26103.119\Microsoft.Common.CurrentVersion.targets" dosyasındaki "_CheckForInvalidConfigurationAndPlatform" hedefi ("_SdkBeforeRebuild" hedefi buna bağımlı):
       "Message" görevi
         Configuration=Debug
       "Message" görevini yürütme tamamlandı.
       "Message" görevi
         Platform=AnyCPU
       "Message" görevini yürütme tamamlandı.
   1:7>"Buddy.Application.csproj" projesinde "_CheckForInvalidConfigurationAndPlatform" hedefini oluşturma tamamlandı.
   1:7>"c:\Users\ilhan\source\repos\StudyBuddy\StudyBuddy\Buddy.Application\Buddy.Application.csproj" projesinin "C:\Program Files\dotnet\sdk\10.0.200-preview.0.26103.119\Sdks\Microsoft.NET.Sdk\targets\Microsoft.NET.Sdk.targets" dosyasındaki "ValidateCommandLineProperties" hedefi ("_SdkBeforeRebuild" hedefi buna bağımlı):
   1:7>"Buddy.Application.csproj" projesinde "ValidateCommandLineProperties" hedefini oluşturma tamamlandı.
   1:7>"c:\Users\ilhan\source\repos\StudyBuddy\StudyBuddy\Buddy.Application\Buddy.Application.csproj" projesinin "C:\Program Files\dotnet\sdk\10.0.200-preview.0.26103.119\Sdks\Microsoft.NET.Sdk\targets\Microsoft.NET.Sdk.targets" dosyasındaki "_SdkBeforeRebuild" hedefi ("Rebuild" hedefi buna bağımlı):
   1:7>"Buddy.Application.csproj" projesinde "_SdkBeforeRebuild" hedefini oluşturma tamamlandı.
   1:7>"c:\Users\ilhan\source\repos\StudyBuddy\StudyBuddy\Buddy.Application\Buddy.Application.csproj" projesinin "C:\Program Files\dotnet\sdk\10.0.200-preview.0.26103.119\Microsoft.Common.CurrentVersion.targets" dosyasındaki "BeforeRebuild" hedefi ("Rebuild" hedefi buna bağımlı):
   1:7>"Buddy.Application.csproj" projesinde "BeforeRebuild" hedefini oluşturma tamamlandı.
   1:7>"c:\Users\ilhan\source\repos\StudyBuddy\StudyBuddy\Buddy.Application\Buddy.Application.csproj" projesinin "C:\Program Files\dotnet\sdk\10.0.200-preview.0.26103.119\Microsoft.Common.CurrentVersion.targets" dosyasındaki "BeforeClean" hedefi ("Clean" hedefi buna bağımlı):
   1:7>"Buddy.Application.csproj" projesinde "BeforeClean" hedefini oluşturma tamamlandı.
   1:7>"c:\Users\ilhan\source\repos\StudyBuddy\StudyBuddy\Buddy.Application\Buddy.Application.csproj" projesinin "C:\Program Files\dotnet\sdk\10.0.200-preview.0.26103.119\Sdks\Microsoft.NET.Sdk\targets\Microsoft.NET.Sdk.targets" dosyasındaki "_SdkBeforeClean" hedefi ("CoreClean" hedefi buna bağımlı):
   1:7>"Buddy.Application.csproj" projesinde "_SdkBeforeClean" hedefini oluşturma tamamlandı.
   1:7>"c:\Users\ilhan\source\repos\StudyBuddy\StudyBuddy\Buddy.Application\Buddy.Application.csproj" projesinin "C:\Program Files\dotnet\sdk\10.0.200-preview.0.26103.119\Microsoft.Common.CurrentVersion.targets" dosyasındaki "CoreClean" hedefi ("Clean" hedefi buna bağımlı):
       "Microsoft.Build.Tasks.Core, Version=15.1.0.0, Culture=neutral, PublicKeyToken=b03f5f7f11d50a3a" derlemesindeki "Delete" görevi kullanılıyor.
       "Delete" görevi
       "Delete" görevini yürütme tamamlandı.
       "Microsoft.Build.Tasks.Core, Version=15.1.0.0, Culture=neutral, PublicKeyToken=b03f5f7f11d50a3a" derlemesindeki "ReadLinesFromFile" görevi kullanılıyor.
       "ReadLinesFromFile" görevi
       "ReadLinesFromFile" görevini yürütme tamamlandı.
       "Microsoft.Build.Tasks.Core, Version=15.1.0.0, Culture=neutral, PublicKeyToken=b03f5f7f11d50a3a" derlemesindeki "FindUnderPath" görevi kullanılıyor.
       "FindUnderPath" görevi
         Karşılaştırma yolu: "bin\Debug\net10.0\".
       "FindUnderPath" görevini yürütme tamamlandı.
       "FindUnderPath" görevi
         Karşılaştırma yolu: "obj\Debug\net10.0\".
       "FindUnderPath" görevini yürütme tamamlandı.
       "Delete" görevi
         "C:\Users\ilhan\source\repos\StudyBuddy\StudyBuddy\Buddy.Application\bin\Debug\net10.0\BuildHost-net472\Microsoft.Build.Locator.dll" dosyası yok. Atlanıyor.
         "C:\Users\ilhan\source\repos\StudyBuddy\StudyBuddy\Buddy.Application\bin\Debug\net10.0\BuildHost-net472\Microsoft.CodeAnalysis.Workspaces.MSBuild.BuildHost.exe" dosyası yok. Atlanıyor.
         "C:\Users\ilhan\source\repos\StudyBuddy\StudyBuddy\Buddy.Application\bin\Debug\net10.0\BuildHost-net472\Microsoft.CodeAnalysis.Workspaces.MSBuild.BuildHost.exe.config" dosyası yok. Atlanıyor.
         "C:\Users\ilhan\source\repos\StudyBuddy\StudyBuddy\Buddy.Application\bin\Debug\net10.0\BuildHost-net472\Microsoft.IO.Redist.dll" dosyası yok. Atlanıyor.
         "C:\Users\ilhan\source\repos\StudyBuddy\StudyBuddy\Buddy.Application\bin\Debug\net10.0\BuildHost-net472\Newtonsoft.Json.dll" dosyası yok. Atlanıyor.
         "C:\Users\ilhan\source\repos\StudyBuddy\StudyBuddy\Buddy.Application\bin\Debug\net10.0\BuildHost-net472\System.Buffers.dll" dosyası yok. Atlanıyor.
         "C:\Users\ilhan\source\repos\StudyBuddy\StudyBuddy\Buddy.Application\bin\Debug\net10.0\BuildHost-net472\System.Collections.Immutable.dll" dosyası yok. Atlanıyor.
         "C:\Users\ilhan\source\repos\StudyBuddy\StudyBuddy\Buddy.Application\bin\Debug\net10.0\BuildHost-net472\System.CommandLine.dll" dosyası yok. Atlanıyor.
         "C:\Users\ilhan\source\repos\StudyBuddy\StudyBuddy\Buddy.Application\bin\Debug\net10.0\BuildHost-net472\System.Memory.dll" dosyası yok. Atlanıyor.
         "C:\Users\ilhan\source\repos\StudyBuddy\StudyBuddy\Buddy.Application\bin\Debug\net10.0\BuildHost-net472\System.Numerics.Vectors.dll" dosyası yok. Atlanıyor.
         "C:\Users\ilhan\source\repos\StudyBuddy\StudyBuddy\Buddy.Application\bin\Debug\net10.0\BuildHost-net472\System.Runtime.CompilerServices.Unsafe.dll" dosyası yok. Atlanıyor.
         "C:\Users\ilhan\source\repos\StudyBuddy\StudyBuddy\Buddy.Application\bin\Debug\net10.0\BuildHost-net472\System.Threading.Tasks.Extensions.dll" dosyası yok. Atlanıyor.
         "C:\Users\ilhan\source\repos\StudyBuddy\StudyBuddy\Buddy.Application\bin\Debug\net10.0\BuildHost-net472\cs\System.CommandLine.resources.dll" dosyası yok. Atlanıyor.
         "C:\Users\ilhan\source\repos\StudyBuddy\StudyBuddy\Buddy.Application\bin\Debug\net10.0\BuildHost-net472\de\System.CommandLine.resources.dll" dosyası yok. Atlanıyor.
         "C:\Users\ilhan\source\repos\StudyBuddy\StudyBuddy\Buddy.Application\bin\Debug\net10.0\BuildHost-net472\es\System.CommandLine.resources.dll" dosyası yok. Atlanıyor.
         "C:\Users\ilhan\source\repos\StudyBuddy\StudyBuddy\Buddy.Application\bin\Debug\net10.0\BuildHost-net472\fr\System.CommandLine.resources.dll" dosyası yok. Atlanıyor.
         "C:\Users\ilhan\source\repos\StudyBuddy\StudyBuddy\Buddy.Application\bin\Debug\net10.0\BuildHost-net472\it\System.CommandLine.resources.dll" dosyası yok. Atlanıyor.
         "C:\Users\ilhan\source\repos\StudyBuddy\StudyBuddy\Buddy.Application\bin\Debug\net10.0\BuildHost-net472\ja\System.CommandLine.resources.dll" dosyası yok. Atlanıyor.
         "C:\Users\ilhan\source\repos\StudyBuddy\StudyBuddy\Buddy.Application\bin\Debug\net10.0\BuildHost-net472\ko\System.CommandLine.resources.dll" dosyası yok. Atlanıyor.
         "C:\Users\ilhan\source\repos\StudyBuddy\StudyBuddy\Buddy.Application\bin\Debug\net10.0\BuildHost-net472\pl\System.CommandLine.resources.dll" dosyası yok. Atlanıyor.
         "C:\Users\ilhan\source\repos\StudyBuddy\StudyBuddy\Buddy.Application\bin\Debug\net10.0\BuildHost-net472\pt-BR\System.CommandLine.resources.dll" dosyası yok. Atlanıyor.
         "C:\Users\ilhan\source\repos\StudyBuddy\StudyBuddy\Buddy.Application\bin\Debug\net10.0\BuildHost-net472\ru\System.CommandLine.resources.dll" dosyası yok. Atlanıyor.
         "C:\Users\ilhan\source\repos\StudyBuddy\StudyBuddy\Buddy.Application\bin\Debug\net10.0\BuildHost-net472\tr\System.CommandLine.resources.dll" dosyası yok. Atlanıyor.
         "C:\Users\ilhan\source\repos\StudyBuddy\StudyBuddy\Buddy.Application\bin\Debug\net10.0\BuildHost-net472\zh-Hans\System.CommandLine.resources.dll" dosyası yok. Atlanıyor.
         "C:\Users\ilhan\source\repos\StudyBuddy\StudyBuddy\Buddy.Application\bin\Debug\net10.0\BuildHost-net472\zh-Hant\System.CommandLine.resources.dll" dosyası yok. Atlanıyor.
         "C:\Users\ilhan\source\repos\StudyBuddy\StudyBuddy\Buddy.Application\bin\Debug\net10.0\BuildHost-netcore\Microsoft.Build.Locator.dll" dosyası yok. Atlanıyor.
         "C:\Users\ilhan\source\repos\StudyBuddy\StudyBuddy\Buddy.Application\bin\Debug\net10.0\BuildHost-netcore\Microsoft.CodeAnalysis.Workspaces.MSBuild.BuildHost.deps.json" dosyası yok. Atlanıyor.
         "C:\Users\ilhan\source\repos\StudyBuddy\StudyBuddy\Buddy.Application\bin\Debug\net10.0\BuildHost-netcore\Microsoft.CodeAnalysis.Workspaces.MSBuild.BuildHost.dll" dosyası yok. Atlanıyor.
         "C:\Users\ilhan\source\repos\StudyBuddy\StudyBuddy\Buddy.Application\bin\Debug\net10.0\BuildHost-netcore\Microsoft.CodeAnalysis.Workspaces.MSBuild.BuildHost.dll.config" dosyası yok. Atlanıyor.
         "C:\Users\ilhan\source\repos\StudyBuddy\StudyBuddy\Buddy.Application\bin\Debug\net10.0\BuildHost-netcore\Microsoft.CodeAnalysis.Workspaces.MSBuild.BuildHost.runtimeconfig.json" dosyası yok. Atlanıyor.
         "C:\Users\ilhan\source\repos\StudyBuddy\StudyBuddy\Buddy.Application\bin\Debug\net10.0\BuildHost-netcore\Newtonsoft.Json.dll" dosyası yok. Atlanıyor.
         "C:\Users\ilhan\source\repos\StudyBuddy\StudyBuddy\Buddy.Application\bin\Debug\net10.0\BuildHost-netcore\System.Collections.Immutable.dll" dosyası yok. Atlanıyor.
         "C:\Users\ilhan\source\repos\StudyBuddy\StudyBuddy\Buddy.Application\bin\Debug\net10.0\BuildHost-netcore\System.CommandLine.dll" dosyası yok. Atlanıyor.
         "C:\Users\ilhan\source\repos\StudyBuddy\StudyBuddy\Buddy.Application\bin\Debug\net10.0\BuildHost-netcore\cs\System.CommandLine.resources.dll" dosyası yok. Atlanıyor.
         "C:\Users\ilhan\source\repos\StudyBuddy\StudyBuddy\Buddy.Application\bin\Debug\net10.0\BuildHost-netcore\de\System.CommandLine.resources.dll" dosyası yok. Atlanıyor.
         "C:\Users\ilhan\source\repos\StudyBuddy\StudyBuddy\Buddy.Application\bin\Debug\net10.0\BuildHost-netcore\es\System.CommandLine.resources.dll" dosyası yok. Atlanıyor.
         "C:\Users\ilhan\source\repos\StudyBuddy\StudyBuddy\Buddy.Application\bin\Debug\net10.0\BuildHost-netcore\fr\System.CommandLine.resources.dll" dosyası yok. Atlanıyor.
         "C:\Users\ilhan\source\repos\StudyBuddy\StudyBuddy\Buddy.Application\bin\Debug\net10.0\BuildHost-netcore\it\System.CommandLine.resources.dll" dosyası yok. Atlanıyor.
         "C:\Users\ilhan\source\repos\StudyBuddy\StudyBuddy\Buddy.Application\bin\Debug\net10.0\BuildHost-netcore\ja\System.CommandLine.resources.dll" dosyası yok. Atlanıyor.
         "C:\Users\ilhan\source\repos\StudyBuddy\StudyBuddy\Buddy.Application\bin\Debug\net10.0\BuildHost-netcore\ko\System.CommandLine.resources.dll" dosyası yok. Atlanıyor.
         "C:\Users\ilhan\source\repos\StudyBuddy\StudyBuddy\Buddy.Application\bin\Debug\net10.0\BuildHost-netcore\pl\System.CommandLine.resources.dll" dosyası yok. Atlanıyor.
         "C:\Users\ilhan\source\repos\StudyBuddy\StudyBuddy\Buddy.Application\bin\Debug\net10.0\BuildHost-netcore\pt-BR\System.CommandLine.resources.dll" dosyası yok. Atlanıyor.
         "C:\Users\ilhan\source\repos\StudyBuddy\StudyBuddy\Buddy.Application\bin\Debug\net10.0\BuildHost-netcore\ru\System.CommandLine.resources.dll" dosyası yok. Atlanıyor.
         "C:\Users\ilhan\source\repos\StudyBuddy\StudyBuddy\Buddy.Application\bin\Debug\net10.0\BuildHost-netcore\tr\System.CommandLine.resources.dll" dosyası yok. Atlanıyor.
         "C:\Users\ilhan\source\repos\StudyBuddy\StudyBuddy\Buddy.Application\bin\Debug\net10.0\BuildHost-netcore\zh-Hans\System.CommandLine.resources.dll" dosyası yok. Atlanıyor.
         "C:\Users\ilhan\source\repos\StudyBuddy\StudyBuddy\Buddy.Application\bin\Debug\net10.0\BuildHost-netcore\zh-Hant\System.CommandLine.resources.dll" dosyası yok. Atlanıyor.
         "C:\Users\ilhan\source\repos\StudyBuddy\StudyBuddy\Buddy.Application\bin\Debug\net10.0\Buddy.Application.deps.json" dosyası yok. Atlanıyor.
         "C:\Users\ilhan\source\repos\StudyBuddy\StudyBuddy\Buddy.Application\bin\Debug\net10.0\Buddy.Application.dll" dosyası yok. Atlanıyor.
         "C:\Users\ilhan\source\repos\StudyBuddy\StudyBuddy\Buddy.Application\bin\Debug\net10.0\Buddy.Application.pdb" dosyası yok. Atlanıyor.
         "C:\Users\ilhan\source\repos\StudyBuddy\StudyBuddy\Buddy.Application\bin\Debug\net10.0\Buddy.Domain.dll" dosyası yok. Atlanıyor.
         "C:\Users\ilhan\source\repos\StudyBuddy\StudyBuddy\Buddy.Application\bin\Debug\net10.0\Buddy.Persistence.dll" dosyası yok. Atlanıyor.
         "C:\Users\ilhan\source\repos\StudyBuddy\StudyBuddy\Buddy.Application\bin\Debug\net10.0\Buddy.Domain.pdb" dosyası yok. Atlanıyor.
         "C:\Users\ilhan\source\repos\StudyBuddy\StudyBuddy\Buddy.Application\bin\Debug\net10.0\Buddy.Persistence.pdb" dosyası yok. Atlanıyor.
         "C:\Users\ilhan\source\repos\StudyBuddy\StudyBuddy\Buddy.Application\obj\Debug\net10.0\Buddy.Application.csproj.AssemblyReference.cache" dosyası siliniyor.
         "C:\Users\ilhan\source\repos\StudyBuddy\StudyBuddy\Buddy.Application\obj\Debug\net10.0\Buddy.Application.GeneratedMSBuildEditorConfig.editorconfig" dosyası siliniyor.
         "C:\Users\ilhan\source\repos\StudyBuddy\StudyBuddy\Buddy.Application\obj\Debug\net10.0\Buddy.Application.AssemblyInfoInputs.cache" dosyası siliniyor.
         "C:\Users\ilhan\source\repos\StudyBuddy\StudyBuddy\Buddy.Application\obj\Debug\net10.0\Buddy.Application.AssemblyInfo.cs" dosyası siliniyor.
         "C:\Users\ilhan\source\repos\StudyBuddy\StudyBuddy\Buddy.Application\obj\Debug\net10.0\Buddy.Application.csproj.CoreCompileInputs.cache" dosyası siliniyor.
         "C:\Users\ilhan\source\repos\StudyBuddy\StudyBuddy\Buddy.Application\obj\Debug\net10.0\Buddy.Ap.A84E4F72.Up2Date" dosyası yok. Atlanıyor.
         "C:\Users\ilhan\source\repos\StudyBuddy\StudyBuddy\Buddy.Application\obj\Debug\net10.0\Buddy.Application.dll" dosyası yok. Atlanıyor.
         "C:\Users\ilhan\source\repos\StudyBuddy\StudyBuddy\Buddy.Application\obj\Debug\net10.0\refint\Buddy.Application.dll" dosyası yok. Atlanıyor.
         "C:\Users\ilhan\source\repos\StudyBuddy\StudyBuddy\Buddy.Application\obj\Debug\net10.0\Buddy.Application.pdb" dosyası yok. Atlanıyor.
         "C:\Users\ilhan\source\repos\StudyBuddy\StudyBuddy\Buddy.Application\obj\Debug\net10.0\ref\Buddy.Application.dll" dosyası yok. Atlanıyor.
       "Delete" görevini yürütme tamamlandı.
       "RemoveDuplicates" görevi
       "RemoveDuplicates" görevini yürütme tamamlandı.
       "Microsoft.Build.Tasks.Core, Version=15.1.0.0, Culture=neutral, PublicKeyToken=b03f5f7f11d50a3a" derlemesindeki "MakeDir" görevi kullanılıyor.
       "MakeDir" görevi
       "MakeDir" görevini yürütme tamamlandı.
       "Microsoft.Build.Tasks.Core, Version=15.1.0.0, Culture=neutral, PublicKeyToken=b03f5f7f11d50a3a" derlemesindeki "WriteLinesToFile" görevi kullanılıyor.
       "WriteLinesToFile" görevi
       "WriteLinesToFile" görevini yürütme tamamlandı.
   1:7>"Buddy.Application.csproj" projesinde "CoreClean" hedefini oluşturma tamamlandı.
   1:7>"c:\Users\ilhan\source\repos\StudyBuddy\StudyBuddy\Buddy.Application\Buddy.Application.csproj" projesinin "C:\Program Files\dotnet\sdk\10.0.200-preview.0.26103.119\Microsoft.Common.CurrentVersion.targets" dosyasındaki "IgnoreJavaScriptOutputAssembly" hedefi ("AssignProjectConfiguration" hedefi buna bağımlı):
   1:7>"Buddy.Application.csproj" projesinde "IgnoreJavaScriptOutputAssembly" hedefini oluşturma tamamlandı.
       "ProcessFrameworkReferences" hedefi atlandı. Önceden başarılı bir şekilde derlenmişti.
   1:7>"c:\Users\ilhan\source\repos\StudyBuddy\StudyBuddy\Buddy.Application\Buddy.Application.csproj" projesinin "C:\Program Files\dotnet\sdk\10.0.200-preview.0.26103.119\Sdks\Microsoft.NET.Sdk\targets\Microsoft.NET.Sdk.Shared.targets" dosyasındaki "_DefaultMicrosoftNETPlatformLibrary" hedefi ("ResolvePackageAssets" hedefi buna bağımlı):
   1:7>"Buddy.Application.csproj" projesinde "_DefaultMicrosoftNETPlatformLibrary" hedefini oluşturma tamamlandı.
   1:7>"c:\Users\ilhan\source\repos\StudyBuddy\StudyBuddy\Buddy.Application\Buddy.Application.csproj" projesinin "C:\Program Files\dotnet\sdk\10.0.200-preview.0.26103.119\Sdks\Microsoft.NET.Sdk\targets\Microsoft.NET.Sdk.Shared.targets" dosyasındaki "_ComputePackageReferencePublish" hedefi ("ResolvePackageAssets" hedefi buna bağımlı):
   1:7>"Buddy.Application.csproj" projesinde "_ComputePackageReferencePublish" hedefini oluşturma tamamlandı.
   1:7>"c:\Users\ilhan\source\repos\StudyBuddy\StudyBuddy\Buddy.Application\Buddy.Application.csproj" projesinin "C:\Program Files\dotnet\sdk\10.0.200-preview.0.26103.119\Sdks\Microsoft.NET.Sdk\targets\Microsoft.PackageDependencyResolution.targets" dosyasındaki "ResolvePackageAssets" hedefi ("ResolveLockFileReferences" hedefi buna bağımlı):
       "C:\Program Files\dotnet\sdk\10.0.200-preview.0.26103.119\Sdks\Microsoft.NET.Sdk\targets\..\tools\net10.0\Microsoft.NET.Build.Tasks.dll" derlemesindeki "ResolvePackageAssets" görevi kullanılıyor.
       "ResolvePackageAssets" görevi
       "ResolvePackageAssets" görevini yürütme tamamlandı.
   1:7>"Buddy.Application.csproj" projesinde "ResolvePackageAssets" hedefini oluşturma tamamlandı.
   1:7>"c:\Users\ilhan\source\repos\StudyBuddy\StudyBuddy\Buddy.Application\Buddy.Application.csproj" projesinin "C:\Program Files\dotnet\sdk\10.0.200-preview.0.26103.119\Sdks\Microsoft.NET.Sdk\targets\Microsoft.PackageDependencyResolution.targets" dosyasındaki "ResolveLockFileReferences" hedefi ("ResolvePackageDependenciesForBuild" hedefi buna bağımlı):
       "C:\Program Files\dotnet\sdk\10.0.200-preview.0.26103.119\Sdks\Microsoft.NET.Sdk\targets\..\tools\net10.0\Microsoft.NET.Build.Tasks.dll" derlemesindeki "JoinItems" görevi kullanılıyor.
       "JoinItems" görevi
       "JoinItems" görevini yürütme tamamlandı.
   1:7>"Buddy.Application.csproj" projesinde "ResolveLockFileReferences" hedefini oluşturma tamamlandı.
       "ResolvePackageAssets" hedefi atlandı. Önceden başarılı bir şekilde derlenmişti.
   1:7>"c:\Users\ilhan\source\repos\StudyBuddy\StudyBuddy\Buddy.Application\Buddy.Application.csproj" projesinin "C:\Program Files\dotnet\sdk\10.0.200-preview.0.26103.119\Sdks\Microsoft.NET.Sdk\targets\Microsoft.PackageDependencyResolution.targets" dosyasındaki "ResolveLockFileAnalyzers" hedefi ("ResolvePackageDependenciesForBuild" hedefi buna bağımlı):
   1:7>"Buddy.Application.csproj" projesinde "ResolveLockFileAnalyzers" hedefini oluşturma tamamlandı.
       "ResolvePackageAssets" hedefi atlandı. Önceden başarılı bir şekilde derlenmişti.
   1:7>"c:\Users\ilhan\source\repos\StudyBuddy\StudyBuddy\Buddy.Application\Buddy.Application.csproj" projesinin "C:\Program Files\dotnet\sdk\10.0.200-preview.0.26103.119\Sdks\Microsoft.NET.Sdk\targets\Microsoft.PackageDependencyResolution.targets" dosyasındaki "ResolveLockFileCopyLocalFiles" hedefi ("ResolvePackageDependenciesForBuild" hedefi buna bağımlı):
   1:7>"Buddy.Application.csproj" projesinde "ResolveLockFileCopyLocalFiles" hedefini oluşturma tamamlandı.
       "ResolvePackageAssets" hedefi atlandı. Önceden başarılı bir şekilde derlenmişti.
   1:7>"c:\Users\ilhan\source\repos\StudyBuddy\StudyBuddy\Buddy.Application\Buddy.Application.csproj" projesinin "C:\Program Files\dotnet\sdk\10.0.200-preview.0.26103.119\Sdks\Microsoft.NET.Sdk\targets\Microsoft.PackageDependencyResolution.targets" dosyasındaki "IncludeTransitiveProjectReferences" hedefi ("ResolvePackageDependenciesForBuild" hedefi buna bağımlı):
   1:7>"Buddy.Application.csproj" projesinde "IncludeTransitiveProjectReferences" hedefini oluşturma tamamlandı.
   1:7>"c:\Users\ilhan\source\repos\StudyBuddy\StudyBuddy\Buddy.Application\Buddy.Application.csproj" projesinin "C:\Program Files\dotnet\sdk\10.0.200-preview.0.26103.119\Sdks\Microsoft.NET.Sdk\targets\Microsoft.PackageDependencyResolution.targets" dosyasındaki "ResolvePackageDependenciesForBuild" hedefi ("AssignProjectConfiguration" hedefi buna bağımlı):
   1:7>"Buddy.Application.csproj" projesinde "ResolvePackageDependenciesForBuild" hedefini oluşturma tamamlandı.
   1:7>"c:\Users\ilhan\source\repos\StudyBuddy\StudyBuddy\Buddy.Application\Buddy.Application.csproj" projesinin "C:\Program Files\dotnet\sdk\10.0.200-preview.0.26103.119\Microsoft.Common.CurrentVersion.targets" dosyasındaki "AssignProjectConfiguration" hedefi ("PrepareProjectReferences" hedefi buna bağımlı):
       "Microsoft.Build.Tasks.Core, Version=15.1.0.0, Culture=neutral, PublicKeyToken=b03f5f7f11d50a3a" derlemesindeki "AssignProjectConfiguration" görevi kullanılıyor.
       "AssignProjectConfiguration" görevi
         "..\Buddy.Domain\Buddy.Domain.csproj" proje başvurusu çözümlenmedi.
       "AssignProjectConfiguration" görevini yürütme tamamlandı.
   1:7>"Buddy.Application.csproj" projesinde "AssignProjectConfiguration" hedefini oluşturma tamamlandı.
   1:7>"c:\Users\ilhan\source\repos\StudyBuddy\StudyBuddy\Buddy.Application\Buddy.Application.csproj" projesinin "C:\Program Files\dotnet\sdk\10.0.200-preview.0.26103.119\Microsoft.Common.CurrentVersion.targets" dosyasındaki "_SplitProjectReferencesByFileExistence" hedefi ("PrepareProjectReferences" hedefi buna bağımlı):
   1:7>"Buddy.Application.csproj" projesinde "_SplitProjectReferencesByFileExistence" hedefini oluşturma tamamlandı.
   1:7>"c:\Users\ilhan\source\repos\StudyBuddy\StudyBuddy\Buddy.Application\Buddy.Application.csproj" projesinin "C:\Program Files\dotnet\sdk\10.0.200-preview.0.26103.119\Microsoft.Common.CurrentVersion.targets" dosyasındaki "_AddOutputPathToGlobalPropertiesToRemove" hedefi ("_GetProjectReferenceTargetFrameworkProperties" hedefi buna bağımlı):
   1:7>"Buddy.Application.csproj" projesinde "_AddOutputPathToGlobalPropertiesToRemove" hedefini oluşturma tamamlandı.
   1:7>"c:\Users\ilhan\source\repos\StudyBuddy\StudyBuddy\Buddy.Application\Buddy.Application.csproj" projesinin "C:\Program Files\dotnet\sdk\10.0.200-preview.0.26103.119\Microsoft.Common.CurrentVersion.targets" dosyasındaki "_GetProjectReferenceTargetFrameworkProperties" hedefi ("PrepareProjectReferences" hedefi buna bağımlı):
       "MSBuild" görevi
         Özellikler kaldırılıyor:
           TargetFramework
           RuntimeIdentifier
           SelfContained
     0>C:\Program Files\dotnet\sdk\10.0.200-preview.0.26103.119\Sdks\Microsoft.NET.Sdk\Sdk\Sdk.props(49,11): message : 'C:\Program Files\dotnet\sdk\10.0.200-preview.0.26103.119\' değerine sahip 'MSBuildExtensionsPath' özelliği ortamdan genişletildi.
       C:\Program Files\dotnet\sdk\10.0.200-preview.0.26103.119\Current\Microsoft.Common.props(60,5): message : Özellik yeniden ataması: $(MSBuildProjectExtensionsPath)="c:\Users\ilhan\source\repos\StudyBuddy\StudyBuddy\Buddy.Domain\obj\" (önceki değer: "obj\") konum: C:\Program Files\dotnet\sdk\10.0.200-preview.0.26103.119\Current\Microsoft.Common.props (60,5)
       c:\Users\ilhan\source\repos\StudyBuddy\StudyBuddy\Buddy.Domain\obj\Buddy.Domain.csproj.nuget.g.props(7,5): message : 'C:\Users\ilhan' değerine sahip 'USERPROFILE' özelliği ortamdan genişletildi.
       C:\Program Files\dotnet\sdk\10.0.200-preview.0.26103.119\Current\Microsoft.Common.props(84,119): message : 'C:\Users\ilhan\AppData\Local\Microsoft\MSBuild' değerine sahip 'MSBuildUserExtensionsPath' özelliği ortamdan genişletildi.
       C:\Program Files\dotnet\sdk\10.0.200-preview.0.26103.119\Sdks\Microsoft.NET.Sdk\targets\Microsoft.NET.Sdk.props(90,5): message : Özellik yeniden ataması: $(AssemblySearchPaths)="{CandidateAssemblyFiles};{HintPathFromItem}" (önceki değer: "{CandidateAssemblyFiles}") konum: C:\Program Files\dotnet\sdk\10.0.200-preview.0.26103.119\Sdks\Microsoft.NET.Sdk\targets\Microsoft.NET.Sdk.props (90,5)
       C:\Program Files\dotnet\sdk\10.0.200-preview.0.26103.119\Sdks\Microsoft.NET.Sdk\targets\Microsoft.NET.Sdk.props(91,5): message : Özellik yeniden ataması: $(AssemblySearchPaths)="{CandidateAssemblyFiles};{HintPathFromItem};{TargetFrameworkDirectory}" (önceki değer: "{CandidateAssemblyFiles};{HintPathFromItem}") konum: C:\Program Files\dotnet\sdk\10.0.200-preview.0.26103.119\Sdks\Microsoft.NET.Sdk\targets\Microsoft.NET.Sdk.props (91,5)
       C:\Program Files\dotnet\sdk\10.0.200-preview.0.26103.119\Sdks\Microsoft.NET.Sdk\targets\Microsoft.NET.Sdk.props(92,5): message : Özellik yeniden ataması: $(AssemblySearchPaths)="{CandidateAssemblyFiles};{HintPathFromItem};{TargetFrameworkDirectory};{RawFileName}" (önceki değer: "{CandidateAssemblyFiles};{HintPathFromItem};{TargetFrameworkDirectory}") konum: C:\Program Files\dotnet\sdk\10.0.200-preview.0.26103.119\Sdks\Microsoft.NET.Sdk\targets\Microsoft.NET.Sdk.props (92,5)
       C:\Program Files\dotnet\sdk\10.0.200-preview.0.26103.119\Sdks\Microsoft.NET.Sdk\targets\Microsoft.NET.Sdk.ImportPublishProfile.targets(28,5): message : Özellik yeniden ataması: $(PublishProfileImported)="false" (önceki değer: "true") konum: C:\Program Files\dotnet\sdk\10.0.200-preview.0.26103.119\Sdks\Microsoft.NET.Sdk\targets\Microsoft.NET.Sdk.ImportPublishProfile.targets (28,5)
       C:\Program Files\dotnet\sdk\10.0.200-preview.0.26103.119\Sdks\Microsoft.NET.Sdk\targets\Microsoft.NET.TargetFrameworkInference.targets(81,5): message : Özellik yeniden ataması: $(TargetPlatformVersion)="" (önceki değer: "0.0") konum: C:\Program Files\dotnet\sdk\10.0.200-preview.0.26103.119\Sdks\Microsoft.NET.Sdk\targets\Microsoft.NET.TargetFrameworkInference.targets (81,5)
       C:\Program Files\dotnet\sdk\10.0.200-preview.0.26103.119\Sdks\Microsoft.NET.Sdk\targets\Microsoft.NET.DefaultOutputPaths.targets(127,5): message : Özellik yeniden ataması: $(DefaultItemExcludes)=";bin\Debug\/**;obj\Debug\/**" (önceki değer: ";bin\Debug\/**") konum: C:\Program Files\dotnet\sdk\10.0.200-preview.0.26103.119\Sdks\Microsoft.NET.Sdk\targets\Microsoft.NET.DefaultOutputPaths.targets (127,5)
       C:\Program Files\dotnet\sdk\10.0.200-preview.0.26103.119\Sdks\Microsoft.NET.Sdk\targets\Microsoft.NET.DefaultOutputPaths.targets(142,5): message : Özellik yeniden ataması: $(OutputPath)="bin\Debug\net10.0\" (önceki değer: "bin\Debug\") konum: C:\Program Files\dotnet\sdk\10.0.200-preview.0.26103.119\Sdks\Microsoft.NET.Sdk\targets\Microsoft.NET.DefaultOutputPaths.targets (142,5)
       C:\Program Files\dotnet\sdk\10.0.200-preview.0.26103.119\Sdks\Microsoft.NET.Sdk\targets\Microsoft.NET.DefaultOutputPaths.targets(147,5): message : Özellik yeniden ataması: $(IntermediateOutputPath)="obj\Debug\net10.0\" (önceki değer: "obj\Debug\") konum: C:\Program Files\dotnet\sdk\10.0.200-preview.0.26103.119\Sdks\Microsoft.NET.Sdk\targets\Microsoft.NET.DefaultOutputPaths.targets (147,5)
       C:\Program Files\dotnet\sdk\10.0.200-preview.0.26103.119\Sdks\Microsoft.NET.Sdk\targets\Microsoft.NET.Sdk.BeforeCommon.targets(379,5): message : Özellik yeniden ataması: $(RoslynTargetsPath)="C:\Program Files\dotnet\sdk\10.0.200-preview.0.26103.119\Sdks\Microsoft.NET.Sdk\targets\..\..\..\Roslyn" (önceki değer: "C:\Program Files\dotnet\sdk\10.0.200-preview.0.26103.119\Roslyn") konum: C:\Program Files\dotnet\sdk\10.0.200-preview.0.26103.119\Sdks\Microsoft.NET.Sdk\targets\Microsoft.NET.Sdk.BeforeCommon.targets (379,5)
       C:\Program Files\dotnet\sdk\10.0.200-preview.0.26103.119\Roslyn\Microsoft.Managed.Core.targets(6,5): message : Özellik yeniden ataması: $(_BuildTasksDirectory)="C:\Program Files\dotnet\sdk\10.0.200-preview.0.26103.119\Sdks\Microsoft.NET.Sdk\targets\..\..\..\Roslyn\" (önceki değer: "C:\Program Files\dotnet\sdk\10.0.200-preview.0.26103.119\Roslyn\") konum: C:\Program Files\dotnet\sdk\10.0.200-preview.0.26103.119\Roslyn\Microsoft.Managed.Core.targets (6,5)
       C:\Program Files\dotnet\sdk\10.0.200-preview.0.26103.119\Roslyn\Microsoft.CSharp.Core.targets(205,5): message : Özellik yeniden ataması: $(CommandLineArgsForDesignTimeEvaluation)="-langversion:14.0 -define:TRACE" (önceki değer: "-langversion:14.0") konum: C:\Program Files\dotnet\sdk\10.0.200-preview.0.26103.119\Roslyn\Microsoft.CSharp.Core.targets (205,5)
       C:\Program Files\dotnet\sdk\10.0.200-preview.0.26103.119\Microsoft.Common.CurrentVersion.targets(175,5): message : Özellik yeniden ataması: $(_DebugSymbolsProduced)="true" (önceki değer: "false") konum: C:\Program Files\dotnet\sdk\10.0.200-preview.0.26103.119\Microsoft.Common.CurrentVersion.targets (175,5)
       C:\Program Files\dotnet\sdk\10.0.200-preview.0.26103.119\Microsoft.Common.CurrentVersion.targets(185,5): message : Özellik yeniden ataması: $(_DocumentationFileProduced)="false" (önceki değer: "true") konum: C:\Program Files\dotnet\sdk\10.0.200-preview.0.26103.119\Microsoft.Common.CurrentVersion.targets (185,5)
       C:\Program Files\dotnet\sdk\10.0.200-preview.0.26103.119\Microsoft.Common.CurrentVersion.targets(392,5): message : Özellik yeniden ataması: $(MSBuildCopyMarkerName)="Buddy.Do.62A8C092" (önceki değer: "Buddy.Domain.csproj") konum: C:\Program Files\dotnet\sdk\10.0.200-preview.0.26103.119\Microsoft.Common.CurrentVersion.targets (392,5)
       C:\Program Files\dotnet\sdk\10.0.200-preview.0.26103.119\Microsoft.Common.CurrentVersion.targets(393,5): message : Özellik yeniden ataması: $(MSBuildCopyMarkerName)="Buddy.Do.62A8C092.Up2Date" (önceki değer: "Buddy.Do.62A8C092") konum: C:\Program Files\dotnet\sdk\10.0.200-preview.0.26103.119\Microsoft.Common.CurrentVersion.targets (393,5)
       C:\Program Files\dotnet\sdk\10.0.200-preview.0.26103.119\Microsoft.Common.CurrentVersion.targets(541,5): message : Özellik yeniden ataması: $(ProcessorArchitecture)="msil" (önceki değer: "") konum: C:\Program Files\dotnet\sdk\10.0.200-preview.0.26103.119\Microsoft.Common.CurrentVersion.targets (541,5)
       C:\Program Files\dotnet\sdk\10.0.200-preview.0.26103.119\Microsoft.Common.CurrentVersion.targets(580,5): message : Özellik yeniden ataması: $(DelaySign)="" (önceki değer: "false") konum: C:\Program Files\dotnet\sdk\10.0.200-preview.0.26103.119\Microsoft.Common.CurrentVersion.targets (580,5)
       C:\Program Files\dotnet\sdk\10.0.200-preview.0.26103.119\Microsoft.Common.CurrentVersion.targets(2620,5): message : 'C:\Users\ilhan\AppData\Local' değerine sahip 'LOCALAPPDATA' özelliği ortamdan genişletildi.
       C:\Program Files\dotnet\sdk\10.0.200-preview.0.26103.119\Microsoft.Common.CurrentVersion.targets(3948,5): message : Özellik yeniden ataması: $(_SGenGenerateSerializationAssembliesConfig)="Auto" (önceki değer: "") konum: C:\Program Files\dotnet\sdk\10.0.200-preview.0.26103.119\Microsoft.Common.CurrentVersion.targets (3948,5)
       C:\Program Files\dotnet\sdk\10.0.200-preview.0.26103.119\Microsoft.Common.CurrentVersion.targets(3949,5): message : Özellik yeniden ataması: $(_SGenGenerateSerializationAssembliesConfig)="Off" (önceki değer: "Auto") konum: C:\Program Files\dotnet\sdk\10.0.200-preview.0.26103.119\Microsoft.Common.CurrentVersion.targets (3949,5)
       C:\Program Files\dotnet\sdk\10.0.200-preview.0.26103.119\Microsoft.Common.CurrentVersion.targets(5160,5): message : Özellik yeniden ataması: $(_TargetsThatPrepareProjectReferences)="
       C:\Program Files\dotnet\sdk\10.0.200-preview.0.26103.119\Microsoft.Common.CurrentVersion.targets(5160,5): message :       AssignProjectConfiguration;
       C:\Program Files\dotnet\sdk\10.0.200-preview.0.26103.119\Microsoft.Common.CurrentVersion.targets(5160,5): message :       _SplitProjectReferencesByFileExistence
       C:\Program Files\dotnet\sdk\10.0.200-preview.0.26103.119\Microsoft.Common.CurrentVersion.targets(5160,5): message :     " (önceki değer: "_SplitProjectReferencesByFileExistence") konum: C:\Program Files\dotnet\sdk\10.0.200-preview.0.26103.119\Microsoft.Common.CurrentVersion.targets (5160,5)
       C:\Program Files\dotnet\sdk\10.0.200-preview.0.26103.119\Microsoft.Common.CurrentVersion.targets(6973,5): message : 'C:\Program Files\dotnet\sdk\10.0.200-preview.0.26103.119' değerine sahip 'MSBuildExtensionsPath32' özelliği ortamdan genişletildi.
       "NuGetInteractive" özelliği genel bir özelliktir ve değiştirilemez.
       C:\Program Files\dotnet\sdk\10.0.200-preview.0.26103.119\Sdks\Microsoft.NET.Sdk\targets\Microsoft.PackageDependencyResolution.targets(29,5): message : Özellik yeniden ataması: $(ProjectAssetsCacheFile)="c:\Users\ilhan\source\repos\StudyBuddy\StudyBuddy\Buddy.Domain\obj\Debug\net10.0\Buddy.Domain.assets.cache" (önceki değer: "obj\Debug\net10.0\Buddy.Domain.assets.cache") konum: C:\Program Files\dotnet\sdk\10.0.200-preview.0.26103.119\Sdks\Microsoft.NET.Sdk\targets\Microsoft.PackageDependencyResolution.targets (29,5)
       C:\Program Files\dotnet\sdk\10.0.200-preview.0.26103.119\Sdks\Microsoft.NET.Sdk\targets\Microsoft.PackageDependencyResolution.targets(80,5): message : Özellik yeniden ataması: $(ResolveAssemblyReferencesDependsOn)="
       C:\Program Files\dotnet\sdk\10.0.200-preview.0.26103.119\Sdks\Microsoft.NET.Sdk\targets\Microsoft.PackageDependencyResolution.targets(80,5): message :       
       C:\Program Files\dotnet\sdk\10.0.200-preview.0.26103.119\Sdks\Microsoft.NET.Sdk\targets\Microsoft.PackageDependencyResolution.targets(80,5): message :       ResolveProjectReferences;
       C:\Program Files\dotnet\sdk\10.0.200-preview.0.26103.119\Sdks\Microsoft.NET.Sdk\targets\Microsoft.PackageDependencyResolution.targets(80,5): message :       FindInvalidProjectReferences;
       C:\Program Files\dotnet\sdk\10.0.200-preview.0.26103.119\Sdks\Microsoft.NET.Sdk\targets\Microsoft.PackageDependencyResolution.targets(80,5): message :       GetFrameworkPaths;
       C:\Program Files\dotnet\sdk\10.0.200-preview.0.26103.119\Sdks\Microsoft.NET.Sdk\targets\Microsoft.PackageDependencyResolution.targets(80,5): message :       GetReferenceAssemblyPaths;
       C:\Program Files\dotnet\sdk\10.0.200-preview.0.26103.119\Sdks\Microsoft.NET.Sdk\targets\Microsoft.PackageDependencyResolution.targets(80,5): message :       PrepareForBuild;
       C:\Program Files\dotnet\sdk\10.0.200-preview.0.26103.119\Sdks\Microsoft.NET.Sdk\targets\Microsoft.PackageDependencyResolution.targets(80,5): message :       ResolveSDKReferences;
       C:\Program Files\dotnet\sdk\10.0.200-preview.0.26103.119\Sdks\Microsoft.NET.Sdk\targets\Microsoft.PackageDependencyResolution.targets(80,5): message :       ExpandSDKReferences;
       C:\Program Files\dotnet\sdk\10.0.200-preview.0.26103.119\Sdks\Microsoft.NET.Sdk\targets\Microsoft.PackageDependencyResolution.targets(80,5): message :     ;
       C:\Program Files\dotnet\sdk\10.0.200-preview.0.26103.119\Sdks\Microsoft.NET.Sdk\targets\Microsoft.PackageDependencyResolution.targets(80,5): message :       ResolvePackageDependenciesForBuild;
       C:\Program Files\dotnet\sdk\10.0.200-preview.0.26103.119\Sdks\Microsoft.NET.Sdk\targets\Microsoft.PackageDependencyResolution.targets(80,5): message :       _HandlePackageFileConflicts;
       C:\Program Files\dotnet\sdk\10.0.200-preview.0.26103.119\Sdks\Microsoft.NET.Sdk\targets\Microsoft.PackageDependencyResolution.targets(80,5): message :     " (önceki değer: "
       C:\Program Files\dotnet\sdk\10.0.200-preview.0.26103.119\Sdks\Microsoft.NET.Sdk\targets\Microsoft.PackageDependencyResolution.targets(80,5): message :       ResolveProjectReferences;
       C:\Program Files\dotnet\sdk\10.0.200-preview.0.26103.119\Sdks\Microsoft.NET.Sdk\targets\Microsoft.PackageDependencyResolution.targets(80,5): message :       FindInvalidProjectReferences;
       C:\Program Files\dotnet\sdk\10.0.200-preview.0.26103.119\Sdks\Microsoft.NET.Sdk\targets\Microsoft.PackageDependencyResolution.targets(80,5): message :       GetFrameworkPaths;
       C:\Program Files\dotnet\sdk\10.0.200-preview.0.26103.119\Sdks\Microsoft.NET.Sdk\targets\Microsoft.PackageDependencyResolution.targets(80,5): message :       GetReferenceAssemblyPaths;
       C:\Program Files\dotnet\sdk\10.0.200-preview.0.26103.119\Sdks\Microsoft.NET.Sdk\targets\Microsoft.PackageDependencyResolution.targets(80,5): message :       PrepareForBuild;
       C:\Program Files\dotnet\sdk\10.0.200-preview.0.26103.119\Sdks\Microsoft.NET.Sdk\targets\Microsoft.PackageDependencyResolution.targets(80,5): message :       ResolveSDKReferences;
       C:\Program Files\dotnet\sdk\10.0.200-preview.0.26103.119\Sdks\Microsoft.NET.Sdk\targets\Microsoft.PackageDependencyResolution.targets(80,5): message :       ExpandSDKReferences;
       C:\Program Files\dotnet\sdk\10.0.200-preview.0.26103.119\Sdks\Microsoft.NET.Sdk\targets\Microsoft.PackageDependencyResolution.targets(80,5): message :     ") konum: C:\Program Files\dotnet\sdk\10.0.200-preview.0.26103.119\Sdks\Microsoft.NET.Sdk\targets\Microsoft.PackageDependencyResolution.targets (80,5)
       C:\Program Files\dotnet\sdk\10.0.200-preview.0.26103.119\Sdks\Microsoft.NET.Sdk\targets\Microsoft.PackageDependencyResolution.targets(86,5): message : Özellik yeniden ataması: $(PrepareResourcesDependsOn)="
       C:\Program Files\dotnet\sdk\10.0.200-preview.0.26103.119\Sdks\Microsoft.NET.Sdk\targets\Microsoft.PackageDependencyResolution.targets(86,5): message :       ResolvePackageDependenciesForBuild;
       C:\Program Files\dotnet\sdk\10.0.200-preview.0.26103.119\Sdks\Microsoft.NET.Sdk\targets\Microsoft.PackageDependencyResolution.targets(86,5): message :       _HandlePackageFileConflicts;
       C:\Program Files\dotnet\sdk\10.0.200-preview.0.26103.119\Sdks\Microsoft.NET.Sdk\targets\Microsoft.PackageDependencyResolution.targets(86,5): message :       
       C:\Program Files\dotnet\sdk\10.0.200-preview.0.26103.119\Sdks\Microsoft.NET.Sdk\targets\Microsoft.PackageDependencyResolution.targets(86,5): message :       ;
       C:\Program Files\dotnet\sdk\10.0.200-preview.0.26103.119\Sdks\Microsoft.NET.Sdk\targets\Microsoft.PackageDependencyResolution.targets(86,5): message :       PrepareResourceNames;
       C:\Program Files\dotnet\sdk\10.0.200-preview.0.26103.119\Sdks\Microsoft.NET.Sdk\targets\Microsoft.PackageDependencyResolution.targets(86,5): message :       ResGen;
       C:\Program Files\dotnet\sdk\10.0.200-preview.0.26103.119\Sdks\Microsoft.NET.Sdk\targets\Microsoft.PackageDependencyResolution.targets(86,5): message :       CompileLicxFiles
       C:\Program Files\dotnet\sdk\10.0.200-preview.0.26103.119\Sdks\Microsoft.NET.Sdk\targets\Microsoft.PackageDependencyResolution.targets(86,5): message :     
       C:\Program Files\dotnet\sdk\10.0.200-preview.0.26103.119\Sdks\Microsoft.NET.Sdk\targets\Microsoft.PackageDependencyResolution.targets(86,5): message :     " (önceki değer: "
       C:\Program Files\dotnet\sdk\10.0.200-preview.0.26103.119\Sdks\Microsoft.NET.Sdk\targets\Microsoft.PackageDependencyResolution.targets(86,5): message :       ;
       C:\Program Files\dotnet\sdk\10.0.200-preview.0.26103.119\Sdks\Microsoft.NET.Sdk\targets\Microsoft.PackageDependencyResolution.targets(86,5): message :       PrepareResourceNames;
       C:\Program Files\dotnet\sdk\10.0.200-preview.0.26103.119\Sdks\Microsoft.NET.Sdk\targets\Microsoft.PackageDependencyResolution.targets(86,5): message :       ResGen;
       C:\Program Files\dotnet\sdk\10.0.200-preview.0.26103.119\Sdks\Microsoft.NET.Sdk\targets\Microsoft.PackageDependencyResolution.targets(86,5): message :       CompileLicxFiles
       C:\Program Files\dotnet\sdk\10.0.200-preview.0.26103.119\Sdks\Microsoft.NET.Sdk\targets\Microsoft.PackageDependencyResolution.targets(86,5): message :     ") konum: C:\Program Files\dotnet\sdk\10.0.200-preview.0.26103.119\Sdks\Microsoft.NET.Sdk\targets\Microsoft.PackageDependencyResolution.targets (86,5)
       C:\Program Files\dotnet\sdk\10.0.200-preview.0.26103.119\Sdks\Microsoft.NET.Sdk\targets\Microsoft.NET.Sdk.DefaultItems.targets(35,5): message : Özellik yeniden ataması: $(DefaultItemExcludes)=";bin\Debug\/**;obj\Debug\/**;bin\/**" (önceki değer: ";bin\Debug\/**;obj\Debug\/**") konum: C:\Program Files\dotnet\sdk\10.0.200-preview.0.26103.119\Sdks\Microsoft.NET.Sdk\targets\Microsoft.NET.Sdk.DefaultItems.targets (35,5)
       C:\Program Files\dotnet\sdk\10.0.200-preview.0.26103.119\Sdks\Microsoft.NET.Sdk\targets\Microsoft.NET.Sdk.DefaultItems.targets(37,5): message : Özellik yeniden ataması: $(DefaultItemExcludes)=";bin\Debug\/**;obj\Debug\/**;bin\/**;obj\/**" (önceki değer: ";bin\Debug\/**;obj\Debug\/**;bin\/**") konum: C:\Program Files\dotnet\sdk\10.0.200-preview.0.26103.119\Sdks\Microsoft.NET.Sdk\targets\Microsoft.NET.Sdk.DefaultItems.targets (37,5)
       C:\Program Files\dotnet\sdk\10.0.200-preview.0.26103.119\Sdks\Microsoft.NET.Sdk\targets\Microsoft.NET.Sdk.DefaultItems.targets(41,5): message : Özellik yeniden ataması: $(DefaultItemExcludes)=";bin\Debug\/**;obj\Debug\/**;bin\/**;obj\/**;bin\Debug\net10.0\publish\/**" (önceki değer: ";bin\Debug\/**;obj\Debug\/**;bin\/**;obj\/**") konum: C:\Program Files\dotnet\sdk\10.0.200-preview.0.26103.119\Sdks\Microsoft.NET.Sdk\targets\Microsoft.NET.Sdk.DefaultItems.targets (41,5)
       C:\Program Files\dotnet\sdk\10.0.200-preview.0.26103.119\Sdks\Microsoft.NET.Sdk\targets\Microsoft.NET.Sdk.DefaultItems.targets(44,5): message : Özellik yeniden ataması: $(DefaultItemExcludes)=";bin\Debug\/**;obj\Debug\/**;bin\/**;obj\/**;bin\Debug\net10.0\publish\/**;**/*.user" (önceki değer: ";bin\Debug\/**;obj\Debug\/**;bin\/**;obj\/**;bin\Debug\net10.0\publish\/**") konum: C:\Program Files\dotnet\sdk\10.0.200-preview.0.26103.119\Sdks\Microsoft.NET.Sdk\targets\Microsoft.NET.Sdk.DefaultItems.targets (44,5)
       C:\Program Files\dotnet\sdk\10.0.200-preview.0.26103.119\Sdks\Microsoft.NET.Sdk\targets\Microsoft.NET.Sdk.DefaultItems.targets(45,5): message : Özellik yeniden ataması: $(DefaultItemExcludes)=";bin\Debug\/**;obj\Debug\/**;bin\/**;obj\/**;bin\Debug\net10.0\publish\/**;**/*.user;**/*.*proj" (önceki değer: ";bin\Debug\/**;obj\Debug\/**;bin\/**;obj\/**;bin\Debug\net10.0\publish\/**;**/*.user") konum: C:\Program Files\dotnet\sdk\10.0.200-preview.0.26103.119\Sdks\Microsoft.NET.Sdk\targets\Microsoft.NET.Sdk.DefaultItems.targets (45,5)
       C:\Program Files\dotnet\sdk\10.0.200-preview.0.26103.119\Sdks\Microsoft.NET.Sdk\targets\Microsoft.NET.Sdk.DefaultItems.targets(46,5): message : Özellik yeniden ataması: $(DefaultItemExcludes)=";bin\Debug\/**;obj\Debug\/**;bin\/**;obj\/**;bin\Debug\net10.0\publish\/**;**/*.user;**/*.*proj;**/*.sln" (önceki değer: ";bin\Debug\/**;obj\Debug\/**;bin\/**;obj\/**;bin\Debug\net10.0\publish\/**;**/*.user;**/*.*proj") konum: C:\Program Files\dotnet\sdk\10.0.200-preview.0.26103.119\Sdks\Microsoft.NET.Sdk\targets\Microsoft.NET.Sdk.DefaultItems.targets (46,5)
       C:\Program Files\dotnet\sdk\10.0.200-preview.0.26103.119\Sdks\Microsoft.NET.Sdk\targets\Microsoft.NET.Sdk.DefaultItems.targets(47,5): message : Özellik yeniden ataması: $(DefaultItemExcludes)=";bin\Debug\/**;obj\Debug\/**;bin\/**;obj\/**;bin\Debug\net10.0\publish\/**;**/*.user;**/*.*proj;**/*.sln;**/*.slnx" (önceki değer: ";bin\Debug\/**;obj\Debug\/**;bin\/**;obj\/**;bin\Debug\net10.0\publish\/**;**/*.user;**/*.*proj;**/*.sln") konum: C:\Program Files\dotnet\sdk\10.0.200-preview.0.26103.119\Sdks\Microsoft.NET.Sdk\targets\Microsoft.NET.Sdk.DefaultItems.targets (47,5)
       C:\Program Files\dotnet\sdk\10.0.200-preview.0.26103.119\Sdks\Microsoft.NET.Sdk\targets\Microsoft.NET.Sdk.DefaultItems.targets(48,5): message : Özellik yeniden ataması: $(DefaultItemExcludes)=";bin\Debug\/**;obj\Debug\/**;bin\/**;obj\/**;bin\Debug\net10.0\publish\/**;**/*.user;**/*.*proj;**/*.sln;**/*.slnx;**/*.vssscc" (önceki değer: ";bin\Debug\/**;obj\Debug\/**;bin\/**;obj\/**;bin\Debug\net10.0\publish\/**;**/*.user;**/*.*proj;**/*.sln;**/*.slnx") konum: C:\Program Files\dotnet\sdk\10.0.200-preview.0.26103.119\Sdks\Microsoft.NET.Sdk\targets\Microsoft.NET.Sdk.DefaultItems.targets (48,5)
       C:\Program Files\dotnet\sdk\10.0.200-preview.0.26103.119\Sdks\Microsoft.NET.Sdk\targets\Microsoft.NET.Sdk.DefaultItems.targets(49,5): message : Özellik yeniden ataması: $(DefaultItemExcludes)=";bin\Debug\/**;obj\Debug\/**;bin\/**;obj\/**;bin\Debug\net10.0\publish\/**;**/*.user;**/*.*proj;**/*.sln;**/*.slnx;**/*.vssscc;**/.DS_Store" (önceki değer: ";bin\Debug\/**;obj\Debug\/**;bin\/**;obj\/**;bin\Debug\net10.0\publish\/**;**/*.user;**/*.*proj;**/*.sln;**/*.slnx;**/*.vssscc") konum: C:\Program Files\dotnet\sdk\10.0.200-preview.0.26103.119\Sdks\Microsoft.NET.Sdk\targets\Microsoft.NET.Sdk.DefaultItems.targets (49,5)
       C:\Program Files\dotnet\sdk\10.0.200-preview.0.26103.119\Sdks\Microsoft.NET.Sdk\targets\Microsoft.NET.Sdk.FrameworkReferenceResolution.targets(14,5): message : Özellik yeniden ataması: $(ResolveAssemblyReferencesDependsOn)="
       C:\Program Files\dotnet\sdk\10.0.200-preview.0.26103.119\Sdks\Microsoft.NET.Sdk\targets\Microsoft.NET.Sdk.FrameworkReferenceResolution.targets(14,5): message :       
       C:\Program Files\dotnet\sdk\10.0.200-preview.0.26103.119\Sdks\Microsoft.NET.Sdk\targets\Microsoft.NET.Sdk.FrameworkReferenceResolution.targets(14,5): message :       
       C:\Program Files\dotnet\sdk\10.0.200-preview.0.26103.119\Sdks\Microsoft.NET.Sdk\targets\Microsoft.NET.Sdk.FrameworkReferenceResolution.targets(14,5): message :       ResolveProjectReferences;
       C:\Program Files\dotnet\sdk\10.0.200-preview.0.26103.119\Sdks\Microsoft.NET.Sdk\targets\Microsoft.NET.Sdk.FrameworkReferenceResolution.targets(14,5): message :       FindInvalidProjectReferences;
       C:\Program Files\dotnet\sdk\10.0.200-preview.0.26103.119\Sdks\Microsoft.NET.Sdk\targets\Microsoft.NET.Sdk.FrameworkReferenceResolution.targets(14,5): message :       GetFrameworkPaths;
       C:\Program Files\dotnet\sdk\10.0.200-preview.0.26103.119\Sdks\Microsoft.NET.Sdk\targets\Microsoft.NET.Sdk.FrameworkReferenceResolution.targets(14,5): message :       GetReferenceAssemblyPaths;
       C:\Program Files\dotnet\sdk\10.0.200-preview.0.26103.119\Sdks\Microsoft.NET.Sdk\targets\Microsoft.NET.Sdk.FrameworkReferenceResolution.targets(14,5): message :       PrepareForBuild;
       C:\Program Files\dotnet\sdk\10.0.200-preview.0.26103.119\Sdks\Microsoft.NET.Sdk\targets\Microsoft.NET.Sdk.FrameworkReferenceResolution.targets(14,5): message :       ResolveSDKReferences;
       C:\Program Files\dotnet\sdk\10.0.200-preview.0.26103.119\Sdks\Microsoft.NET.Sdk\targets\Microsoft.NET.Sdk.FrameworkReferenceResolution.targets(14,5): message :       ExpandSDKReferences;
       C:\Program Files\dotnet\sdk\10.0.200-preview.0.26103.119\Sdks\Microsoft.NET.Sdk\targets\Microsoft.NET.Sdk.FrameworkReferenceResolution.targets(14,5): message :     ;
       C:\Program Files\dotnet\sdk\10.0.200-preview.0.26103.119\Sdks\Microsoft.NET.Sdk\targets\Microsoft.NET.Sdk.FrameworkReferenceResolution.targets(14,5): message :       ResolvePackageDependenciesForBuild;
       C:\Program Files\dotnet\sdk\10.0.200-preview.0.26103.119\Sdks\Microsoft.NET.Sdk\targets\Microsoft.NET.Sdk.FrameworkReferenceResolution.targets(14,5): message :       _HandlePackageFileConflicts;
       C:\Program Files\dotnet\sdk\10.0.200-preview.0.26103.119\Sdks\Microsoft.NET.Sdk\targets\Microsoft.NET.Sdk.FrameworkReferenceResolution.targets(14,5): message :     ;
       C:\Program Files\dotnet\sdk\10.0.200-preview.0.26103.119\Sdks\Microsoft.NET.Sdk\targets\Microsoft.NET.Sdk.FrameworkReferenceResolution.targets(14,5): message :       ResolveTargetingPackAssets;
       C:\Program Files\dotnet\sdk\10.0.200-preview.0.26103.119\Sdks\Microsoft.NET.Sdk\targets\Microsoft.NET.Sdk.FrameworkReferenceResolution.targets(14,5): message :     " (önceki değer: "
       C:\Program Files\dotnet\sdk\10.0.200-preview.0.26103.119\Sdks\Microsoft.NET.Sdk\targets\Microsoft.NET.Sdk.FrameworkReferenceResolution.targets(14,5): message :       
       C:\Program Files\dotnet\sdk\10.0.200-preview.0.26103.119\Sdks\Microsoft.NET.Sdk\targets\Microsoft.NET.Sdk.FrameworkReferenceResolution.targets(14,5): message :       ResolveProjectReferences;
       C:\Program Files\dotnet\sdk\10.0.200-preview.0.26103.119\Sdks\Microsoft.NET.Sdk\targets\Microsoft.NET.Sdk.FrameworkReferenceResolution.targets(14,5): message :       FindInvalidProjectReferences;
       C:\Program Files\dotnet\sdk\10.0.200-preview.0.26103.119\Sdks\Microsoft.NET.Sdk\targets\Microsoft.NET.Sdk.FrameworkReferenceResolution.targets(14,5): message :       GetFrameworkPaths;
       C:\Program Files\dotnet\sdk\10.0.200-preview.0.26103.119\Sdks\Microsoft.NET.Sdk\targets\Microsoft.NET.Sdk.FrameworkReferenceResolution.targets(14,5): message :       GetReferenceAssemblyPaths;
       C:\Program Files\dotnet\sdk\10.0.200-preview.0.26103.119\Sdks\Microsoft.NET.Sdk\targets\Microsoft.NET.Sdk.FrameworkReferenceResolution.targets(14,5): message :       PrepareForBuild;
       C:\Program Files\dotnet\sdk\10.0.200-preview.0.26103.119\Sdks\Microsoft.NET.Sdk\targets\Microsoft.NET.Sdk.FrameworkReferenceResolution.targets(14,5): message :       ResolveSDKReferences;
       C:\Program Files\dotnet\sdk\10.0.200-preview.0.26103.119\Sdks\Microsoft.NET.Sdk\targets\Microsoft.NET.Sdk.FrameworkReferenceResolution.targets(14,5): message :       ExpandSDKReferences;
       C:\Program Files\dotnet\sdk\10.0.200-preview.0.26103.119\Sdks\Microsoft.NET.Sdk\targets\Microsoft.NET.Sdk.FrameworkReferenceResolution.targets(14,5): message :     ;
       C:\Program Files\dotnet\sdk\10.0.200-preview.0.26103.119\Sdks\Microsoft.NET.Sdk\targets\Microsoft.NET.Sdk.FrameworkReferenceResolution.targets(14,5): message :       ResolvePackageDependenciesForBuild;
       C:\Program Files\dotnet\sdk\10.0.200-preview.0.26103.119\Sdks\Microsoft.NET.Sdk\targets\Microsoft.NET.Sdk.FrameworkReferenceResolution.targets(14,5): message :       _HandlePackageFileConflicts;
       C:\Program Files\dotnet\sdk\10.0.200-preview.0.26103.119\Sdks\Microsoft.NET.Sdk\targets\Microsoft.NET.Sdk.FrameworkReferenceResolution.targets(14,5): message :     ") konum: C:\Program Files\dotnet\sdk\10.0.200-preview.0.26103.119\Sdks\Microsoft.NET.Sdk\targets\Microsoft.NET.Sdk.FrameworkReferenceResolution.targets (14,5)
       C:\Program Files\dotnet\sdk\10.0.200-preview.0.26103.119\Sdks\Microsoft.NET.Sdk\targets\Microsoft.NET.Sdk.targets(44,5): message : Özellik yeniden ataması: $(_GenerateRuntimeConfigurationPropertyInputsCache)="c:\Users\ilhan\source\repos\StudyBuddy\StudyBuddy\Buddy.Domain\obj\Debug\net10.0\Buddy.Domain.genruntimeconfig.cache" (önceki değer: "obj\Debug\net10.0\Buddy.Domain.genruntimeconfig.cache") konum: C:\Program Files\dotnet\sdk\10.0.200-preview.0.26103.119\Sdks\Microsoft.NET.Sdk\targets\Microsoft.NET.Sdk.targets (44,5)
       C:\Program Files\dotnet\sdk\10.0.200-preview.0.26103.119\Sdks\Microsoft.NET.Sdk\targets\Microsoft.NET.Sdk.targets(46,5): message : Özellik yeniden ataması: $(_GeneratePublishDependencyFilePropertyInputsCache)="c:\Users\ilhan\source\repos\StudyBuddy\StudyBuddy\Buddy.Domain\obj\Debug\net10.0\Buddy.Domain.genpublishdeps.cache" (önceki değer: "obj\Debug\net10.0\Buddy.Domain.genpublishdeps.cache") konum: C:\Program Files\dotnet\sdk\10.0.200-preview.0.26103.119\Sdks\Microsoft.NET.Sdk\targets\Microsoft.NET.Sdk.targets (46,5)
       C:\Program Files\dotnet\sdk\10.0.200-preview.0.26103.119\Sdks\Microsoft.NET.Sdk\targets\Microsoft.NET.Sdk.targets(48,5): message : Özellik yeniden ataması: $(_GenerateSingleFileBundlePropertyInputsCache)="c:\Users\ilhan\source\repos\StudyBuddy\StudyBuddy\Buddy.Domain\obj\Debug\net10.0\Buddy.Domain.genbundle.cache" (önceki değer: "obj\Debug\net10.0\Buddy.Domain.genbundle.cache") konum: C:\Program Files\dotnet\sdk\10.0.200-preview.0.26103.119\Sdks\Microsoft.NET.Sdk\targets\Microsoft.NET.Sdk.targets (48,5)
       C:\Program Files\dotnet\sdk\10.0.200-preview.0.26103.119\Sdks\Microsoft.NET.Sdk\targets\Microsoft.NET.Sdk.targets(81,5): message : Özellik yeniden ataması: $(GenerateRuntimeConfigDevFile)="false" (önceki değer: "true") konum: C:\Program Files\dotnet\sdk\10.0.200-preview.0.26103.119\Sdks\Microsoft.NET.Sdk\targets\Microsoft.NET.Sdk.targets (81,5)
       C:\Program Files\dotnet\sdk\10.0.200-preview.0.26103.119\Sdks\Microsoft.NET.Sdk\targets\Microsoft.NET.Sdk.targets(98,5): message : Özellik yeniden ataması: $(_DefaultUserProfileRuntimeStorePath)="C:\Users\ilhan" (önceki değer: "") konum: C:\Program Files\dotnet\sdk\10.0.200-preview.0.26103.119\Sdks\Microsoft.NET.Sdk\targets\Microsoft.NET.Sdk.targets (98,5)
       C:\Program Files\dotnet\sdk\10.0.200-preview.0.26103.119\Sdks\Microsoft.NET.Sdk\targets\Microsoft.NET.Sdk.targets(99,5): message : Özellik yeniden ataması: $(_DefaultUserProfileRuntimeStorePath)="C:\Users\ilhan\.dotnet\store" (önceki değer: "C:\Users\ilhan") konum: C:\Program Files\dotnet\sdk\10.0.200-preview.0.26103.119\Sdks\Microsoft.NET.Sdk\targets\Microsoft.NET.Sdk.targets (99,5)
       C:\Program Files\dotnet\sdk\10.0.200-preview.0.26103.119\Sdks\Microsoft.NET.Sdk\targets\Microsoft.NET.Sdk.targets(144,5): message : Özellik yeniden ataması: $(AvailablePlatforms)="Any CPU,x86,x64,ARM32" (önceki değer: "Any CPU,x86,x64") konum: C:\Program Files\dotnet\sdk\10.0.200-preview.0.26103.119\Sdks\Microsoft.NET.Sdk\targets\Microsoft.NET.Sdk.targets (144,5)
       C:\Program Files\dotnet\sdk\10.0.200-preview.0.26103.119\Sdks\Microsoft.NET.Sdk\targets\Microsoft.NET.Sdk.targets(148,5): message : Özellik yeniden ataması: $(AvailablePlatforms)="Any CPU,x86,x64,ARM32,ARM64" (önceki değer: "Any CPU,x86,x64,ARM32") konum: C:\Program Files\dotnet\sdk\10.0.200-preview.0.26103.119\Sdks\Microsoft.NET.Sdk\targets\Microsoft.NET.Sdk.targets (148,5)
       C:\Program Files\dotnet\sdk\10.0.200-preview.0.26103.119\Sdks\Microsoft.NET.Sdk\targets\Microsoft.NET.Sdk.targets(204,5): message : Özellik yeniden ataması: $(CoreBuildDependsOn)="
       C:\Program Files\dotnet\sdk\10.0.200-preview.0.26103.119\Sdks\Microsoft.NET.Sdk\targets\Microsoft.NET.Sdk.targets(204,5): message :       _CheckForBuildWithNoBuild;
       C:\Program Files\dotnet\sdk\10.0.200-preview.0.26103.119\Sdks\Microsoft.NET.Sdk\targets\Microsoft.NET.Sdk.targets(204,5): message :       
       C:\Program Files\dotnet\sdk\10.0.200-preview.0.26103.119\Sdks\Microsoft.NET.Sdk\targets\Microsoft.NET.Sdk.targets(204,5): message :       BuildOnlySettings;
       C:\Program Files\dotnet\sdk\10.0.200-preview.0.26103.119\Sdks\Microsoft.NET.Sdk\targets\Microsoft.NET.Sdk.targets(204,5): message :       PrepareForBuild;
       C:\Program Files\dotnet\sdk\10.0.200-preview.0.26103.119\Sdks\Microsoft.NET.Sdk\targets\Microsoft.NET.Sdk.targets(204,5): message :       PreBuildEvent;
       C:\Program Files\dotnet\sdk\10.0.200-preview.0.26103.119\Sdks\Microsoft.NET.Sdk\targets\Microsoft.NET.Sdk.targets(204,5): message :       ResolveReferences;
       C:\Program Files\dotnet\sdk\10.0.200-preview.0.26103.119\Sdks\Microsoft.NET.Sdk\targets\Microsoft.NET.Sdk.targets(204,5): message :       PrepareResources;
       C:\Program Files\dotnet\sdk\10.0.200-preview.0.26103.119\Sdks\Microsoft.NET.Sdk\targets\Microsoft.NET.Sdk.targets(204,5): message :       ResolveKeySource;
       C:\Program Files\dotnet\sdk\10.0.200-preview.0.26103.119\Sdks\Microsoft.NET.Sdk\targets\Microsoft.NET.Sdk.targets(204,5): message :       Compile;
       C:\Program Files\dotnet\sdk\10.0.200-preview.0.26103.119\Sdks\Microsoft.NET.Sdk\targets\Microsoft.NET.Sdk.targets(204,5): message :       ExportWindowsMDFile;
       C:\Program Files\dotnet\sdk\10.0.200-preview.0.26103.119\Sdks\Microsoft.NET.Sdk\targets\Microsoft.NET.Sdk.targets(204,5): message :       UnmanagedUnregistration;
       C:\Program Files\dotnet\sdk\10.0.200-preview.0.26103.119\Sdks\Microsoft.NET.Sdk\targets\Microsoft.NET.Sdk.targets(204,5): message :       GenerateSerializationAssemblies;
       C:\Program Files\dotnet\sdk\10.0.200-preview.0.26103.119\Sdks\Microsoft.NET.Sdk\targets\Microsoft.NET.Sdk.targets(204,5): message :       CreateSatelliteAssemblies;
       C:\Program Files\dotnet\sdk\10.0.200-preview.0.26103.119\Sdks\Microsoft.NET.Sdk\targets\Microsoft.NET.Sdk.targets(204,5): message :       GenerateManifests;
       C:\Program Files\dotnet\sdk\10.0.200-preview.0.26103.119\Sdks\Microsoft.NET.Sdk\targets\Microsoft.NET.Sdk.targets(204,5): message :       GetTargetPath;
       C:\Program Files\dotnet\sdk\10.0.200-preview.0.26103.119\Sdks\Microsoft.NET.Sdk\targets\Microsoft.NET.Sdk.targets(204,5): message :       PrepareForRun;
       C:\Program Files\dotnet\sdk\10.0.200-preview.0.26103.119\Sdks\Microsoft.NET.Sdk\targets\Microsoft.NET.Sdk.targets(204,5): message :       UnmanagedRegistration;
       C:\Program Files\dotnet\sdk\10.0.200-preview.0.26103.119\Sdks\Microsoft.NET.Sdk\targets\Microsoft.NET.Sdk.targets(204,5): message :       IncrementalClean;
       C:\Program Files\dotnet\sdk\10.0.200-preview.0.26103.119\Sdks\Microsoft.NET.Sdk\targets\Microsoft.NET.Sdk.targets(204,5): message :       PostBuildEvent
       C:\Program Files\dotnet\sdk\10.0.200-preview.0.26103.119\Sdks\Microsoft.NET.Sdk\targets\Microsoft.NET.Sdk.targets(204,5): message :     ;
       C:\Program Files\dotnet\sdk\10.0.200-preview.0.26103.119\Sdks\Microsoft.NET.Sdk\targets\Microsoft.NET.Sdk.targets(204,5): message :       GenerateBuildDependencyFile;
       C:\Program Files\dotnet\sdk\10.0.200-preview.0.26103.119\Sdks\Microsoft.NET.Sdk\targets\Microsoft.NET.Sdk.targets(204,5): message :       GenerateBuildRuntimeConfigurationFiles
       C:\Program Files\dotnet\sdk\10.0.200-preview.0.26103.119\Sdks\Microsoft.NET.Sdk\targets\Microsoft.NET.Sdk.targets(204,5): message :     " (önceki değer: "
       C:\Program Files\dotnet\sdk\10.0.200-preview.0.26103.119\Sdks\Microsoft.NET.Sdk\targets\Microsoft.NET.Sdk.targets(204,5): message :       BuildOnlySettings;
       C:\Program Files\dotnet\sdk\10.0.200-preview.0.26103.119\Sdks\Microsoft.NET.Sdk\targets\Microsoft.NET.Sdk.targets(204,5): message :       PrepareForBuild;
       C:\Program Files\dotnet\sdk\10.0.200-preview.0.26103.119\Sdks\Microsoft.NET.Sdk\targets\Microsoft.NET.Sdk.targets(204,5): message :       PreBuildEvent;
       C:\Program Files\dotnet\sdk\10.0.200-preview.0.26103.119\Sdks\Microsoft.NET.Sdk\targets\Microsoft.NET.Sdk.targets(204,5): message :       ResolveReferences;
       C:\Program Files\dotnet\sdk\10.0.200-preview.0.26103.119\Sdks\Microsoft.NET.Sdk\targets\Microsoft.NET.Sdk.targets(204,5): message :       PrepareResources;
       C:\Program Files\dotnet\sdk\10.0.200-preview.0.26103.119\Sdks\Microsoft.NET.Sdk\targets\Microsoft.NET.Sdk.targets(204,5): message :       ResolveKeySource;
       C:\Program Files\dotnet\sdk\10.0.200-preview.0.26103.119\Sdks\Microsoft.NET.Sdk\targets\Microsoft.NET.Sdk.targets(204,5): message :       Compile;
       C:\Program Files\dotnet\sdk\10.0.200-preview.0.26103.119\Sdks\Microsoft.NET.Sdk\targets\Microsoft.NET.Sdk.targets(204,5): message :       ExportWindowsMDFile;
       C:\Program Files\dotnet\sdk\10.0.200-preview.0.26103.119\Sdks\Microsoft.NET.Sdk\targets\Microsoft.NET.Sdk.targets(204,5): message :       UnmanagedUnregistration;
       C:\Program Files\dotnet\sdk\10.0.200-preview.0.26103.119\Sdks\Microsoft.NET.Sdk\targets\Microsoft.NET.Sdk.targets(204,5): message :       GenerateSerializationAssemblies;
       C:\Program Files\dotnet\sdk\10.0.200-preview.0.26103.119\Sdks\Microsoft.NET.Sdk\targets\Microsoft.NET.Sdk.targets(204,5): message :       CreateSatelliteAssemblies;
       C:\Program Files\dotnet\sdk\10.0.200-preview.0.26103.119\Sdks\Microsoft.NET.Sdk\targets\Microsoft.NET.Sdk.targets(204,5): message :       GenerateManifests;
       C:\Program Files\dotnet\sdk\10.0.200-preview.0.26103.119\Sdks\Microsoft.NET.Sdk\targets\Microsoft.NET.Sdk.targets(204,5): message :       GetTargetPath;
       C:\Program Files\dotnet\sdk\10.0.200-preview.0.26103.119\Sdks\Microsoft.NET.Sdk\targets\Microsoft.NET.Sdk.targets(204,5): message :       PrepareForRun;
       C:\Program Files\dotnet\sdk\10.0.200-preview.0.26103.119\Sdks\Microsoft.NET.Sdk\targets\Microsoft.NET.Sdk.targets(204,5): message :       UnmanagedRegistration;
       C:\Program Files\dotnet\sdk\10.0.200-preview.0.26103.119\Sdks\Microsoft.NET.Sdk\targets\Microsoft.NET.Sdk.targets(204,5): message :       IncrementalClean;
       C:\Program Files\dotnet\sdk\10.0.200-preview.0.26103.119\Sdks\Microsoft.NET.Sdk\targets\Microsoft.NET.Sdk.targets(204,5): message :       PostBuildEvent
       C:\Program Files\dotnet\sdk\10.0.200-preview.0.26103.119\Sdks\Microsoft.NET.Sdk\targets\Microsoft.NET.Sdk.targets(204,5): message :     ") konum: C:\Program Files\dotnet\sdk\10.0.200-preview.0.26103.119\Sdks\Microsoft.NET.Sdk\targets\Microsoft.NET.Sdk.targets (204,5)
       C:\Program Files\dotnet\sdk\10.0.200-preview.0.26103.119\Sdks\Microsoft.NET.Sdk\targets\Microsoft.NET.Sdk.targets(213,5): message : Özellik yeniden ataması: $(CoreCleanDependsOn)="
       C:\Program Files\dotnet\sdk\10.0.200-preview.0.26103.119\Sdks\Microsoft.NET.Sdk\targets\Microsoft.NET.Sdk.targets(213,5): message :       _SdkBeforeClean;
       C:\Program Files\dotnet\sdk\10.0.200-preview.0.26103.119\Sdks\Microsoft.NET.Sdk\targets\Microsoft.NET.Sdk.targets(213,5): message :       
       C:\Program Files\dotnet\sdk\10.0.200-preview.0.26103.119\Sdks\Microsoft.NET.Sdk\targets\Microsoft.NET.Sdk.targets(213,5): message :     " (önceki değer: "") konum: C:\Program Files\dotnet\sdk\10.0.200-preview.0.26103.119\Sdks\Microsoft.NET.Sdk\targets\Microsoft.NET.Sdk.targets (213,5)
       C:\Program Files\dotnet\sdk\10.0.200-preview.0.26103.119\Sdks\Microsoft.NET.Sdk\targets\Microsoft.NET.Sdk.targets(220,5): message : Özellik yeniden ataması: $(RebuildDependsOn)="
       C:\Program Files\dotnet\sdk\10.0.200-preview.0.26103.119\Sdks\Microsoft.NET.Sdk\targets\Microsoft.NET.Sdk.targets(220,5): message :       _SdkBeforeRebuild;
       C:\Program Files\dotnet\sdk\10.0.200-preview.0.26103.119\Sdks\Microsoft.NET.Sdk\targets\Microsoft.NET.Sdk.targets(220,5): message :       
       C:\Program Files\dotnet\sdk\10.0.200-preview.0.26103.119\Sdks\Microsoft.NET.Sdk\targets\Microsoft.NET.Sdk.targets(220,5): message :       BeforeRebuild;
       C:\Program Files\dotnet\sdk\10.0.200-preview.0.26103.119\Sdks\Microsoft.NET.Sdk\targets\Microsoft.NET.Sdk.targets(220,5): message :       Clean;
       C:\Program Files\dotnet\sdk\10.0.200-preview.0.26103.119\Sdks\Microsoft.NET.Sdk\targets\Microsoft.NET.Sdk.targets(220,5): message :       Build;
       C:\Program Files\dotnet\sdk\10.0.200-preview.0.26103.119\Sdks\Microsoft.NET.Sdk\targets\Microsoft.NET.Sdk.targets(220,5): message :       AfterRebuild;
       C:\Program Files\dotnet\sdk\10.0.200-preview.0.26103.119\Sdks\Microsoft.NET.Sdk\targets\Microsoft.NET.Sdk.targets(220,5): message :     
       C:\Program Files\dotnet\sdk\10.0.200-preview.0.26103.119\Sdks\Microsoft.NET.Sdk\targets\Microsoft.NET.Sdk.targets(220,5): message :     " (önceki değer: "
       C:\Program Files\dotnet\sdk\10.0.200-preview.0.26103.119\Sdks\Microsoft.NET.Sdk\targets\Microsoft.NET.Sdk.targets(220,5): message :       BeforeRebuild;
       C:\Program Files\dotnet\sdk\10.0.200-preview.0.26103.119\Sdks\Microsoft.NET.Sdk\targets\Microsoft.NET.Sdk.targets(220,5): message :       Clean;
       C:\Program Files\dotnet\sdk\10.0.200-preview.0.26103.119\Sdks\Microsoft.NET.Sdk\targets\Microsoft.NET.Sdk.targets(220,5): message :       Build;
       C:\Program Files\dotnet\sdk\10.0.200-preview.0.26103.119\Sdks\Microsoft.NET.Sdk\targets\Microsoft.NET.Sdk.targets(220,5): message :       AfterRebuild;
       C:\Program Files\dotnet\sdk\10.0.200-preview.0.26103.119\Sdks\Microsoft.NET.Sdk\targets\Microsoft.NET.Sdk.targets(220,5): message :     ") konum: C:\Program Files\dotnet\sdk\10.0.200-preview.0.26103.119\Sdks\Microsoft.NET.Sdk\targets\Microsoft.NET.Sdk.targets (220,5)
       C:\Program Files\dotnet\sdk\10.0.200-preview.0.26103.119\Sdks\Microsoft.NET.Sdk\targets\Microsoft.NET.Sdk.targets(799,5): message : Özellik yeniden ataması: $(CompileDependsOn)="
       C:\Program Files\dotnet\sdk\10.0.200-preview.0.26103.119\Sdks\Microsoft.NET.Sdk\targets\Microsoft.NET.Sdk.targets(799,5): message :       
       C:\Program Files\dotnet\sdk\10.0.200-preview.0.26103.119\Sdks\Microsoft.NET.Sdk\targets\Microsoft.NET.Sdk.targets(799,5): message :       ResolveReferences;
       C:\Program Files\dotnet\sdk\10.0.200-preview.0.26103.119\Sdks\Microsoft.NET.Sdk\targets\Microsoft.NET.Sdk.targets(799,5): message :       ResolveKeySource;
       C:\Program Files\dotnet\sdk\10.0.200-preview.0.26103.119\Sdks\Microsoft.NET.Sdk\targets\Microsoft.NET.Sdk.targets(799,5): message :       SetWin32ManifestProperties;
       C:\Program Files\dotnet\sdk\10.0.200-preview.0.26103.119\Sdks\Microsoft.NET.Sdk\targets\Microsoft.NET.Sdk.targets(799,5): message :       _SetPreferNativeArm64Win32ManifestProperties;
       C:\Program Files\dotnet\sdk\10.0.200-preview.0.26103.119\Sdks\Microsoft.NET.Sdk\targets\Microsoft.NET.Sdk.targets(799,5): message :       FindReferenceAssembliesForReferences;
       C:\Program Files\dotnet\sdk\10.0.200-preview.0.26103.119\Sdks\Microsoft.NET.Sdk\targets\Microsoft.NET.Sdk.targets(799,5): message :       _GenerateCompileInputs;
       C:\Program Files\dotnet\sdk\10.0.200-preview.0.26103.119\Sdks\Microsoft.NET.Sdk\targets\Microsoft.NET.Sdk.targets(799,5): message :       BeforeCompile;
       C:\Program Files\dotnet\sdk\10.0.200-preview.0.26103.119\Sdks\Microsoft.NET.Sdk\targets\Microsoft.NET.Sdk.targets(799,5): message :       _TimeStampBeforeCompile;
       C:\Program Files\dotnet\sdk\10.0.200-preview.0.26103.119\Sdks\Microsoft.NET.Sdk\targets\Microsoft.NET.Sdk.targets(799,5): message :       _GenerateCompileDependencyCache;
       C:\Program Files\dotnet\sdk\10.0.200-preview.0.26103.119\Sdks\Microsoft.NET.Sdk\targets\Microsoft.NET.Sdk.targets(799,5): message :       CoreCompile;
       C:\Program Files\dotnet\sdk\10.0.200-preview.0.26103.119\Sdks\Microsoft.NET.Sdk\targets\Microsoft.NET.Sdk.targets(799,5): message :       _TimeStampAfterCompile;
       C:\Program Files\dotnet\sdk\10.0.200-preview.0.26103.119\Sdks\Microsoft.NET.Sdk\targets\Microsoft.NET.Sdk.targets(799,5): message :       AfterCompile;
       C:\Program Files\dotnet\sdk\10.0.200-preview.0.26103.119\Sdks\Microsoft.NET.Sdk\targets\Microsoft.NET.Sdk.targets(799,5): message :     ;
       C:\Program Files\dotnet\sdk\10.0.200-preview.0.26103.119\Sdks\Microsoft.NET.Sdk\targets\Microsoft.NET.Sdk.targets(799,5): message :       _CreateAppHost;
       C:\Program Files\dotnet\sdk\10.0.200-preview.0.26103.119\Sdks\Microsoft.NET.Sdk\targets\Microsoft.NET.Sdk.targets(799,5): message :       _CreateComHost;
       C:\Program Files\dotnet\sdk\10.0.200-preview.0.26103.119\Sdks\Microsoft.NET.Sdk\targets\Microsoft.NET.Sdk.targets(799,5): message :       _GetIjwHostPaths;
       C:\Program Files\dotnet\sdk\10.0.200-preview.0.26103.119\Sdks\Microsoft.NET.Sdk\targets\Microsoft.NET.Sdk.targets(799,5): message :     " (önceki değer: "
       C:\Program Files\dotnet\sdk\10.0.200-preview.0.26103.119\Sdks\Microsoft.NET.Sdk\targets\Microsoft.NET.Sdk.targets(799,5): message :       ResolveReferences;
       C:\Program Files\dotnet\sdk\10.0.200-preview.0.26103.119\Sdks\Microsoft.NET.Sdk\targets\Microsoft.NET.Sdk.targets(799,5): message :       ResolveKeySource;
       C:\Program Files\dotnet\sdk\10.0.200-preview.0.26103.119\Sdks\Microsoft.NET.Sdk\targets\Microsoft.NET.Sdk.targets(799,5): message :       SetWin32ManifestProperties;
       C:\Program Files\dotnet\sdk\10.0.200-preview.0.26103.119\Sdks\Microsoft.NET.Sdk\targets\Microsoft.NET.Sdk.targets(799,5): message :       _SetPreferNativeArm64Win32ManifestProperties;
       C:\Program Files\dotnet\sdk\10.0.200-preview.0.26103.119\Sdks\Microsoft.NET.Sdk\targets\Microsoft.NET.Sdk.targets(799,5): message :       FindReferenceAssembliesForReferences;
       C:\Program Files\dotnet\sdk\10.0.200-preview.0.26103.119\Sdks\Microsoft.NET.Sdk\targets\Microsoft.NET.Sdk.targets(799,5): message :       _GenerateCompileInputs;
       C:\Program Files\dotnet\sdk\10.0.200-preview.0.26103.119\Sdks\Microsoft.NET.Sdk\targets\Microsoft.NET.Sdk.targets(799,5): message :       BeforeCompile;
       C:\Program Files\dotnet\sdk\10.0.200-preview.0.26103.119\Sdks\Microsoft.NET.Sdk\targets\Microsoft.NET.Sdk.targets(799,5): message :       _TimeStampBeforeCompile;
       C:\Program Files\dotnet\sdk\10.0.200-preview.0.26103.119\Sdks\Microsoft.NET.Sdk\targets\Microsoft.NET.Sdk.targets(799,5): message :       _GenerateCompileDependencyCache;
       C:\Program Files\dotnet\sdk\10.0.200-preview.0.26103.119\Sdks\Microsoft.NET.Sdk\targets\Microsoft.NET.Sdk.targets(799,5): message :       CoreCompile;
       C:\Program Files\dotnet\sdk\10.0.200-preview.0.26103.119\Sdks\Microsoft.NET.Sdk\targets\Microsoft.NET.Sdk.targets(799,5): message :       _TimeStampAfterCompile;
       C:\Program Files\dotnet\sdk\10.0.200-preview.0.26103.119\Sdks\Microsoft.NET.Sdk\targets\Microsoft.NET.Sdk.targets(799,5): message :       AfterCompile;
       C:\Program Files\dotnet\sdk\10.0.200-preview.0.26103.119\Sdks\Microsoft.NET.Sdk\targets\Microsoft.NET.Sdk.targets(799,5): message :     ") konum: C:\Program Files\dotnet\sdk\10.0.200-preview.0.26103.119\Sdks\Microsoft.NET.Sdk\targets\Microsoft.NET.Sdk.targets (799,5)
       C:\Program Files\dotnet\sdk\10.0.200-preview.0.26103.119\Sdks\Microsoft.NET.Sdk\targets\Microsoft.NET.Sdk.targets(1131,5): message : Özellik yeniden ataması: $(CreateSatelliteAssembliesDependsOn)="
       C:\Program Files\dotnet\sdk\10.0.200-preview.0.26103.119\Sdks\Microsoft.NET.Sdk\targets\Microsoft.NET.Sdk.targets(1131,5): message :       
       C:\Program Files\dotnet\sdk\10.0.200-preview.0.26103.119\Sdks\Microsoft.NET.Sdk\targets\Microsoft.NET.Sdk.targets(1131,5): message :       ;
       C:\Program Files\dotnet\sdk\10.0.200-preview.0.26103.119\Sdks\Microsoft.NET.Sdk\targets\Microsoft.NET.Sdk.targets(1131,5): message :       _GenerateSatelliteAssemblyInputs;
       C:\Program Files\dotnet\sdk\10.0.200-preview.0.26103.119\Sdks\Microsoft.NET.Sdk\targets\Microsoft.NET.Sdk.targets(1131,5): message :       ComputeIntermediateSatelliteAssemblies;
       C:\Program Files\dotnet\sdk\10.0.200-preview.0.26103.119\Sdks\Microsoft.NET.Sdk\targets\Microsoft.NET.Sdk.targets(1131,5): message :       GenerateSatelliteAssemblies
       C:\Program Files\dotnet\sdk\10.0.200-preview.0.26103.119\Sdks\Microsoft.NET.Sdk\targets\Microsoft.NET.Sdk.targets(1131,5): message :     ;
       C:\Program Files\dotnet\sdk\10.0.200-preview.0.26103.119\Sdks\Microsoft.NET.Sdk\targets\Microsoft.NET.Sdk.targets(1131,5): message :       CoreGenerateSatelliteAssemblies
       C:\Program Files\dotnet\sdk\10.0.200-preview.0.26103.119\Sdks\Microsoft.NET.Sdk\targets\Microsoft.NET.Sdk.targets(1131,5): message :     " (önceki değer: "
       C:\Program Files\dotnet\sdk\10.0.200-preview.0.26103.119\Sdks\Microsoft.NET.Sdk\targets\Microsoft.NET.Sdk.targets(1131,5): message :       ;
       C:\Program Files\dotnet\sdk\10.0.200-preview.0.26103.119\Sdks\Microsoft.NET.Sdk\targets\Microsoft.NET.Sdk.targets(1131,5): message :       _GenerateSatelliteAssemblyInputs;
       C:\Program Files\dotnet\sdk\10.0.200-preview.0.26103.119\Sdks\Microsoft.NET.Sdk\targets\Microsoft.NET.Sdk.targets(1131,5): message :       ComputeIntermediateSatelliteAssemblies;
       C:\Program Files\dotnet\sdk\10.0.200-preview.0.26103.119\Sdks\Microsoft.NET.Sdk\targets\Microsoft.NET.Sdk.targets(1131,5): message :       GenerateSatelliteAssemblies
       C:\Program Files\dotnet\sdk\10.0.200-preview.0.26103.119\Sdks\Microsoft.NET.Sdk\targets\Microsoft.NET.Sdk.targets(1131,5): message :     ") konum: C:\Program Files\dotnet\sdk\10.0.200-preview.0.26103.119\Sdks\Microsoft.NET.Sdk\targets\Microsoft.NET.Sdk.targets (1131,5)
       C:\Program Files\dotnet\sdk\10.0.200-preview.0.26103.119\Sdks\Microsoft.SourceLink.GitLab\build\Microsoft.SourceLink.GitLab.targets(12,5): message : Özellik yeniden ataması: $(SourceLinkUrlInitializerTargets)=";_InitializeGitHubSourceLinkUrl;_InitializeGitLabSourceLinkUrl" (önceki değer: ";_InitializeGitHubSourceLinkUrl") konum: C:\Program Files\dotnet\sdk\10.0.200-preview.0.26103.119\Sdks\Microsoft.SourceLink.GitLab\build\Microsoft.SourceLink.GitLab.targets (12,5)
       C:\Program Files\dotnet\sdk\10.0.200-preview.0.26103.119\Sdks\Microsoft.SourceLink.GitLab\build\Microsoft.SourceLink.GitLab.targets(13,5): message : Özellik yeniden ataması: $(SourceControlManagerUrlTranslationTargets)=";TranslateGitHubUrlsInSourceControlInformation;TranslateGitLabUrlsInSourceControlInformation" (önceki değer: ";TranslateGitHubUrlsInSourceControlInformation") konum: C:\Program Files\dotnet\sdk\10.0.200-preview.0.26103.119\Sdks\Microsoft.SourceLink.GitLab\build\Microsoft.SourceLink.GitLab.targets (13,5)
       C:\Program Files\dotnet\sdk\10.0.200-preview.0.26103.119\Sdks\Microsoft.SourceLink.AzureRepos.Git\build\Microsoft.SourceLink.AzureRepos.Git.targets(12,5): message : Özellik yeniden ataması: $(SourceLinkUrlInitializerTargets)=";_InitializeGitHubSourceLinkUrl;_InitializeGitLabSourceLinkUrl;_InitializeAzureReposGitSourceLinkUrl" (önceki değer: ";_InitializeGitHubSourceLinkUrl;_InitializeGitLabSourceLinkUrl") konum: C:\Program Files\dotnet\sdk\10.0.200-preview.0.26103.119\Sdks\Microsoft.SourceLink.AzureRepos.Git\build\Microsoft.SourceLink.AzureRepos.Git.targets (12,5)
       C:\Program Files\dotnet\sdk\10.0.200-preview.0.26103.119\Sdks\Microsoft.SourceLink.AzureRepos.Git\build\Microsoft.SourceLink.AzureRepos.Git.targets(13,5): message : Özellik yeniden ataması: $(SourceControlManagerUrlTranslationTargets)=";TranslateGitHubUrlsInSourceControlInformation;TranslateGitLabUrlsInSourceControlInformation;TranslateAzureReposGitUrlsInSourceControlInformation" (önceki değer: ";TranslateGitHubUrlsInSourceControlInformation;TranslateGitLabUrlsInSourceControlInformation") konum: C:\Program Files\dotnet\sdk\10.0.200-preview.0.26103.119\Sdks\Microsoft.SourceLink.AzureRepos.Git\build\Microsoft.SourceLink.AzureRepos.Git.targets (13,5)
       C:\Program Files\dotnet\sdk\10.0.200-preview.0.26103.119\Sdks\Microsoft.SourceLink.Bitbucket.Git\build\Microsoft.SourceLink.Bitbucket.Git.targets(12,5): message : Özellik yeniden ataması: $(SourceLinkUrlInitializerTargets)=";_InitializeGitHubSourceLinkUrl;_InitializeGitLabSourceLinkUrl;_InitializeAzureReposGitSourceLinkUrl;_InitializeBitbucketGitSourceLinkUrl" (önceki değer: ";_InitializeGitHubSourceLinkUrl;_InitializeGitLabSourceLinkUrl;_InitializeAzureReposGitSourceLinkUrl") konum: C:\Program Files\dotnet\sdk\10.0.200-preview.0.26103.119\Sdks\Microsoft.SourceLink.Bitbucket.Git\build\Microsoft.SourceLink.Bitbucket.Git.targets (12,5)
       C:\Program Files\dotnet\sdk\10.0.200-preview.0.26103.119\Sdks\Microsoft.SourceLink.Bitbucket.Git\build\Microsoft.SourceLink.Bitbucket.Git.targets(13,5): message : Özellik yeniden ataması: $(SourceControlManagerUrlTranslationTargets)=";TranslateGitHubUrlsInSourceControlInformation;TranslateGitLabUrlsInSourceControlInformation;TranslateAzureReposGitUrlsInSourceControlInformation;TranslateBitbucketGitUrlsInSourceControlInformation" (önceki değer: ";TranslateGitHubUrlsInSourceControlInformation;TranslateGitLabUrlsInSourceControlInformation;TranslateAzureReposGitUrlsInSourceControlInformation") konum: C:\Program Files\dotnet\sdk\10.0.200-preview.0.26103.119\Sdks\Microsoft.SourceLink.Bitbucket.Git\build\Microsoft.SourceLink.Bitbucket.Git.targets (13,5)
       C:\Program Files\dotnet\sdk\10.0.200-preview.0.26103.119\Sdks\Microsoft.NET.Sdk\targets\Microsoft.NET.DesignerSupport.targets(21,5): message : Özellik yeniden ataması: $(DesignerRuntimeImplementationProjectOutputGroupDependsOn)="
       C:\Program Files\dotnet\sdk\10.0.200-preview.0.26103.119\Sdks\Microsoft.NET.Sdk\targets\Microsoft.NET.DesignerSupport.targets(21,5): message :       
       C:\Program Files\dotnet\sdk\10.0.200-preview.0.26103.119\Sdks\Microsoft.NET.Sdk\targets\Microsoft.NET.DesignerSupport.targets(21,5): message :       ;
       C:\Program Files\dotnet\sdk\10.0.200-preview.0.26103.119\Sdks\Microsoft.NET.Sdk\targets\Microsoft.NET.DesignerSupport.targets(21,5): message :       
       C:\Program Files\dotnet\sdk\10.0.200-preview.0.26103.119\Sdks\Microsoft.NET.Sdk\targets\Microsoft.NET.DesignerSupport.targets(21,5): message :       ;
       C:\Program Files\dotnet\sdk\10.0.200-preview.0.26103.119\Sdks\Microsoft.NET.Sdk\targets\Microsoft.NET.DesignerSupport.targets(21,5): message :       BuildOnlySettings;
       C:\Program Files\dotnet\sdk\10.0.200-preview.0.26103.119\Sdks\Microsoft.NET.Sdk\targets\Microsoft.NET.DesignerSupport.targets(21,5): message :       PrepareForBuild;
       C:\Program Files\dotnet\sdk\10.0.200-preview.0.26103.119\Sdks\Microsoft.NET.Sdk\targets\Microsoft.NET.DesignerSupport.targets(21,5): message :       AssignTargetPaths;
       C:\Program Files\dotnet\sdk\10.0.200-preview.0.26103.119\Sdks\Microsoft.NET.Sdk\targets\Microsoft.NET.DesignerSupport.targets(21,5): message :       ResolveReferences
       C:\Program Files\dotnet\sdk\10.0.200-preview.0.26103.119\Sdks\Microsoft.NET.Sdk\targets\Microsoft.NET.DesignerSupport.targets(21,5): message :     
       C:\Program Files\dotnet\sdk\10.0.200-preview.0.26103.119\Sdks\Microsoft.NET.Sdk\targets\Microsoft.NET.DesignerSupport.targets(21,5): message :     ;
       C:\Program Files\dotnet\sdk\10.0.200-preview.0.26103.119\Sdks\Microsoft.NET.Sdk\targets\Microsoft.NET.DesignerSupport.targets(21,5): message :       _GenerateDesignerDepsFile;
       C:\Program Files\dotnet\sdk\10.0.200-preview.0.26103.119\Sdks\Microsoft.NET.Sdk\targets\Microsoft.NET.DesignerSupport.targets(21,5): message :       _GenerateDesignerRuntimeConfigFile;
       C:\Program Files\dotnet\sdk\10.0.200-preview.0.26103.119\Sdks\Microsoft.NET.Sdk\targets\Microsoft.NET.DesignerSupport.targets(21,5): message :       GetCopyToOutputDirectoryItems;
       C:\Program Files\dotnet\sdk\10.0.200-preview.0.26103.119\Sdks\Microsoft.NET.Sdk\targets\Microsoft.NET.DesignerSupport.targets(21,5): message :       _GatherDesignerShadowCopyFiles;
       C:\Program Files\dotnet\sdk\10.0.200-preview.0.26103.119\Sdks\Microsoft.NET.Sdk\targets\Microsoft.NET.DesignerSupport.targets(21,5): message :     " (önceki değer: "
       C:\Program Files\dotnet\sdk\10.0.200-preview.0.26103.119\Sdks\Microsoft.NET.Sdk\targets\Microsoft.NET.DesignerSupport.targets(21,5): message :       ;
       C:\Program Files\dotnet\sdk\10.0.200-preview.0.26103.119\Sdks\Microsoft.NET.Sdk\targets\Microsoft.NET.DesignerSupport.targets(21,5): message :       
       C:\Program Files\dotnet\sdk\10.0.200-preview.0.26103.119\Sdks\Microsoft.NET.Sdk\targets\Microsoft.NET.DesignerSupport.targets(21,5): message :       ;
       C:\Program Files\dotnet\sdk\10.0.200-preview.0.26103.119\Sdks\Microsoft.NET.Sdk\targets\Microsoft.NET.DesignerSupport.targets(21,5): message :       BuildOnlySettings;
       C:\Program Files\dotnet\sdk\10.0.200-preview.0.26103.119\Sdks\Microsoft.NET.Sdk\targets\Microsoft.NET.DesignerSupport.targets(21,5): message :       PrepareForBuild;
       C:\Program Files\dotnet\sdk\10.0.200-preview.0.26103.119\Sdks\Microsoft.NET.Sdk\targets\Microsoft.NET.DesignerSupport.targets(21,5): message :       AssignTargetPaths;
       C:\Program Files\dotnet\sdk\10.0.200-preview.0.26103.119\Sdks\Microsoft.NET.Sdk\targets\Microsoft.NET.DesignerSupport.targets(21,5): message :       ResolveReferences
       C:\Program Files\dotnet\sdk\10.0.200-preview.0.26103.119\Sdks\Microsoft.NET.Sdk\targets\Microsoft.NET.DesignerSupport.targets(21,5): message :     
       C:\Program Files\dotnet\sdk\10.0.200-preview.0.26103.119\Sdks\Microsoft.NET.Sdk\targets\Microsoft.NET.DesignerSupport.targets(21,5): message :     ") konum: C:\Program Files\dotnet\sdk\10.0.200-preview.0.26103.119\Sdks\Microsoft.NET.Sdk\targets\Microsoft.NET.DesignerSupport.targets (21,5)
       C:\Program Files\dotnet\sdk\10.0.200-preview.0.26103.119\Sdks\Microsoft.NET.Sdk\targets\Microsoft.NET.Sdk.CSharp.targets(31,5): message : Özellik yeniden ataması: $(DefineConstants)="TRACE;DEBUG" (önceki değer: "TRACE") konum: C:\Program Files\dotnet\sdk\10.0.200-preview.0.26103.119\Sdks\Microsoft.NET.Sdk\targets\Microsoft.NET.Sdk.CSharp.targets (31,5)
       C:\Program Files\dotnet\sdk\10.0.200-preview.0.26103.119\Sdks\Microsoft.NET.Sdk\targets\Microsoft.NET.Sdk.CSharp.targets(45,5): message : Özellik yeniden ataması: $(WarningsAsErrors)=";NU1605;SYSLIB0011" (önceki değer: ";NU1605") konum: C:\Program Files\dotnet\sdk\10.0.200-preview.0.26103.119\Sdks\Microsoft.NET.Sdk\targets\Microsoft.NET.Sdk.CSharp.targets (45,5)
       C:\Program Files\dotnet\sdk\10.0.200-preview.0.26103.119\NuGet.Build.Tasks.Pack.targets(34,5): message : Özellik yeniden ataması: $(PackageDescription)="Package Description" (önceki değer: "") konum: C:\Program Files\dotnet\sdk\10.0.200-preview.0.26103.119\NuGet.Build.Tasks.Pack.targets (34,5)
       C:\Program Files\dotnet\sdk\10.0.200-preview.0.26103.119\NuGet.Build.Tasks.Pack.targets(59,5): message : Özellik yeniden ataması: $(GenerateNuspecDependsOn)="Build;_LoadPackInputItems; _GetTargetFrameworksOutput; _WalkEachTargetPerFramework; _GetPackageFiles; " (önceki değer: "_LoadPackInputItems; _GetTargetFrameworksOutput; _WalkEachTargetPerFramework; _GetPackageFiles; ") konum: C:\Program Files\dotnet\sdk\10.0.200-preview.0.26103.119\NuGet.Build.Tasks.Pack.targets (59,5)
       C:\Program Files\dotnet\sdk\10.0.200-preview.0.26103.119\Sdks\Microsoft.NET.Sdk\Sdk\Sdk.targets(59,5): message : Özellik yeniden ataması: $(_IsNotSetContainersTargetsDir)="true" (önceki değer: "false") konum: C:\Program Files\dotnet\sdk\10.0.200-preview.0.26103.119\Sdks\Microsoft.NET.Sdk\Sdk\Sdk.targets (59,5)
       C:\Program Files\dotnet\sdk\10.0.200-preview.0.26103.119\Containers\build\Microsoft.NET.Build.Containers.targets(5,5): message : Özellik yeniden ataması: $(_IsSDKContainerAllowedVersion)="true" (önceki değer: "false") konum: C:\Program Files\dotnet\sdk\10.0.200-preview.0.26103.119\Containers\build\Microsoft.NET.Build.Containers.targets (5,5)
       C:\Program Files\dotnet\sdk\10.0.200-preview.0.26103.119\Containers\build\Microsoft.NET.Build.Containers.targets(15,5): message : Özellik yeniden ataması: $(_ContainerIsTargetingNet8TFM)="true" (önceki değer: "false") konum: C:\Program Files\dotnet\sdk\10.0.200-preview.0.26103.119\Containers\build\Microsoft.NET.Build.Containers.targets (15,5)
       "C:\Program Files\dotnet\sdk\10.0.200-preview.0.26103.119\Sdks\Microsoft.NET.Sdk\targets\Microsoft.NET.Sdk.FrameworkReferenceResolution.targets" projesindeki "ResolveFrameworkReferences" hedefi kullanılarak "C:\Program Files\dotnet\sdk\10.0.200-preview.0.26103.119\Microsoft.Common.CurrentVersion.targets" projesindeki "ResolveFrameworkReferences" hedefinin üzerine yazılıyor.
       "C:\Program Files\dotnet\sdk\10.0.200-preview.0.26103.119\Sdks\Microsoft.NET.Sdk\targets\Microsoft.NET.Sdk.targets" projesindeki "GenerateSupportedTargetFrameworkAlias" hedefi kullanılarak "C:\Program Files\dotnet\sdk\10.0.200-preview.0.26103.119\Microsoft.Common.CurrentVersion.targets" projesindeki "GenerateSupportedTargetFrameworkAlias" hedefinin üzerine yazılıyor.
       "C:\Program Files\dotnet\sdk\10.0.200-preview.0.26103.119\Sdks\Microsoft.NET.Sdk\targets\Microsoft.NET.DisableStandardFrameworkResolution.targets" projesindeki "GetReferenceAssemblyPaths" hedefi kullanılarak "C:\Program Files\dotnet\sdk\10.0.200-preview.0.26103.119\Microsoft.Common.CurrentVersion.targets" projesindeki "GetReferenceAssemblyPaths" hedefinin üzerine yazılıyor.
       "C:\Program Files\dotnet\sdk\10.0.200-preview.0.26103.119\Sdks\Microsoft.NET.Sdk\targets\Microsoft.NET.DisableStandardFrameworkResolution.targets" projesindeki "GetFrameworkPaths" hedefi kullanılarak "C:\Program Files\dotnet\sdk\10.0.200-preview.0.26103.119\Microsoft.Common.CurrentVersion.targets" projesindeki "GetFrameworkPaths" hedefinin üzerine yazılıyor.
       "C:\Program Files\dotnet\sdk\10.0.200-preview.0.26103.119\Sdks\Microsoft.NET.Sdk\targets\Microsoft.NET.DesignerSupport.targets" projesindeki "DesignerRuntimeImplementationProjectOutputGroup" hedefi kullanılarak "C:\Program Files\dotnet\sdk\10.0.200-preview.0.26103.119\Microsoft.Common.CurrentVersion.targets" projesindeki "DesignerRuntimeImplementationProjectOutputGroup" hedefinin üzerine yazılıyor.
       "C:\Program Files\dotnet\sdk\10.0.200-preview.0.26103.119\Sdks\Microsoft.NET.Sdk\targets\Microsoft.NET.Publish.targets" projesindeki "Publish" hedefi kullanılarak "C:\Program Files\dotnet\sdk\10.0.200-preview.0.26103.119\Microsoft.Common.CurrentVersion.targets" projesindeki "Publish" hedefinin üzerine yazılıyor.
       "C:\Program Files\dotnet\sdk\10.0.200-preview.0.26103.119\Sdks\Microsoft.NET.Sdk\targets\Microsoft.NET.Publish.targets" projesindeki "ResolveReadyToRunCompilers" hedefi kullanılarak "C:\Program Files\dotnet\sdk\10.0.200-preview.0.26103.119\Sdks\Microsoft.NET.Sdk\targets\Microsoft.NET.CrossGen.targets" projesindeki "ResolveReadyToRunCompilers" hedefinin üzerine yazılıyor.
       "C:\Program Files\dotnet\sdk\10.0.200-preview.0.26103.119\Sdks\Microsoft.NET.Sdk\targets\Microsoft.NET.Publish.targets" projesindeki "GetCopyToPublishDirectoryItems" hedefi kullanılarak "C:\Program Files\dotnet\sdk\10.0.200-preview.0.26103.119\Microsoft.Common.CurrentVersion.targets" projesindeki "GetCopyToPublishDirectoryItems" hedefinin üzerine yazılıyor.
       "C:\Program Files\dotnet\sdk\10.0.200-preview.0.26103.119\Sdks\Microsoft.NET.Sdk\targets\Microsoft.NET.Sdk.targets" projesindeki "Run" hedefi kullanılarak "C:\Program Files\dotnet\sdk\10.0.200-preview.0.26103.119\Microsoft.Common.CurrentVersion.targets" projesindeki "Run" hedefinin üzerine yazılıyor.
   1:7>"c:\Users\ilhan\source\repos\StudyBuddy\StudyBuddy\Buddy.Application\Buddy.Application.csproj" projesi (1:7) 1 düğümünde "c:\Users\ilhan\source\repos\StudyBuddy\StudyBuddy\Buddy.Domain\Buddy.Domain.csproj" (2:5) oluşturuyor (GetTargetFrameworks hedef).
   2:5>"c:\Users\ilhan\source\repos\StudyBuddy\StudyBuddy\Buddy.Domain\Buddy.Domain.csproj" projesinin "C:\Program Files\dotnet\sdk\10.0.200-preview.0.26103.119\Sdks\Microsoft.NET.Sdk\targets\Microsoft.NET.Sdk.targets" dosyasındaki "_CalculateIsVSTestTestProject" hedefi ("GetTargetFrameworksWithPlatformForSingleTargetFramework" hedefi buna bağımlı):
   2:5>"Buddy.Domain.csproj" projesinde "_CalculateIsVSTestTestProject" hedefini oluşturma tamamlandı.
   2:5>"c:\Users\ilhan\source\repos\StudyBuddy\StudyBuddy\Buddy.Domain\Buddy.Domain.csproj" projesinin "C:\Program Files\dotnet\sdk\10.0.200-preview.0.26103.119\Microsoft.Common.CurrentVersion.targets" dosyasındaki "GetTargetFrameworksWithPlatformForSingleTargetFramework" hedefi ("GetTargetFrameworks" hedefi buna bağımlı):
       "Microsoft.Build.Tasks.Core, Version=15.1.0.0, Culture=neutral, PublicKeyToken=b03f5f7f11d50a3a" derlemesindeki "CombineTargetFrameworkInfoProperties" görevi kullanılıyor.
       "CombineTargetFrameworkInfoProperties" görevi
       "CombineTargetFrameworkInfoProperties" görevini yürütme tamamlandı.
   2:5>"Buddy.Domain.csproj" projesinde "GetTargetFrameworksWithPlatformForSingleTargetFramework" hedefini oluşturma tamamlandı.
   2:5>"c:\Users\ilhan\source\repos\StudyBuddy\StudyBuddy\Buddy.Domain\Buddy.Domain.csproj" projesinin "C:\Program Files\dotnet\sdk\10.0.200-preview.0.26103.119\Microsoft.Common.CurrentVersion.targets" dosyasındaki "GetTargetFrameworks" hedefi (giriş noktası):
       "Microsoft.Build.Tasks.Core, Version=15.1.0.0, Culture=neutral, PublicKeyToken=b03f5f7f11d50a3a" derlemesindeki "CombineXmlElements" görevi kullanılıyor.
       "CombineXmlElements" görevi
       "CombineXmlElements" görevini yürütme tamamlandı.
   2:5>"Buddy.Domain.csproj" projesinde "GetTargetFrameworks" hedefini oluşturma tamamlandı.
   2:5>"c:\Users\ilhan\source\repos\StudyBuddy\StudyBuddy\Buddy.Domain\Buddy.Domain.csproj" Projesini Oluşturma İşlemi Tamamlandı (GetTargetFrameworks hedef).
   1:7>"MSBuild" görevini yürütme tamamlandı.
       "C:\Program Files\dotnet\sdk\10.0.200-preview.0.26103.119\NuGet.Build.Tasks.dll" derlemesindeki "GetReferenceNearestTargetFrameworkTask" görevi kullanılıyor.
       "GetReferenceNearestTargetFrameworkTask" görevi
       "GetReferenceNearestTargetFrameworkTask" görevini yürütme tamamlandı.
       "Microsoft.Build.Tasks.Core, Version=15.1.0.0, Culture=neutral, PublicKeyToken=b03f5f7f11d50a3a" derlemesindeki "SetRidAgnosticValueForProjects" görevi kullanılıyor.
       "SetRidAgnosticValueForProjects" görevi
       "SetRidAgnosticValueForProjects" görevini yürütme tamamlandı.
   1:7>"Buddy.Application.csproj" projesinde "_GetProjectReferenceTargetFrameworkProperties" hedefini oluşturma tamamlandı.
   1:7>"c:\Users\ilhan\source\repos\StudyBuddy\StudyBuddy\Buddy.Application\Buddy.Application.csproj" projesinin "C:\Program Files\dotnet\sdk\10.0.200-preview.0.26103.119\Sdks\Microsoft.NET.Sdk\targets\Microsoft.NET.Sdk.targets" dosyasındaki "_CalculateIsVSTestTestProject" hedefi ("ValidateExecutableReferences" hedefi buna bağımlı):
   1:7>"Buddy.Application.csproj" projesinde "_CalculateIsVSTestTestProject" hedefini oluşturma tamamlandı.
   1:7>"c:\Users\ilhan\source\repos\StudyBuddy\StudyBuddy\Buddy.Application\Buddy.Application.csproj" projesinin "C:\Program Files\dotnet\sdk\10.0.200-preview.0.26103.119\Sdks\Microsoft.NET.Sdk\targets\Microsoft.NET.Sdk.targets" dosyasındaki "ValidateExecutableReferences" hedefi ("PrepareProjectReferences" hedefi buna bağımlı):
       "C:\Program Files\dotnet\sdk\10.0.200-preview.0.26103.119\Sdks\Microsoft.NET.Sdk\targets\..\tools\net10.0\Microsoft.NET.Build.Tasks.dll" derlemesindeki "ValidateExecutableReferences" görevi kullanılıyor.
       "ValidateExecutableReferences" görevi
       "ValidateExecutableReferences" görevini yürütme tamamlandı.
   1:7>"Buddy.Application.csproj" projesinde "ValidateExecutableReferences" hedefini oluşturma tamamlandı.
   1:7>"c:\Users\ilhan\source\repos\StudyBuddy\StudyBuddy\Buddy.Application\Buddy.Application.csproj" projesinin "C:\Program Files\dotnet\sdk\10.0.200-preview.0.26103.119\Microsoft.Common.CurrentVersion.targets" dosyasındaki "PrepareProjectReferences" hedefi ("CleanReferencedProjects" hedefi buna bağımlı):
   1:7>"Buddy.Application.csproj" projesinde "PrepareProjectReferences" hedefini oluşturma tamamlandı.
   1:7>"c:\Users\ilhan\source\repos\StudyBuddy\StudyBuddy\Buddy.Application\Buddy.Application.csproj" projesinin "C:\Program Files\dotnet\sdk\10.0.200-preview.0.26103.119\Microsoft.Common.CurrentVersion.targets" dosyasındaki "CleanReferencedProjects" hedefi ("Clean" hedefi buna bağımlı):
       "MSBuild" görevi
         "..\Buddy.Domain\Buddy.Domain.csproj" projesinin Özellikleri kaldırılıyor:
           TargetFramework
           RuntimeIdentifier
           SelfContained
   1:7>"c:\Users\ilhan\source\repos\StudyBuddy\StudyBuddy\Buddy.Application\Buddy.Application.csproj" projesi (1:7) 1 düğümünde "c:\Users\ilhan\source\repos\StudyBuddy\StudyBuddy\Buddy.Domain\Buddy.Domain.csproj" (2:6) oluşturuyor (Clean hedef).
   2:6>"c:\Users\ilhan\source\repos\StudyBuddy\StudyBuddy\Buddy.Domain\Buddy.Domain.csproj" projesinin "C:\Program Files\dotnet\sdk\10.0.200-preview.0.26103.119\Sdks\Microsoft.NET.Sdk\targets\Microsoft.NET.TargetFrameworkInference.targets" dosyasındaki "_CollectTargetFrameworkForTelemetry" hedefi ("_CheckForInvalidConfigurationAndPlatform" hedefi buna bağımlı):
   2:6>"C:\Program Files\dotnet\sdk\10.0.200-preview.0.26103.119\Sdks\Microsoft.NET.Sdk\targets\..\tools\net10.0\Microsoft.NET.Build.Tasks.dll" derlemesindeki "AllowEmptyTelemetry" görevi kullanılıyor.
       "AllowEmptyTelemetry" görevi
       "AllowEmptyTelemetry" görevini yürütme tamamlandı.
   2:6>"Buddy.Domain.csproj" projesinde "_CollectTargetFrameworkForTelemetry" hedefini oluşturma tamamlandı.
   2:6>"c:\Users\ilhan\source\repos\StudyBuddy\StudyBuddy\Buddy.Domain\Buddy.Domain.csproj" projesinin "C:\Program Files\dotnet\sdk\10.0.200-preview.0.26103.119\Sdks\Microsoft.NET.Sdk\targets\Microsoft.NET.TargetFrameworkInference.targets" dosyasındaki "_CheckForUnsupportedNETCoreVersion" hedefi ("_CheckForInvalidConfigurationAndPlatform" hedefi buna bağımlı):
   2:6>"Buddy.Domain.csproj" projesinde "_CheckForUnsupportedNETCoreVersion" hedefini oluşturma tamamlandı.
   2:6>"c:\Users\ilhan\source\repos\StudyBuddy\StudyBuddy\Buddy.Domain\Buddy.Domain.csproj" projesinin "C:\Program Files\dotnet\sdk\10.0.200-preview.0.26103.119\Sdks\Microsoft.NET.Sdk\targets\Microsoft.NET.TargetFrameworkInference.targets" dosyasındaki "_CheckForUnsupportedCppNETCoreVersion" hedefi ("_CheckForInvalidConfigurationAndPlatform" hedefi buna bağımlı):
   2:6>"Buddy.Domain.csproj" projesinde "_CheckForUnsupportedCppNETCoreVersion" hedefini oluşturma tamamlandı.
   2:6>"c:\Users\ilhan\source\repos\StudyBuddy\StudyBuddy\Buddy.Domain\Buddy.Domain.csproj" projesinin "C:\Program Files\dotnet\sdk\10.0.200-preview.0.26103.119\Sdks\Microsoft.NET.Sdk\targets\Microsoft.NET.DefaultOutputPaths.targets" dosyasındaki "_CheckForUnsupportedArtifactsPath" hedefi ("_CheckForInvalidConfigurationAndPlatform" hedefi buna bağımlı):
   2:6>"Buddy.Domain.csproj" projesinde "_CheckForUnsupportedArtifactsPath" hedefini oluşturma tamamlandı.
   2:6>"c:\Users\ilhan\source\repos\StudyBuddy\StudyBuddy\Buddy.Domain\Buddy.Domain.csproj" projesinin "C:\Program Files\dotnet\sdk\10.0.200-preview.0.26103.119\Sdks\Microsoft.NET.Sdk\targets\Microsoft.NET.RuntimeIdentifierInference.targets" dosyasındaki "_CheckForUnsupportedHostingUsage" hedefi ("_CheckForInvalidConfigurationAndPlatform" hedefi buna bağımlı):
   2:6>"Buddy.Domain.csproj" projesinde "_CheckForUnsupportedHostingUsage" hedefini oluşturma tamamlandı.
   2:6>"c:\Users\ilhan\source\repos\StudyBuddy\StudyBuddy\Buddy.Domain\Buddy.Domain.csproj" projesinin "C:\Program Files\dotnet\sdk\10.0.200-preview.0.26103.119\Sdks\Microsoft.NET.Sdk\targets\Microsoft.NET.RuntimeIdentifierInference.targets" dosyasındaki "_CheckAndUnsetUnsupportedPrefer32Bit" hedefi ("_CheckForInvalidConfigurationAndPlatform" hedefi buna bağımlı):
   2:6>"Buddy.Domain.csproj" projesinde "_CheckAndUnsetUnsupportedPrefer32Bit" hedefini oluşturma tamamlandı.
   2:6>"c:\Users\ilhan\source\repos\StudyBuddy\StudyBuddy\Buddy.Domain\Buddy.Domain.csproj" projesinin "C:\Program Files\dotnet\sdk\10.0.200-preview.0.26103.119\Sdks\Microsoft.NET.Sdk\targets\Microsoft.NET.RuntimeIdentifierInference.targets" dosyasındaki "_CheckForLanguageAndFeatureCombinationSupport" hedefi ("_CheckForInvalidConfigurationAndPlatform" hedefi buna bağımlı):
   2:6>"Buddy.Domain.csproj" projesinde "_CheckForLanguageAndFeatureCombinationSupport" hedefini oluşturma tamamlandı.
   2:6>"c:\Users\ilhan\source\repos\StudyBuddy\StudyBuddy\Buddy.Domain\Buddy.Domain.csproj" projesinin "C:\Program Files\dotnet\sdk\10.0.200-preview.0.26103.119\Sdks\Microsoft.NET.Sdk\targets\Microsoft.NET.RuntimeIdentifierInference.targets" dosyasındaki "_CheckForNETCoreSdkIsPreview" hedefi ("_CheckForInvalidConfigurationAndPlatform" hedefi buna bağımlı):
       "C:\Program Files\dotnet\sdk\10.0.200-preview.0.26103.119\Sdks\Microsoft.NET.Sdk\targets\..\tools\net10.0\Microsoft.NET.Build.Tasks.dll" derlemesindeki "ShowPreviewMessage" görevi kullanılıyor.
       "ShowPreviewMessage" görevi
       "ShowPreviewMessage" görevini yürütme tamamlandı.
   2:6>"Buddy.Domain.csproj" projesinde "_CheckForNETCoreSdkIsPreview" hedefini oluşturma tamamlandı.
   2:6>"c:\Users\ilhan\source\repos\StudyBuddy\StudyBuddy\Buddy.Domain\Buddy.Domain.csproj" projesinin "C:\Program Files\dotnet\sdk\10.0.200-preview.0.26103.119\Sdks\Microsoft.NET.Sdk\targets\Microsoft.NET.Sdk.DefaultItems.Shared.targets" dosyasındaki "CheckForImplicitPackageReferenceOverrides" hedefi ("CollectPackageReferences" hedefi buna bağımlı):
       "C:\Program Files\dotnet\sdk\10.0.200-preview.0.26103.119\Sdks\Microsoft.NET.Sdk\targets\..\tools\net10.0\Microsoft.NET.Build.Tasks.dll" derlemesindeki "CheckForImplicitPackageReferenceOverrides" görevi kullanılıyor.
       "CheckForImplicitPackageReferenceOverrides" görevi
       "CheckForImplicitPackageReferenceOverrides" görevini yürütme tamamlandı.
   2:6>"Buddy.Domain.csproj" projesinde "CheckForImplicitPackageReferenceOverrides" hedefini oluşturma tamamlandı.
   2:6>"c:\Users\ilhan\source\repos\StudyBuddy\StudyBuddy\Buddy.Domain\Buddy.Domain.csproj" projesinin "C:\Program Files\dotnet\sdk\10.0.200-preview.0.26103.119\Sdks\Microsoft.NET.Sdk\targets\Microsoft.NET.Publish.targets" dosyasındaki "_ComputeToolPackInputsToProcessFrameworkReferences" hedefi ("ProcessFrameworkReferences" hedefi buna bağımlı):
   2:6>"Buddy.Domain.csproj" projesinde "_ComputeToolPackInputsToProcessFrameworkReferences" hedefini oluşturma tamamlandı.
   2:6>"c:\Users\ilhan\source\repos\StudyBuddy\StudyBuddy\Buddy.Domain\Buddy.Domain.csproj" projesinin "C:\Program Files\dotnet\sdk\10.0.200-preview.0.26103.119\Sdks\Microsoft.NET.Sdk\targets\Microsoft.NET.Sdk.FrameworkReferenceResolution.targets" dosyasındaki "ProcessFrameworkReferences" hedefi ("CollectPackageReferences" hedefi buna bağımlı):
       "C:\Program Files\dotnet\sdk\10.0.200-preview.0.26103.119\Sdks\Microsoft.NET.Sdk\targets\..\tools\net10.0\Microsoft.NET.Build.Tasks.dll" derlemesindeki "CheckForDuplicateFrameworkReferences" görevi kullanılıyor.
       "CheckForDuplicateFrameworkReferences" görevi
       "CheckForDuplicateFrameworkReferences" görevini yürütme tamamlandı.
       "C:\Program Files\dotnet\sdk\10.0.200-preview.0.26103.119\Sdks\Microsoft.NET.Sdk\targets\..\tools\net10.0\Microsoft.NET.Build.Tasks.dll" derlemesindeki "ProcessFrameworkReferences" görevi kullanılıyor.
       "ProcessFrameworkReferences" görevi
         Found 1 known framework references for target framework .NETCoreApp
         Found 5 known runtime packs for target framework .NETCoreApp
         Selected Microsoft.NETCore.App with RIDs 'linux-arm;linux-arm64;linux-musl-arm64;linux-musl-x64;linux-x64;osx-x64;tizen.4.0.0-armel;tizen.5.0.0-armel;win-arm64;win-x64;win-x86;linux-musl-arm;osx-arm64;linux-s390x;linux-loongarch64;linux-bionic-arm;linux-bionic-arm64;linux-bionic-x64;linux-bionic-x86;linux-ppc64le;freebsd-x64;freebsd-arm64;linux-riscv64;linux-musl-riscv64;linux-musl-loongarch64;android-arm64;android-x64'
         Selected targeting pack 'Microsoft.NETCore.App@10.0.2'
         Added runtime framework 'Microsoft.NETCore.App@10.0.0'
         Selected Microsoft.WindowsDesktop.App with RIDs 'win-x64;win-x86;win-arm64'
         Selected targeting pack 'Microsoft.WindowsDesktop.App@10.0.2'
         Added runtime framework 'Microsoft.WindowsDesktop.App@10.0.0'
         Selected Microsoft.WindowsDesktop.App with RIDs 'win-x64;win-x86;win-arm64'
         Selected targeting pack 'Microsoft.WindowsDesktop.App.WPF@10.0.2'
         Added runtime framework 'Microsoft.WindowsDesktop.App@10.0.0'
         Selected Microsoft.WindowsDesktop.App with RIDs 'win-x64;win-x86;win-arm64'
         Selected targeting pack 'Microsoft.WindowsDesktop.App.WindowsForms@10.0.2'
         Added runtime framework 'Microsoft.WindowsDesktop.App@10.0.0'
         Selected Microsoft.AspNetCore.App with RIDs 'win-x64;win-x86;osx-x64;linux-musl-x64;linux-musl-arm64;linux-x64;linux-arm;linux-arm64;linux-musl-arm;win-arm64;osx-arm64;linux-s390x;linux-loongarch64;linux-ppc64le;freebsd-x64;freebsd-arm64;linux-riscv64;linux-musl-riscv64;linux-loongarch64;linux-musl-loongarch64'
         Selected targeting pack 'Microsoft.AspNetCore.App@10.0.2'
         Added runtime framework 'Microsoft.AspNetCore.App@10.0.0'
       "ProcessFrameworkReferences" görevini yürütme tamamlandı.
       "C:\Program Files\dotnet\sdk\10.0.200-preview.0.26103.119\Sdks\Microsoft.NET.Sdk\targets\..\tools\net10.0\Microsoft.NET.Build.Tasks.dll" derlemesindeki "ResolveAppHosts" görevi kullanılıyor.
       "ResolveAppHosts" görevi
       "ResolveAppHosts" görevini yürütme tamamlandı.
   2:6>"Buddy.Domain.csproj" projesinde "ProcessFrameworkReferences" hedefini oluşturma tamamlandı.
   2:6>"c:\Users\ilhan\source\repos\StudyBuddy\StudyBuddy\Buddy.Domain\Buddy.Domain.csproj" projesinin "C:\Program Files\dotnet\sdk\10.0.200-preview.0.26103.119\Sdks\Microsoft.NET.Sdk\targets\Microsoft.NET.ObsoleteReferences.targets" dosyasındaki "_CheckForObsoleteDotNetCliToolReferences" hedefi ("CollectPackageReferences" hedefi buna bağımlı):
   2:6>"Buddy.Domain.csproj" projesinde "_CheckForObsoleteDotNetCliToolReferences" hedefini oluşturma tamamlandı.
   2:6>"c:\Users\ilhan\source\repos\StudyBuddy\StudyBuddy\Buddy.Domain\Buddy.Domain.csproj" projesinin "C:\Program Files\dotnet\sdk\10.0.200-preview.0.26103.119\NuGet.targets" dosyasındaki "CollectPackageReferences" hedefi ("_GetRestoreProjectStyle" hedefi buna bağımlı):
       "C:\Program Files\dotnet\sdk\10.0.200-preview.0.26103.119\NuGet.Build.Tasks.dll" derlemesindeki "CheckForDuplicateNuGetItemsTask" görevi kullanılıyor.
       "CheckForDuplicateNuGetItemsTask" görevi
       "CheckForDuplicateNuGetItemsTask" görevini yürütme tamamlandı.
   2:6>"Buddy.Domain.csproj" projesinde "CollectPackageReferences" hedefini oluşturma tamamlandı.
   2:6>"c:\Users\ilhan\source\repos\StudyBuddy\StudyBuddy\Buddy.Domain\Buddy.Domain.csproj" projesinin "C:\Program Files\dotnet\sdk\10.0.200-preview.0.26103.119\NuGet.targets" dosyasındaki "_GetRestoreProjectStyle" hedefi ("EnableIntermediateOutputPathMismatchWarning" hedefi buna bağımlı):
       "C:\Program Files\dotnet\sdk\10.0.200-preview.0.26103.119\NuGet.Build.Tasks.dll" derlemesindeki "GetRestoreProjectStyleTask" görevi kullanılıyor.
       "GetRestoreProjectStyleTask" görevi
       "GetRestoreProjectStyleTask" görevini yürütme tamamlandı.
   2:6>"Buddy.Domain.csproj" projesinde "_GetRestoreProjectStyle" hedefini oluşturma tamamlandı.
   2:6>"c:\Users\ilhan\source\repos\StudyBuddy\StudyBuddy\Buddy.Domain\Buddy.Domain.csproj" projesinin "C:\Program Files\dotnet\sdk\10.0.200-preview.0.26103.119\NuGet.targets" dosyasındaki "EnableIntermediateOutputPathMismatchWarning" hedefi ("_CheckForInvalidConfigurationAndPlatform" hedefi buna bağımlı):
   2:6>"Buddy.Domain.csproj" projesinde "EnableIntermediateOutputPathMismatchWarning" hedefini oluşturma tamamlandı.
       "CheckForImplicitPackageReferenceOverrides" hedefi atlandı. Önceden başarılı bir şekilde derlenmişti.
   2:6>"c:\Users\ilhan\source\repos\StudyBuddy\StudyBuddy\Buddy.Domain\Buddy.Domain.csproj" projesinin "C:\Program Files\dotnet\sdk\10.0.200-preview.0.26103.119\Sdks\Microsoft.NET.Sdk\targets\Microsoft.NET.Sdk.DefaultItems.Shared.targets" dosyasındaki "CheckForDuplicateItems" hedefi ("_CheckForInvalidConfigurationAndPlatform" hedefi buna bağımlı):
       "C:\Program Files\dotnet\sdk\10.0.200-preview.0.26103.119\Sdks\Microsoft.NET.Sdk\targets\..\tools\net10.0\Microsoft.NET.Build.Tasks.dll" derlemesindeki "CheckForDuplicateItems" görevi kullanılıyor.
       "CheckForDuplicateItems" görevi
       "CheckForDuplicateItems" görevini yürütme tamamlandı.
       "CheckForDuplicateItems" görevi
       "CheckForDuplicateItems" görevini yürütme tamamlandı.
       "CheckForDuplicateItems" görevi
       "CheckForDuplicateItems" görevini yürütme tamamlandı.
   2:6>"Buddy.Domain.csproj" projesinde "CheckForDuplicateItems" hedefini oluşturma tamamlandı.
       "ProcessFrameworkReferences" hedefi atlandı. Önceden başarılı bir şekilde derlenmişti.
   2:6>"c:\Users\ilhan\source\repos\StudyBuddy\StudyBuddy\Buddy.Domain\Buddy.Domain.csproj" projesinin "C:\Program Files\dotnet\sdk\10.0.200-preview.0.26103.119\Microsoft.Common.CurrentVersion.targets" dosyasındaki "_CheckForInvalidConfigurationAndPlatform" hedefi ("BeforeClean" hedefi buna bağımlı):
       "Message" görevi
         Configuration=Debug
       "Message" görevini yürütme tamamlandı.
       "Message" görevi
         Platform=AnyCPU
       "Message" görevini yürütme tamamlandı.
   2:6>"Buddy.Domain.csproj" projesinde "_CheckForInvalidConfigurationAndPlatform" hedefini oluşturma tamamlandı.
   2:6>"c:\Users\ilhan\source\repos\StudyBuddy\StudyBuddy\Buddy.Domain\Buddy.Domain.csproj" projesinin "C:\Program Files\dotnet\sdk\10.0.200-preview.0.26103.119\Sdks\Microsoft.NET.Sdk\targets\Microsoft.NET.Sdk.targets" dosyasındaki "ValidateCommandLineProperties" hedefi ("BeforeClean" hedefi buna bağımlı):
   2:6>"Buddy.Domain.csproj" projesinde "ValidateCommandLineProperties" hedefini oluşturma tamamlandı.
   2:6>"c:\Users\ilhan\source\repos\StudyBuddy\StudyBuddy\Buddy.Domain\Buddy.Domain.csproj" projesinin "C:\Program Files\dotnet\sdk\10.0.200-preview.0.26103.119\Microsoft.Common.CurrentVersion.targets" dosyasındaki "BeforeClean" hedefi ("Clean" hedefi buna bağımlı):
   2:6>"Buddy.Domain.csproj" projesinde "BeforeClean" hedefini oluşturma tamamlandı.
   2:6>"c:\Users\ilhan\source\repos\StudyBuddy\StudyBuddy\Buddy.Domain\Buddy.Domain.csproj" projesinin "C:\Program Files\dotnet\sdk\10.0.200-preview.0.26103.119\Sdks\Microsoft.NET.Sdk\targets\Microsoft.NET.Sdk.targets" dosyasındaki "_SdkBeforeClean" hedefi ("CoreClean" hedefi buna bağımlı):
       C:\Program Files\dotnet\sdk\10.0.200-preview.0.26103.119\Sdks\Microsoft.NET.Sdk\targets\Microsoft.NET.Sdk.targets(494,7): message : Özellik yeniden ataması: $(EmitAssetsLogMessages)="false" (önceki değer: "true") konum: C:\Program Files\dotnet\sdk\10.0.200-preview.0.26103.119\Sdks\Microsoft.NET.Sdk\targets\Microsoft.NET.Sdk.targets (494,7) [c:\Users\ilhan\source\repos\StudyBuddy\StudyBuddy\Buddy.Domain\Buddy.Domain.csproj]
   2:6>"Buddy.Domain.csproj" projesinde "_SdkBeforeClean" hedefini oluşturma tamamlandı.
   2:6>"c:\Users\ilhan\source\repos\StudyBuddy\StudyBuddy\Buddy.Domain\Buddy.Domain.csproj" projesinin "C:\Program Files\dotnet\sdk\10.0.200-preview.0.26103.119\Microsoft.Common.CurrentVersion.targets" dosyasındaki "CoreClean" hedefi ("Clean" hedefi buna bağımlı):
       "Delete" görevi
       "Delete" görevini yürütme tamamlandı.
       "ReadLinesFromFile" görevi
       "ReadLinesFromFile" görevini yürütme tamamlandı.
       "FindUnderPath" görevi
         Karşılaştırma yolu: "bin\Debug\net10.0\".
       "FindUnderPath" görevini yürütme tamamlandı.
       "FindUnderPath" görevi
         Karşılaştırma yolu: "obj\Debug\net10.0\".
       "FindUnderPath" görevini yürütme tamamlandı.
       "Delete" görevi
         "C:\Users\ilhan\source\repos\StudyBuddy\StudyBuddy\Buddy.Domain\bin\Debug\net10.0\Buddy.Domain.deps.json" dosyası siliniyor.
         "C:\Users\ilhan\source\repos\StudyBuddy\StudyBuddy\Buddy.Domain\bin\Debug\net10.0\Buddy.Domain.dll" dosyası siliniyor.
         "C:\Users\ilhan\source\repos\StudyBuddy\StudyBuddy\Buddy.Domain\bin\Debug\net10.0\Buddy.Domain.pdb" dosyası siliniyor.
         "C:\Users\ilhan\source\repos\StudyBuddy\StudyBuddy\Buddy.Domain\obj\Debug\net10.0\Buddy.Domain.GeneratedMSBuildEditorConfig.editorconfig" dosyası siliniyor.
         "C:\Users\ilhan\source\repos\StudyBuddy\StudyBuddy\Buddy.Domain\obj\Debug\net10.0\Buddy.Domain.AssemblyInfoInputs.cache" dosyası siliniyor.
         "C:\Users\ilhan\source\repos\StudyBuddy\StudyBuddy\Buddy.Domain\obj\Debug\net10.0\Buddy.Domain.AssemblyInfo.cs" dosyası siliniyor.
         "C:\Users\ilhan\source\repos\StudyBuddy\StudyBuddy\Buddy.Domain\obj\Debug\net10.0\Buddy.Domain.csproj.CoreCompileInputs.cache" dosyası siliniyor.
         "C:\Users\ilhan\source\repos\StudyBuddy\StudyBuddy\Buddy.Domain\obj\Debug\net10.0\Buddy.Domain.dll" dosyası siliniyor.
         "C:\Users\ilhan\source\repos\StudyBuddy\StudyBuddy\Buddy.Domain\obj\Debug\net10.0\refint\Buddy.Domain.dll" dosyası siliniyor.
         "C:\Users\ilhan\source\repos\StudyBuddy\StudyBuddy\Buddy.Domain\obj\Debug\net10.0\Buddy.Domain.pdb" dosyası siliniyor.
         "C:\Users\ilhan\source\repos\StudyBuddy\StudyBuddy\Buddy.Domain\obj\Debug\net10.0\ref\Buddy.Domain.dll" dosyası siliniyor.
       "Delete" görevini yürütme tamamlandı.
       "RemoveDuplicates" görevi
       "RemoveDuplicates" görevini yürütme tamamlandı.
       "MakeDir" görevi
       "MakeDir" görevini yürütme tamamlandı.
       "WriteLinesToFile" görevi
       "WriteLinesToFile" görevini yürütme tamamlandı.
   2:6>"Buddy.Domain.csproj" projesinde "CoreClean" hedefini oluşturma tamamlandı.
   2:6>"c:\Users\ilhan\source\repos\StudyBuddy\StudyBuddy\Buddy.Domain\Buddy.Domain.csproj" projesinin "C:\Program Files\dotnet\sdk\10.0.200-preview.0.26103.119\Microsoft.Common.CurrentVersion.targets" dosyasındaki "IgnoreJavaScriptOutputAssembly" hedefi ("AssignProjectConfiguration" hedefi buna bağımlı):
   2:6>"Buddy.Domain.csproj" projesinde "IgnoreJavaScriptOutputAssembly" hedefini oluşturma tamamlandı.
       "ProcessFrameworkReferences" hedefi atlandı. Önceden başarılı bir şekilde derlenmişti.
   2:6>"c:\Users\ilhan\source\repos\StudyBuddy\StudyBuddy\Buddy.Domain\Buddy.Domain.csproj" projesinin "C:\Program Files\dotnet\sdk\10.0.200-preview.0.26103.119\Sdks\Microsoft.NET.Sdk\targets\Microsoft.NET.Sdk.Shared.targets" dosyasındaki "_DefaultMicrosoftNETPlatformLibrary" hedefi ("ResolvePackageAssets" hedefi buna bağımlı):
   2:6>"Buddy.Domain.csproj" projesinde "_DefaultMicrosoftNETPlatformLibrary" hedefini oluşturma tamamlandı.
   2:6>"c:\Users\ilhan\source\repos\StudyBuddy\StudyBuddy\Buddy.Domain\Buddy.Domain.csproj" projesinin "C:\Program Files\dotnet\sdk\10.0.200-preview.0.26103.119\Sdks\Microsoft.NET.Sdk\targets\Microsoft.NET.Sdk.Shared.targets" dosyasındaki "_ComputePackageReferencePublish" hedefi ("ResolvePackageAssets" hedefi buna bağımlı):
   2:6>"Buddy.Domain.csproj" projesinde "_ComputePackageReferencePublish" hedefini oluşturma tamamlandı.
   2:6>"c:\Users\ilhan\source\repos\StudyBuddy\StudyBuddy\Buddy.Domain\Buddy.Domain.csproj" projesinin "C:\Program Files\dotnet\sdk\10.0.200-preview.0.26103.119\Sdks\Microsoft.NET.Sdk\targets\Microsoft.PackageDependencyResolution.targets" dosyasındaki "ResolvePackageAssets" hedefi ("ResolveLockFileReferences" hedefi buna bağımlı):
       "C:\Program Files\dotnet\sdk\10.0.200-preview.0.26103.119\Sdks\Microsoft.NET.Sdk\targets\..\tools\net10.0\Microsoft.NET.Build.Tasks.dll" derlemesindeki "ResolvePackageAssets" görevi kullanılıyor.
       "ResolvePackageAssets" görevi
       "ResolvePackageAssets" görevini yürütme tamamlandı.
   2:6>"Buddy.Domain.csproj" projesinde "ResolvePackageAssets" hedefini oluşturma tamamlandı.
   2:6>"c:\Users\ilhan\source\repos\StudyBuddy\StudyBuddy\Buddy.Domain\Buddy.Domain.csproj" projesinin "C:\Program Files\dotnet\sdk\10.0.200-preview.0.26103.119\Sdks\Microsoft.NET.Sdk\targets\Microsoft.PackageDependencyResolution.targets" dosyasındaki "ResolveLockFileReferences" hedefi ("ResolvePackageDependenciesForBuild" hedefi buna bağımlı):
       "C:\Program Files\dotnet\sdk\10.0.200-preview.0.26103.119\Sdks\Microsoft.NET.Sdk\targets\..\tools\net10.0\Microsoft.NET.Build.Tasks.dll" derlemesindeki "JoinItems" görevi kullanılıyor.
       "JoinItems" görevi
       "JoinItems" görevini yürütme tamamlandı.
   2:6>"Buddy.Domain.csproj" projesinde "ResolveLockFileReferences" hedefini oluşturma tamamlandı.
       "ResolvePackageAssets" hedefi atlandı. Önceden başarılı bir şekilde derlenmişti.
   2:6>"c:\Users\ilhan\source\repos\StudyBuddy\StudyBuddy\Buddy.Domain\Buddy.Domain.csproj" projesinin "C:\Program Files\dotnet\sdk\10.0.200-preview.0.26103.119\Sdks\Microsoft.NET.Sdk\targets\Microsoft.PackageDependencyResolution.targets" dosyasındaki "ResolveLockFileAnalyzers" hedefi ("ResolvePackageDependenciesForBuild" hedefi buna bağımlı):
   2:6>"Buddy.Domain.csproj" projesinde "ResolveLockFileAnalyzers" hedefini oluşturma tamamlandı.
       "ResolvePackageAssets" hedefi atlandı. Önceden başarılı bir şekilde derlenmişti.
   2:6>"c:\Users\ilhan\source\repos\StudyBuddy\StudyBuddy\Buddy.Domain\Buddy.Domain.csproj" projesinin "C:\Program Files\dotnet\sdk\10.0.200-preview.0.26103.119\Sdks\Microsoft.NET.Sdk\targets\Microsoft.PackageDependencyResolution.targets" dosyasındaki "ResolveLockFileCopyLocalFiles" hedefi ("ResolvePackageDependenciesForBuild" hedefi buna bağımlı):
   2:6>"Buddy.Domain.csproj" projesinde "ResolveLockFileCopyLocalFiles" hedefini oluşturma tamamlandı.
       "ResolvePackageAssets" hedefi atlandı. Önceden başarılı bir şekilde derlenmişti.
   2:6>"c:\Users\ilhan\source\repos\StudyBuddy\StudyBuddy\Buddy.Domain\Buddy.Domain.csproj" projesinin "C:\Program Files\dotnet\sdk\10.0.200-preview.0.26103.119\Sdks\Microsoft.NET.Sdk\targets\Microsoft.PackageDependencyResolution.targets" dosyasındaki "IncludeTransitiveProjectReferences" hedefi ("ResolvePackageDependenciesForBuild" hedefi buna bağımlı):
   2:6>"Buddy.Domain.csproj" projesinde "IncludeTransitiveProjectReferences" hedefini oluşturma tamamlandı.
   2:6>"c:\Users\ilhan\source\repos\StudyBuddy\StudyBuddy\Buddy.Domain\Buddy.Domain.csproj" projesinin "C:\Program Files\dotnet\sdk\10.0.200-preview.0.26103.119\Sdks\Microsoft.NET.Sdk\targets\Microsoft.PackageDependencyResolution.targets" dosyasındaki "ResolvePackageDependenciesForBuild" hedefi ("AssignProjectConfiguration" hedefi buna bağımlı):
   2:6>"Buddy.Domain.csproj" projesinde "ResolvePackageDependenciesForBuild" hedefini oluşturma tamamlandı.
   2:6>"c:\Users\ilhan\source\repos\StudyBuddy\StudyBuddy\Buddy.Domain\Buddy.Domain.csproj" projesinin "C:\Program Files\dotnet\sdk\10.0.200-preview.0.26103.119\Microsoft.Common.CurrentVersion.targets" dosyasındaki "_SplitProjectReferencesByFileExistence" hedefi ("PrepareProjectReferences" hedefi buna bağımlı):
   2:6>"Buddy.Domain.csproj" projesinde "_SplitProjectReferencesByFileExistence" hedefini oluşturma tamamlandı.
   2:6>"c:\Users\ilhan\source\repos\StudyBuddy\StudyBuddy\Buddy.Domain\Buddy.Domain.csproj" projesinin "C:\Program Files\dotnet\sdk\10.0.200-preview.0.26103.119\Microsoft.Common.CurrentVersion.targets" dosyasındaki "_AddOutputPathToGlobalPropertiesToRemove" hedefi ("_GetProjectReferenceTargetFrameworkProperties" hedefi buna bağımlı):
   2:6>"Buddy.Domain.csproj" projesinde "_AddOutputPathToGlobalPropertiesToRemove" hedefini oluşturma tamamlandı.
   2:6>"c:\Users\ilhan\source\repos\StudyBuddy\StudyBuddy\Buddy.Domain\Buddy.Domain.csproj" projesinin "C:\Program Files\dotnet\sdk\10.0.200-preview.0.26103.119\Microsoft.Common.CurrentVersion.targets" dosyasındaki "_GetProjectReferenceTargetFrameworkProperties" hedefi ("PrepareProjectReferences" hedefi buna bağımlı):
       "MSBuild" görevi
       "MSBuild" görevini yürütme tamamlandı.
       "SetRidAgnosticValueForProjects" görevi
       "SetRidAgnosticValueForProjects" görevini yürütme tamamlandı.
   2:6>"Buddy.Domain.csproj" projesinde "_GetProjectReferenceTargetFrameworkProperties" hedefini oluşturma tamamlandı.
       "_CalculateIsVSTestTestProject" hedefi atlandı. Önceden başarılı bir şekilde derlenmişti.
   2:6>"c:\Users\ilhan\source\repos\StudyBuddy\StudyBuddy\Buddy.Domain\Buddy.Domain.csproj" projesinin "C:\Program Files\dotnet\sdk\10.0.200-preview.0.26103.119\Sdks\Microsoft.NET.Sdk\targets\Microsoft.NET.Sdk.targets" dosyasındaki "ValidateExecutableReferences" hedefi ("PrepareProjectReferences" hedefi buna bağımlı):
       "C:\Program Files\dotnet\sdk\10.0.200-preview.0.26103.119\Sdks\Microsoft.NET.Sdk\targets\..\tools\net10.0\Microsoft.NET.Build.Tasks.dll" derlemesindeki "ValidateExecutableReferences" görevi kullanılıyor.
       "ValidateExecutableReferences" görevi
       "ValidateExecutableReferences" görevini yürütme tamamlandı.
   2:6>"Buddy.Domain.csproj" projesinde "ValidateExecutableReferences" hedefini oluşturma tamamlandı.
   2:6>"c:\Users\ilhan\source\repos\StudyBuddy\StudyBuddy\Buddy.Domain\Buddy.Domain.csproj" projesinin "C:\Program Files\dotnet\sdk\10.0.200-preview.0.26103.119\Microsoft.Common.CurrentVersion.targets" dosyasındaki "PrepareProjectReferences" hedefi ("CleanReferencedProjects" hedefi buna bağımlı):
   2:6>"Buddy.Domain.csproj" projesinde "PrepareProjectReferences" hedefini oluşturma tamamlandı.
   2:6>"c:\Users\ilhan\source\repos\StudyBuddy\StudyBuddy\Buddy.Domain\Buddy.Domain.csproj" projesinin "C:\Program Files\dotnet\sdk\10.0.200-preview.0.26103.119\Microsoft.Common.CurrentVersion.targets" dosyasındaki "CleanReferencedProjects" hedefi ("Clean" hedefi buna bağımlı):
   2:6>"Buddy.Domain.csproj" projesinde "CleanReferencedProjects" hedefini oluşturma tamamlandı.
   2:6>"c:\Users\ilhan\source\repos\StudyBuddy\StudyBuddy\Buddy.Domain\Buddy.Domain.csproj" projesinin "C:\Program Files\dotnet\sdk\10.0.200-preview.0.26103.119\Microsoft.Common.CurrentVersion.targets" dosyasındaki "CleanPublishFolder" hedefi ("Clean" hedefi buna bağımlı):
   2:6>"Buddy.Domain.csproj" projesinde "CleanPublishFolder" hedefini oluşturma tamamlandı.
   2:6>"c:\Users\ilhan\source\repos\StudyBuddy\StudyBuddy\Buddy.Domain\Buddy.Domain.csproj" projesinin "C:\Program Files\dotnet\sdk\10.0.200-preview.0.26103.119\Microsoft.Common.CurrentVersion.targets" dosyasındaki "AfterClean" hedefi ("Clean" hedefi buna bağımlı):
   2:6>"Buddy.Domain.csproj" projesinde "AfterClean" hedefini oluşturma tamamlandı.
       "_CheckForInvalidConfigurationAndPlatform" hedefi atlandı. Önceden başarılı bir şekilde derlenmişti.
       "_CheckForInvalidConfigurationAndPlatform" hedefi atlandı. Önceden başarılı bir şekilde derlenmişti.
   2:6>"c:\Users\ilhan\source\repos\StudyBuddy\StudyBuddy\Buddy.Domain\Buddy.Domain.csproj" projesinin "C:\Program Files\dotnet\sdk\10.0.200-preview.0.26103.119\Microsoft.Common.CurrentVersion.targets" dosyasındaki "Clean" hedefi (giriş noktası):
   2:6>"Buddy.Domain.csproj" projesinde "Clean" hedefini oluşturma tamamlandı.
   2:6>"c:\Users\ilhan\source\repos\StudyBuddy\StudyBuddy\Buddy.Domain\Buddy.Domain.csproj" Projesini Oluşturma İşlemi Tamamlandı (Clean hedef).
   1:7>"MSBuild" görevini yürütme tamamlandı.
   1:7>"Buddy.Application.csproj" projesinde "CleanReferencedProjects" hedefini oluşturma tamamlandı.
   1:7>"c:\Users\ilhan\source\repos\StudyBuddy\StudyBuddy\Buddy.Application\Buddy.Application.csproj" projesinin "C:\Program Files\dotnet\sdk\10.0.200-preview.0.26103.119\Microsoft.Common.CurrentVersion.targets" dosyasındaki "CleanPublishFolder" hedefi ("Clean" hedefi buna bağımlı):
   1:7>"Buddy.Application.csproj" projesinde "CleanPublishFolder" hedefini oluşturma tamamlandı.
   1:7>"c:\Users\ilhan\source\repos\StudyBuddy\StudyBuddy\Buddy.Application\Buddy.Application.csproj" projesinin "C:\Program Files\dotnet\sdk\10.0.200-preview.0.26103.119\Microsoft.Common.CurrentVersion.targets" dosyasındaki "AfterClean" hedefi ("Clean" hedefi buna bağımlı):
   1:7>"Buddy.Application.csproj" projesinde "AfterClean" hedefini oluşturma tamamlandı.
   1:7>"c:\Users\ilhan\source\repos\StudyBuddy\StudyBuddy\Buddy.Application\Buddy.Application.csproj" projesinin "C:\Program Files\dotnet\sdk\10.0.200-preview.0.26103.119\Microsoft.Common.CurrentVersion.targets" dosyasındaki "Clean" hedefi ("Rebuild" hedefi buna bağımlı):
   1:7>"Buddy.Application.csproj" projesinde "Clean" hedefini oluşturma tamamlandı.
   1:7>"c:\Users\ilhan\source\repos\StudyBuddy\StudyBuddy\Buddy.Application\Buddy.Application.csproj" projesinin "C:\Program Files\dotnet\sdk\10.0.200-preview.0.26103.119\Microsoft.Common.CurrentVersion.targets" dosyasındaki "BeforeBuild" hedefi ("Build" hedefi buna bağımlı):
   1:7>"Buddy.Application.csproj" projesinde "BeforeBuild" hedefini oluşturma tamamlandı.
   1:7>"c:\Users\ilhan\source\repos\StudyBuddy\StudyBuddy\Buddy.Application\Buddy.Application.csproj" projesinin "C:\Program Files\dotnet\sdk\10.0.200-preview.0.26103.119\Microsoft.Common.CurrentVersion.targets" dosyasındaki "BuildOnlySettings" hedefi ("CoreBuild" hedefi buna bağımlı):
       C:\Program Files\dotnet\sdk\10.0.200-preview.0.26103.119\Microsoft.Common.CurrentVersion.targets(1168,7): message : Özellik yeniden ataması: $(BuildingProject)="true" (önceki değer: "false") konum: C:\Program Files\dotnet\sdk\10.0.200-preview.0.26103.119\Microsoft.Common.CurrentVersion.targets (1168,7) [c:\Users\ilhan\source\repos\StudyBuddy\StudyBuddy\Buddy.Application\Buddy.Application.csproj]
   1:7>"Buddy.Application.csproj" projesinde "BuildOnlySettings" hedefini oluşturma tamamlandı.
   1:7>"c:\Users\ilhan\source\repos\StudyBuddy\StudyBuddy\Buddy.Application\Buddy.Application.csproj" projesinin "C:\Program Files\dotnet\sdk\10.0.200-preview.0.26103.119\Sdks\Microsoft.NET.Sdk\targets\Microsoft.NET.DisableStandardFrameworkResolution.targets" dosyasındaki "GetFrameworkPaths" hedefi ("PrepareForBuild" hedefi buna bağımlı):
   1:7>"Buddy.Application.csproj" projesinde "GetFrameworkPaths" hedefini oluşturma tamamlandı.
   1:7>"c:\Users\ilhan\source\repos\StudyBuddy\StudyBuddy\Buddy.Application\Buddy.Application.csproj" projesinin "C:\Program Files\dotnet\sdk\10.0.200-preview.0.26103.119\Sdks\Microsoft.NET.Sdk\targets\Microsoft.NET.DisableStandardFrameworkResolution.targets" dosyasındaki "GetReferenceAssemblyPaths" hedefi ("PrepareForBuild" hedefi buna bağımlı):
   1:7>"Buddy.Application.csproj" projesinde "GetReferenceAssemblyPaths" hedefini oluşturma tamamlandı.
   1:7>"c:\Users\ilhan\source\repos\StudyBuddy\StudyBuddy\Buddy.Application\Buddy.Application.csproj" projesinin "C:\Program Files\dotnet\sdk\10.0.200-preview.0.26103.119\Microsoft.Common.CurrentVersion.targets" dosyasındaki "PrepareForBuild" hedefi ("CoreBuild" hedefi buna bağımlı):
       "Microsoft.Build.Tasks.Core, Version=15.1.0.0, Culture=neutral, PublicKeyToken=b03f5f7f11d50a3a" derlemesindeki "FindAppConfigFile" görevi kullanılıyor.
       "FindAppConfigFile" görevi
       "FindAppConfigFile" görevini yürütme tamamlandı.
       "MakeDir" görevi
       "MakeDir" görevini yürütme tamamlandı.
   1:7>"Buddy.Application.csproj" projesinde "PrepareForBuild" hedefini oluşturma tamamlandı.
   1:7>"c:\Users\ilhan\source\repos\StudyBuddy\StudyBuddy\Buddy.Application\Buddy.Application.csproj" projesinin "C:\Program Files\dotnet\sdk\10.0.200-preview.0.26103.119\Sdks\Microsoft.NET.Sdk\targets\Microsoft.NET.Sdk.BeforeCommon.targets" dosyasındaki "GenerateTargetFrameworkDefineConstants" hedefi ("AddImplicitDefineConstants" hedefi buna bağımlı):
   1:7>"Buddy.Application.csproj" projesinde "GenerateTargetFrameworkDefineConstants" hedefini oluşturma tamamlandı.
   1:7>"c:\Users\ilhan\source\repos\StudyBuddy\StudyBuddy\Buddy.Application\Buddy.Application.csproj" projesinin "C:\Program Files\dotnet\sdk\10.0.200-preview.0.26103.119\Sdks\Microsoft.NET.Sdk\targets\Microsoft.NET.Sdk.BeforeCommon.targets" dosyasındaki "GenerateNETCompatibleDefineConstants" hedefi ("AddImplicitDefineConstants" hedefi buna bağımlı):
   1:7>"Buddy.Application.csproj" projesinde "GenerateNETCompatibleDefineConstants" hedefini oluşturma tamamlandı.
   1:7>"c:\Users\ilhan\source\repos\StudyBuddy\StudyBuddy\Buddy.Application\Buddy.Application.csproj" projesinin "C:\Program Files\dotnet\sdk\10.0.200-preview.0.26103.119\Sdks\Microsoft.NET.Sdk\targets\Microsoft.NET.Sdk.BeforeCommon.targets" dosyasındaki "AddImplicitDefineConstants" hedefi ("CoreBuild" hedefi buna bağımlı):
       C:\Program Files\dotnet\sdk\10.0.200-preview.0.26103.119\Sdks\Microsoft.NET.Sdk\targets\Microsoft.NET.Sdk.BeforeCommon.targets(295,7): message : Özellik yeniden ataması: $(DefineConstants)="TRACE;DEBUG;NET;NET10_0;NETCOREAPP;NET5_0_OR_GREATER;NET6_0_OR_GREATER;NET7_0_OR_GREATER;NET8_0_OR_GREATER;NET9_0_OR_GREATER;NET10_0_OR_GREATER;NETCOREAPP1_0_OR_GREATER;NETCOREAPP1_1_OR_GREATER;NETCOREAPP2_0_OR_GREATER;NETCOREAPP2_1_OR_GREATER;NETCOREAPP2_2_OR_GREATER;NETCOREAPP3_0_OR_GREATER;NETCOREAPP3_1_OR_GREATER" (önceki değer: "TRACE;DEBUG") konum: C:\Program Files\dotnet\sdk\10.0.200-preview.0.26103.119\Sdks\Microsoft.NET.Sdk\targets\Microsoft.NET.Sdk.BeforeCommon.targets (295,7) [c:\Users\ilhan\source\repos\StudyBuddy\StudyBuddy\Buddy.Application\Buddy.Application.csproj]
   1:7>"Buddy.Application.csproj" projesinde "AddImplicitDefineConstants" hedefini oluşturma tamamlandı.
   1:7>"c:\Users\ilhan\source\repos\StudyBuddy\StudyBuddy\Buddy.Application\Buddy.Application.csproj" projesinin "C:\Program Files\dotnet\sdk\10.0.200-preview.0.26103.119\Sdks\Microsoft.NET.Sdk\targets\Microsoft.NET.GenerateGlobalUsings.targets" dosyasındaki "GenerateGlobalUsings" hedefi ("CoreBuild" hedefi buna bağımlı):
       "C:\Program Files\dotnet\sdk\10.0.200-preview.0.26103.119\Sdks\Microsoft.NET.Sdk\targets\..\tools\net10.0\Microsoft.NET.Build.Tasks.dll" derlemesindeki "GenerateGlobalUsings" görevi kullanılıyor.
       "GenerateGlobalUsings" görevi
       "GenerateGlobalUsings" görevini yürütme tamamlandı.
       "WriteLinesToFile" görevi
         İçerik değişmeyeceğinden "c:\Users\ilhan\source\repos\StudyBuddy\StudyBuddy\Buddy.Application\obj\Debug\net10.0\Buddy.Application.GlobalUsings.g.cs" dosyası üzerine yazma işlemi atlanacak.
       "WriteLinesToFile" görevini yürütme tamamlandı.
   1:7>"Buddy.Application.csproj" projesinde "GenerateGlobalUsings" hedefini oluşturma tamamlandı.
   1:7>"c:\Users\ilhan\source\repos\StudyBuddy\StudyBuddy\Buddy.Application\Buddy.Application.csproj" projesinin "C:\Program Files\dotnet\sdk\10.0.200-preview.0.26103.119\Microsoft.Common.CurrentVersion.targets" dosyasındaki "BeforeResolveReferences" hedefi ("ResolveReferences" hedefi buna bağımlı):
   1:7>"Buddy.Application.csproj" projesinde "BeforeResolveReferences" hedefini oluşturma tamamlandı.
       "AssignProjectConfiguration" hedefi atlandı. Önceden başarılı bir şekilde derlenmişti.
       "PrepareProjectReferences" hedefi atlandı. Önceden başarılı bir şekilde derlenmişti.
   1:7>"c:\Users\ilhan\source\repos\StudyBuddy\StudyBuddy\Buddy.Application\Buddy.Application.csproj" projesinin "C:\Program Files\dotnet\sdk\10.0.200-preview.0.26103.119\Microsoft.Common.CurrentVersion.targets" dosyasındaki "ResolveProjectReferences" hedefi ("ResolveReferences" hedefi buna bağımlı):
       "MSBuild" görevi
         "..\Buddy.Domain\Buddy.Domain.csproj" projesinin Özellikleri kaldırılıyor:
           TargetFramework
           RuntimeIdentifier
           SelfContained
   1:7>"c:\Users\ilhan\source\repos\StudyBuddy\StudyBuddy\Buddy.Application\Buddy.Application.csproj" projesi (1:7) 1 düğümünde "c:\Users\ilhan\source\repos\StudyBuddy\StudyBuddy\Buddy.Domain\Buddy.Domain.csproj" (2:7) oluşturuyor (varsayılan hedefler).
   2:7>"c:\Users\ilhan\source\repos\StudyBuddy\StudyBuddy\Buddy.Domain\Buddy.Domain.csproj" projesinin "C:\Program Files\dotnet\sdk\10.0.200-preview.0.26103.119\Microsoft.Common.CurrentVersion.targets" dosyasındaki "BeforeBuild" hedefi ("Build" hedefi buna bağımlı):
   2:7>"Buddy.Domain.csproj" projesinde "BeforeBuild" hedefini oluşturma tamamlandı.
   2:7>"c:\Users\ilhan\source\repos\StudyBuddy\StudyBuddy\Buddy.Domain\Buddy.Domain.csproj" projesinin "C:\Program Files\dotnet\sdk\10.0.200-preview.0.26103.119\Microsoft.Common.CurrentVersion.targets" dosyasındaki "BuildOnlySettings" hedefi ("CoreBuild" hedefi buna bağımlı):
       C:\Program Files\dotnet\sdk\10.0.200-preview.0.26103.119\Microsoft.Common.CurrentVersion.targets(1168,7): message : Özellik yeniden ataması: $(BuildingProject)="true" (önceki değer: "false") konum: C:\Program Files\dotnet\sdk\10.0.200-preview.0.26103.119\Microsoft.Common.CurrentVersion.targets (1168,7) [c:\Users\ilhan\source\repos\StudyBuddy\StudyBuddy\Buddy.Domain\Buddy.Domain.csproj]
   2:7>"Buddy.Domain.csproj" projesinde "BuildOnlySettings" hedefini oluşturma tamamlandı.
   2:7>"c:\Users\ilhan\source\repos\StudyBuddy\StudyBuddy\Buddy.Domain\Buddy.Domain.csproj" projesinin "C:\Program Files\dotnet\sdk\10.0.200-preview.0.26103.119\Sdks\Microsoft.NET.Sdk\targets\Microsoft.NET.DisableStandardFrameworkResolution.targets" dosyasındaki "GetFrameworkPaths" hedefi ("PrepareForBuild" hedefi buna bağımlı):
   2:7>"Buddy.Domain.csproj" projesinde "GetFrameworkPaths" hedefini oluşturma tamamlandı.
   2:7>"c:\Users\ilhan\source\repos\StudyBuddy\StudyBuddy\Buddy.Domain\Buddy.Domain.csproj" projesinin "C:\Program Files\dotnet\sdk\10.0.200-preview.0.26103.119\Sdks\Microsoft.NET.Sdk\targets\Microsoft.NET.DisableStandardFrameworkResolution.targets" dosyasındaki "GetReferenceAssemblyPaths" hedefi ("PrepareForBuild" hedefi buna bağımlı):
   2:7>"Buddy.Domain.csproj" projesinde "GetReferenceAssemblyPaths" hedefini oluşturma tamamlandı.
   2:7>"c:\Users\ilhan\source\repos\StudyBuddy\StudyBuddy\Buddy.Domain\Buddy.Domain.csproj" projesinin "C:\Program Files\dotnet\sdk\10.0.200-preview.0.26103.119\Microsoft.Common.CurrentVersion.targets" dosyasındaki "PrepareForBuild" hedefi ("CoreBuild" hedefi buna bağımlı):
       "FindAppConfigFile" görevi
       "FindAppConfigFile" görevini yürütme tamamlandı.
       "MakeDir" görevi
       "MakeDir" görevini yürütme tamamlandı.
   2:7>"Buddy.Domain.csproj" projesinde "PrepareForBuild" hedefini oluşturma tamamlandı.
   2:7>"c:\Users\ilhan\source\repos\StudyBuddy\StudyBuddy\Buddy.Domain\Buddy.Domain.csproj" projesinin "C:\Program Files\dotnet\sdk\10.0.200-preview.0.26103.119\Sdks\Microsoft.NET.Sdk\targets\Microsoft.NET.Sdk.BeforeCommon.targets" dosyasındaki "GenerateTargetFrameworkDefineConstants" hedefi ("AddImplicitDefineConstants" hedefi buna bağımlı):
   2:7>"Buddy.Domain.csproj" projesinde "GenerateTargetFrameworkDefineConstants" hedefini oluşturma tamamlandı.
   2:7>"c:\Users\ilhan\source\repos\StudyBuddy\StudyBuddy\Buddy.Domain\Buddy.Domain.csproj" projesinin "C:\Program Files\dotnet\sdk\10.0.200-preview.0.26103.119\Sdks\Microsoft.NET.Sdk\targets\Microsoft.NET.Sdk.BeforeCommon.targets" dosyasındaki "GenerateNETCompatibleDefineConstants" hedefi ("AddImplicitDefineConstants" hedefi buna bağımlı):
   2:7>"Buddy.Domain.csproj" projesinde "GenerateNETCompatibleDefineConstants" hedefini oluşturma tamamlandı.
   2:7>"c:\Users\ilhan\source\repos\StudyBuddy\StudyBuddy\Buddy.Domain\Buddy.Domain.csproj" projesinin "C:\Program Files\dotnet\sdk\10.0.200-preview.0.26103.119\Sdks\Microsoft.NET.Sdk\targets\Microsoft.NET.Sdk.BeforeCommon.targets" dosyasındaki "AddImplicitDefineConstants" hedefi ("CoreBuild" hedefi buna bağımlı):
       C:\Program Files\dotnet\sdk\10.0.200-preview.0.26103.119\Sdks\Microsoft.NET.Sdk\targets\Microsoft.NET.Sdk.BeforeCommon.targets(295,7): message : Özellik yeniden ataması: $(DefineConstants)="TRACE;DEBUG;NET;NET10_0;NETCOREAPP;NET5_0_OR_GREATER;NET6_0_OR_GREATER;NET7_0_OR_GREATER;NET8_0_OR_GREATER;NET9_0_OR_GREATER;NET10_0_OR_GREATER;NETCOREAPP1_0_OR_GREATER;NETCOREAPP1_1_OR_GREATER;NETCOREAPP2_0_OR_GREATER;NETCOREAPP2_1_OR_GREATER;NETCOREAPP2_2_OR_GREATER;NETCOREAPP3_0_OR_GREATER;NETCOREAPP3_1_OR_GREATER" (önceki değer: "TRACE;DEBUG") konum: C:\Program Files\dotnet\sdk\10.0.200-preview.0.26103.119\Sdks\Microsoft.NET.Sdk\targets\Microsoft.NET.Sdk.BeforeCommon.targets (295,7) [c:\Users\ilhan\source\repos\StudyBuddy\StudyBuddy\Buddy.Domain\Buddy.Domain.csproj]
   2:7>"Buddy.Domain.csproj" projesinde "AddImplicitDefineConstants" hedefini oluşturma tamamlandı.
   2:7>"c:\Users\ilhan\source\repos\StudyBuddy\StudyBuddy\Buddy.Domain\Buddy.Domain.csproj" projesinin "C:\Program Files\dotnet\sdk\10.0.200-preview.0.26103.119\Sdks\Microsoft.NET.Sdk\targets\Microsoft.NET.GenerateGlobalUsings.targets" dosyasındaki "GenerateGlobalUsings" hedefi ("CoreBuild" hedefi buna bağımlı):
       "C:\Program Files\dotnet\sdk\10.0.200-preview.0.26103.119\Sdks\Microsoft.NET.Sdk\targets\..\tools\net10.0\Microsoft.NET.Build.Tasks.dll" derlemesindeki "GenerateGlobalUsings" görevi kullanılıyor.
       "GenerateGlobalUsings" görevi
       "GenerateGlobalUsings" görevini yürütme tamamlandı.
       "WriteLinesToFile" görevi
         İçerik değişmeyeceğinden "c:\Users\ilhan\source\repos\StudyBuddy\StudyBuddy\Buddy.Domain\obj\Debug\net10.0\Buddy.Domain.GlobalUsings.g.cs" dosyası üzerine yazma işlemi atlanacak.
       "WriteLinesToFile" görevini yürütme tamamlandı.
   2:7>"Buddy.Domain.csproj" projesinde "GenerateGlobalUsings" hedefini oluşturma tamamlandı.
   2:7>"c:\Users\ilhan\source\repos\StudyBuddy\StudyBuddy\Buddy.Domain\Buddy.Domain.csproj" projesinin "C:\Program Files\dotnet\sdk\10.0.200-preview.0.26103.119\Microsoft.Common.CurrentVersion.targets" dosyasındaki "BeforeResolveReferences" hedefi ("ResolveReferences" hedefi buna bağımlı):
   2:7>"Buddy.Domain.csproj" projesinde "BeforeResolveReferences" hedefini oluşturma tamamlandı.
       "PrepareProjectReferences" hedefi atlandı. Önceden başarılı bir şekilde derlenmişti.
   2:7>"c:\Users\ilhan\source\repos\StudyBuddy\StudyBuddy\Buddy.Domain\Buddy.Domain.csproj" projesinin "C:\Program Files\dotnet\sdk\10.0.200-preview.0.26103.119\Microsoft.Common.CurrentVersion.targets" dosyasındaki "ResolveProjectReferences" hedefi ("ResolveReferences" hedefi buna bağımlı):
   2:7>"Buddy.Domain.csproj" projesinde "ResolveProjectReferences" hedefini oluşturma tamamlandı.
       "ResolveProjectReferences" hedefi atlandı. Önceden başarılı bir şekilde derlenmişti.
       "GetFrameworkPaths" hedefi atlandı. Önceden başarılı bir şekilde derlenmişti.
       "GetReferenceAssemblyPaths" hedefi atlandı. Önceden başarılı bir şekilde derlenmişti.
       "PrepareForBuild" hedefi atlandı. Önceden başarılı bir şekilde derlenmişti.
   2:7>"c:\Users\ilhan\source\repos\StudyBuddy\StudyBuddy\Buddy.Domain\Buddy.Domain.csproj" projesinin "C:\Program Files\dotnet\sdk\10.0.200-preview.0.26103.119\Microsoft.Common.CurrentVersion.targets" dosyasındaki "ResolveSDKReferences" hedefi ("ResolveAssemblyReferences" hedefi buna bağımlı):
   2:7>"Buddy.Domain.csproj" projesinde "ResolveSDKReferences" hedefini oluşturma tamamlandı.
       "ResolveSDKReferences" hedefi atlandı. Önceden başarılı bir şekilde derlenmişti.
   2:7>"c:\Users\ilhan\source\repos\StudyBuddy\StudyBuddy\Buddy.Domain\Buddy.Domain.csproj" projesinin "C:\Program Files\dotnet\sdk\10.0.200-preview.0.26103.119\Microsoft.Common.CurrentVersion.targets" dosyasındaki "ExpandSDKReferences" hedefi ("ResolveAssemblyReferences" hedefi buna bağımlı):
   2:7>"Buddy.Domain.csproj" projesinde "ExpandSDKReferences" hedefini oluşturma tamamlandı.
       "ResolvePackageDependenciesForBuild" hedefi atlandı. Önceden başarılı bir şekilde derlenmişti.
       "GetFrameworkPaths" hedefi atlandı. Önceden başarılı bir şekilde derlenmişti.
       "GetReferenceAssemblyPaths" hedefi atlandı. Önceden başarılı bir şekilde derlenmişti.
       "ProcessFrameworkReferences" hedefi atlandı. Önceden başarılı bir şekilde derlenmişti.
       "ResolvePackageAssets" hedefi atlandı. Önceden başarılı bir şekilde derlenmişti.
   2:7>"c:\Users\ilhan\source\repos\StudyBuddy\StudyBuddy\Buddy.Domain\Buddy.Domain.csproj" projesinin "C:\Program Files\dotnet\sdk\10.0.200-preview.0.26103.119\Sdks\Microsoft.NET.Sdk\targets\Microsoft.NET.Sdk.FrameworkReferenceResolution.targets" dosyasındaki "ResolveFrameworkReferences" hedefi ("ResolveTargetingPackAssets" hedefi buna bağımlı):
       "C:\Program Files\dotnet\sdk\10.0.200-preview.0.26103.119\Sdks\Microsoft.NET.Sdk\targets\..\tools\net10.0\Microsoft.NET.Build.Tasks.dll" derlemesindeki "GetPackageDirectory" görevi kullanılıyor.
       "GetPackageDirectory" görevi
       "GetPackageDirectory" görevini yürütme tamamlandı.
       "GetPackageDirectory" görevi
       "GetPackageDirectory" görevini yürütme tamamlandı.
       "GetPackageDirectory" görevi
       "GetPackageDirectory" görevini yürütme tamamlandı.
       "GetPackageDirectory" görevi
       "GetPackageDirectory" görevini yürütme tamamlandı.
       "GetPackageDirectory" görevi
       "GetPackageDirectory" görevini yürütme tamamlandı.
       "GetPackageDirectory" görevi
       "GetPackageDirectory" görevini yürütme tamamlandı.
       "GetPackageDirectory" görevi
       "GetPackageDirectory" görevini yürütme tamamlandı.
       "GetPackageDirectory" görevi
       "GetPackageDirectory" görevini yürütme tamamlandı.
       "GetPackageDirectory" görevi
       "GetPackageDirectory" görevini yürütme tamamlandı.
       "GetPackageDirectory" görevi
       "GetPackageDirectory" görevini yürütme tamamlandı.
       "C:\Program Files\dotnet\sdk\10.0.200-preview.0.26103.119\Sdks\Microsoft.NET.Sdk\targets\..\tools\net10.0\Microsoft.NET.Build.Tasks.dll" derlemesindeki "ResolveFrameworkReferences" görevi kullanılıyor.
       "ResolveFrameworkReferences" görevi
       "ResolveFrameworkReferences" görevini yürütme tamamlandı.
   2:7>"Buddy.Domain.csproj" projesinde "ResolveFrameworkReferences" hedefini oluşturma tamamlandı.
   2:7>"c:\Users\ilhan\source\repos\StudyBuddy\StudyBuddy\Buddy.Domain\Buddy.Domain.csproj" projesinin "C:\Program Files\dotnet\sdk\10.0.200-preview.0.26103.119\Sdks\Microsoft.NET.Sdk\targets\Microsoft.NET.Sdk.FrameworkReferenceResolution.targets" dosyasındaki "ResolveTargetingPackAssets" hedefi ("_HandlePackageFileConflicts" hedefi buna bağımlı):
       "C:\Program Files\dotnet\sdk\10.0.200-preview.0.26103.119\Sdks\Microsoft.NET.Sdk\targets\..\tools\net10.0\Microsoft.NET.Build.Tasks.dll" derlemesindeki "ResolveTargetingPackAssets" görevi kullanılıyor.
       "ResolveTargetingPackAssets" görevi
       "ResolveTargetingPackAssets" görevini yürütme tamamlandı.
   2:7>"Buddy.Domain.csproj" projesinde "ResolveTargetingPackAssets" hedefini oluşturma tamamlandı.
   2:7>"c:\Users\ilhan\source\repos\StudyBuddy\StudyBuddy\Buddy.Domain\Buddy.Domain.csproj" projesinin "C:\Program Files\dotnet\sdk\10.0.200-preview.0.26103.119\Sdks\Microsoft.NET.Sdk\targets\Microsoft.NET.Sdk.FrameworkReferenceResolution.targets" dosyasındaki "ResolveOffByDefaultAnalyzers" hedefi ("_HandlePackageFileConflicts" hedefi buna bağımlı):
   2:7>"Buddy.Domain.csproj" projesinde "ResolveOffByDefaultAnalyzers" hedefini oluşturma tamamlandı.
   2:7>"c:\Users\ilhan\source\repos\StudyBuddy\StudyBuddy\Buddy.Domain\Buddy.Domain.csproj" projesinin "C:\Program Files\dotnet\sdk\10.0.200-preview.0.26103.119\Sdks\Microsoft.NET.Sdk\targets\Microsoft.NET.ConflictResolution.targets" dosyasındaki "_HandlePackageFileConflicts" hedefi ("ResolveAssemblyReferences" hedefi buna bağımlı):
       "C:\Program Files\dotnet\sdk\10.0.200-preview.0.26103.119\Sdks\Microsoft.NET.Sdk\targets\..\tools\net10.0\Microsoft.NET.Build.Tasks.dll" derlemesindeki "ResolvePackageFileConflicts" görevi kullanılıyor.
       "ResolvePackageFileConflicts" görevi
         'Platform:mscorlib.dll' ile 'Platform:mscorlib.dll' arasında çakışmayla karşılaşıldı. Eşit dosya ve bütünleştirilmiş kod sürümleri nedeniyle kazanan belirlenemedi.
         'Platform:Microsoft.VisualBasic.dll' ile 'Platform:Microsoft.VisualBasic.dll' arasında çakışmayla karşılaşıldı. Eşit dosya ve bütünleştirilmiş kod sürümleri nedeniyle kazanan belirlenemedi.
         'Platform:System.dll' ile 'Platform:System.dll' arasında çakışmayla karşılaşıldı. Eşit dosya ve bütünleştirilmiş kod sürümleri nedeniyle kazanan belirlenemedi.
         'Platform:System.ComponentModel.DataAnnotations.dll' ile 'Platform:System.ComponentModel.DataAnnotations.dll' arasında çakışmayla karşılaşıldı. Eşit dosya ve bütünleştirilmiş kod sürümleri nedeniyle kazanan belirlenemedi.
         'Platform:System.Configuration.dll' ile 'Platform:System.Configuration.dll' arasında çakışmayla karşılaşıldı. Eşit dosya ve bütünleştirilmiş kod sürümleri nedeniyle kazanan belirlenemedi.
         'Platform:System.Core.dll' ile 'Platform:System.Core.dll' arasında çakışmayla karşılaşıldı. Eşit dosya ve bütünleştirilmiş kod sürümleri nedeniyle kazanan belirlenemedi.
         'Platform:System.Data.dll' ile 'Platform:System.Data.dll' arasında çakışmayla karşılaşıldı. Eşit dosya ve bütünleştirilmiş kod sürümleri nedeniyle kazanan belirlenemedi.
         'Platform:System.Drawing.dll' ile 'Platform:System.Drawing.dll' arasında çakışmayla karşılaşıldı. Eşit dosya ve bütünleştirilmiş kod sürümleri nedeniyle kazanan belirlenemedi.
         'Platform:System.IO.Compression.FileSystem.dll' ile 'Platform:System.IO.Compression.FileSystem.dll' arasında çakışmayla karşılaşıldı. Eşit dosya ve bütünleştirilmiş kod sürümleri nedeniyle kazanan belirlenemedi.
         'Platform:System.Net.dll' ile 'Platform:System.Net.dll' arasında çakışmayla karşılaşıldı. Eşit dosya ve bütünleştirilmiş kod sürümleri nedeniyle kazanan belirlenemedi.
         'Platform:System.Numerics.dll' ile 'Platform:System.Numerics.dll' arasında çakışmayla karşılaşıldı. Eşit dosya ve bütünleştirilmiş kod sürümleri nedeniyle kazanan belirlenemedi.
         'Platform:System.Runtime.Serialization.dll' ile 'Platform:System.Runtime.Serialization.dll' arasında çakışmayla karşılaşıldı. Eşit dosya ve bütünleştirilmiş kod sürümleri nedeniyle kazanan belirlenemedi.
         'Platform:System.Security.dll' ile 'Platform:System.Security.dll' arasında çakışmayla karşılaşıldı. Eşit dosya ve bütünleştirilmiş kod sürümleri nedeniyle kazanan belirlenemedi.
         'Platform:System.ServiceProcess.dll' ile 'Platform:System.ServiceProcess.dll' arasında çakışmayla karşılaşıldı. Eşit dosya ve bütünleştirilmiş kod sürümleri nedeniyle kazanan belirlenemedi.
         'Platform:System.ServiceModel.Web.dll' ile 'Platform:System.ServiceModel.Web.dll' arasında çakışmayla karşılaşıldı. Eşit dosya ve bütünleştirilmiş kod sürümleri nedeniyle kazanan belirlenemedi.
         'Platform:System.Transactions.dll' ile 'Platform:System.Transactions.dll' arasında çakışmayla karşılaşıldı. Eşit dosya ve bütünleştirilmiş kod sürümleri nedeniyle kazanan belirlenemedi.
         'Platform:System.Web.dll' ile 'Platform:System.Web.dll' arasında çakışmayla karşılaşıldı. Eşit dosya ve bütünleştirilmiş kod sürümleri nedeniyle kazanan belirlenemedi.
         'Platform:System.Windows.dll' ile 'Platform:System.Windows.dll' arasında çakışmayla karşılaşıldı. Eşit dosya ve bütünleştirilmiş kod sürümleri nedeniyle kazanan belirlenemedi.
         'Platform:System.Xml.dll' ile 'Platform:System.Xml.dll' arasında çakışmayla karşılaşıldı. Eşit dosya ve bütünleştirilmiş kod sürümleri nedeniyle kazanan belirlenemedi.
         'Platform:System.Xml.Serialization.dll' ile 'Platform:System.Xml.Serialization.dll' arasında çakışmayla karşılaşıldı. Eşit dosya ve bütünleştirilmiş kod sürümleri nedeniyle kazanan belirlenemedi.
         'Platform:System.Xml.Linq.dll' ile 'Platform:System.Xml.Linq.dll' arasında çakışmayla karşılaşıldı. Eşit dosya ve bütünleştirilmiş kod sürümleri nedeniyle kazanan belirlenemedi.
         'Platform:WindowsBase.dll' ile 'Platform:WindowsBase.dll' arasında çakışmayla karşılaşıldı. Eşit dosya ve bütünleştirilmiş kod sürümleri nedeniyle kazanan belirlenemedi.
         'Platform:netstandard.dll' ile 'Platform:netstandard.dll' arasında çakışmayla karşılaşıldı. Eşit dosya ve bütünleştirilmiş kod sürümleri nedeniyle kazanan belirlenemedi.
         'Platform:System.Private.CoreLib.dll' ile 'Platform:System.Private.CoreLib.dll' arasında çakışmayla karşılaşıldı. Eşit dosya ve bütünleştirilmiş kod sürümleri nedeniyle kazanan belirlenemedi.
         'Platform:System.Private.DataContractSerialization.dll' ile 'Platform:System.Private.DataContractSerialization.dll' arasında çakışmayla karşılaşıldı. Eşit dosya ve bütünleştirilmiş kod sürümleri nedeniyle kazanan belirlenemedi.
         'Platform:System.Private.Uri.dll' ile 'Platform:System.Private.Uri.dll' arasında çakışmayla karşılaşıldı. Eşit dosya ve bütünleştirilmiş kod sürümleri nedeniyle kazanan belirlenemedi.
         'Platform:System.Private.Xml.dll' ile 'Platform:System.Private.Xml.dll' arasında çakışmayla karşılaşıldı. Eşit dosya ve bütünleştirilmiş kod sürümleri nedeniyle kazanan belirlenemedi.
         'Platform:System.Private.Xml.Linq.dll' ile 'Platform:System.Private.Xml.Linq.dll' arasında çakışmayla karşılaşıldı. Eşit dosya ve bütünleştirilmiş kod sürümleri nedeniyle kazanan belirlenemedi.
         'Platform:mscordaccore_amd64_amd64_10.0.225.61305.dll' ile 'Platform:mscordaccore_amd64_amd64_10.0.225.61305.dll' arasında çakışmayla karşılaşıldı. Eşit dosya ve bütünleştirilmiş kod sürümleri nedeniyle kazanan belirlenemedi.
       "ResolvePackageFileConflicts" görevini yürütme tamamlandı.
   2:7>"Buddy.Domain.csproj" projesinde "_HandlePackageFileConflicts" hedefini oluşturma tamamlandı.
       "ResolveTargetingPackAssets" hedefi atlandı. Önceden başarılı bir şekilde derlenmişti.
   2:7>"c:\Users\ilhan\source\repos\StudyBuddy\StudyBuddy\Buddy.Domain\Buddy.Domain.csproj" projesinin "C:\Program Files\dotnet\sdk\10.0.200-preview.0.26103.119\Microsoft.Common.CurrentVersion.targets" dosyasındaki "ResolveAssemblyReferences" hedefi ("ResolveReferences" hedefi buna bağımlı):
       "Microsoft.Build.Tasks.Core, Version=15.1.0.0, Culture=neutral, PublicKeyToken=b03f5f7f11d50a3a" derlemesindeki "ResolveAssemblyReference" görevi kullanılıyor.
       "ResolveAssemblyReference" görevi
         TargetFrameworkMoniker:
             .NETCoreApp,Version=v10.0
         TargetFrameworkMonikerDisplayName:
             .NET 10.0
         TargetedRuntimeVersion:
             
         Assemblies:
             C:\Program Files\dotnet\packs\Microsoft.NETCore.App.Ref\10.0.2\ref/net10.0/Microsoft.CSharp.dll
                 Private = 'false'
             C:\Program Files\dotnet\packs\Microsoft.NETCore.App.Ref\10.0.2\ref/net10.0/Microsoft.VisualBasic.Core.dll
                 Private = 'false'
             C:\Program Files\dotnet\packs\Microsoft.NETCore.App.Ref\10.0.2\ref/net10.0/Microsoft.VisualBasic.dll
                 Private = 'false'
             C:\Program Files\dotnet\packs\Microsoft.NETCore.App.Ref\10.0.2\ref/net10.0/Microsoft.Win32.Primitives.dll
                 Private = 'false'
             C:\Program Files\dotnet\packs\Microsoft.NETCore.App.Ref\10.0.2\ref/net10.0/Microsoft.Win32.Registry.dll
                 Private = 'false'
             C:\Program Files\dotnet\packs\Microsoft.NETCore.App.Ref\10.0.2\ref/net10.0/System.AppContext.dll
                 Private = 'false'
             C:\Program Files\dotnet\packs\Microsoft.NETCore.App.Ref\10.0.2\ref/net10.0/System.Buffers.dll
                 Private = 'false'
             C:\Program Files\dotnet\packs\Microsoft.NETCore.App.Ref\10.0.2\ref/net10.0/System.Collections.Concurrent.dll
                 Private = 'false'
             C:\Program Files\dotnet\packs\Microsoft.NETCore.App.Ref\10.0.2\ref/net10.0/System.Collections.Immutable.dll
                 Private = 'false'
             C:\Program Files\dotnet\packs\Microsoft.NETCore.App.Ref\10.0.2\ref/net10.0/System.Collections.NonGeneric.dll
                 Private = 'false'
             C:\Program Files\dotnet\packs\Microsoft.NETCore.App.Ref\10.0.2\ref/net10.0/System.Collections.Specialized.dll
                 Private = 'false'
             C:\Program Files\dotnet\packs\Microsoft.NETCore.App.Ref\10.0.2\ref/net10.0/System.Collections.dll
                 Private = 'false'
             C:\Program Files\dotnet\packs\Microsoft.NETCore.App.Ref\10.0.2\ref/net10.0/System.ComponentModel.Annotations.dll
                 Private = 'false'
             C:\Program Files\dotnet\packs\Microsoft.NETCore.App.Ref\10.0.2\ref/net10.0/System.ComponentModel.DataAnnotations.dll
                 Private = 'false'
             C:\Program Files\dotnet\packs\Microsoft.NETCore.App.Ref\10.0.2\ref/net10.0/System.ComponentModel.EventBasedAsync.dll
                 Private = 'false'
             C:\Program Files\dotnet\packs\Microsoft.NETCore.App.Ref\10.0.2\ref/net10.0/System.ComponentModel.Primitives.dll
                 Private = 'false'
             C:\Program Files\dotnet\packs\Microsoft.NETCore.App.Ref\10.0.2\ref/net10.0/System.ComponentModel.TypeConverter.dll
                 Private = 'false'
             C:\Program Files\dotnet\packs\Microsoft.NETCore.App.Ref\10.0.2\ref/net10.0/System.ComponentModel.dll
                 Private = 'false'
             C:\Program Files\dotnet\packs\Microsoft.NETCore.App.Ref\10.0.2\ref/net10.0/System.Configuration.dll
                 Private = 'false'
             C:\Program Files\dotnet\packs\Microsoft.NETCore.App.Ref\10.0.2\ref/net10.0/System.Console.dll
                 Private = 'false'
             C:\Program Files\dotnet\packs\Microsoft.NETCore.App.Ref\10.0.2\ref/net10.0/System.Core.dll
                 Private = 'false'
             C:\Program Files\dotnet\packs\Microsoft.NETCore.App.Ref\10.0.2\ref/net10.0/System.Data.Common.dll
                 Private = 'false'
             C:\Program Files\dotnet\packs\Microsoft.NETCore.App.Ref\10.0.2\ref/net10.0/System.Data.DataSetExtensions.dll
                 Private = 'false'
             C:\Program Files\dotnet\packs\Microsoft.NETCore.App.Ref\10.0.2\ref/net10.0/System.Data.dll
                 Private = 'false'
             C:\Program Files\dotnet\packs\Microsoft.NETCore.App.Ref\10.0.2\ref/net10.0/System.Diagnostics.Contracts.dll
                 Private = 'false'
             C:\Program Files\dotnet\packs\Microsoft.NETCore.App.Ref\10.0.2\ref/net10.0/System.Diagnostics.Debug.dll
                 Private = 'false'
             C:\Program Files\dotnet\packs\Microsoft.NETCore.App.Ref\10.0.2\ref/net10.0/System.Diagnostics.DiagnosticSource.dll
                 Private = 'false'
             C:\Program Files\dotnet\packs\Microsoft.NETCore.App.Ref\10.0.2\ref/net10.0/System.Diagnostics.FileVersionInfo.dll
                 Private = 'false'
             C:\Program Files\dotnet\packs\Microsoft.NETCore.App.Ref\10.0.2\ref/net10.0/System.Diagnostics.Process.dll
                 Private = 'false'
             C:\Program Files\dotnet\packs\Microsoft.NETCore.App.Ref\10.0.2\ref/net10.0/System.Diagnostics.StackTrace.dll
                 Private = 'false'
             C:\Program Files\dotnet\packs\Microsoft.NETCore.App.Ref\10.0.2\ref/net10.0/System.Diagnostics.TextWriterTraceListener.dll
                 Private = 'false'
             C:\Program Files\dotnet\packs\Microsoft.NETCore.App.Ref\10.0.2\ref/net10.0/System.Diagnostics.Tools.dll
                 Private = 'false'
             C:\Program Files\dotnet\packs\Microsoft.NETCore.App.Ref\10.0.2\ref/net10.0/System.Diagnostics.TraceSource.dll
                 Private = 'false'
             C:\Program Files\dotnet\packs\Microsoft.NETCore.App.Ref\10.0.2\ref/net10.0/System.Diagnostics.Tracing.dll
                 Private = 'false'
             C:\Program Files\dotnet\packs\Microsoft.NETCore.App.Ref\10.0.2\ref/net10.0/System.Drawing.Primitives.dll
                 Private = 'false'
             C:\Program Files\dotnet\packs\Microsoft.NETCore.App.Ref\10.0.2\ref/net10.0/System.Drawing.dll
                 Private = 'false'
             C:\Program Files\dotnet\packs\Microsoft.NETCore.App.Ref\10.0.2\ref/net10.0/System.Dynamic.Runtime.dll
                 Private = 'false'
             C:\Program Files\dotnet\packs\Microsoft.NETCore.App.Ref\10.0.2\ref/net10.0/System.Formats.Asn1.dll
                 Private = 'false'
             C:\Program Files\dotnet\packs\Microsoft.NETCore.App.Ref\10.0.2\ref/net10.0/System.Formats.Tar.dll
                 Private = 'false'
             C:\Program Files\dotnet\packs\Microsoft.NETCore.App.Ref\10.0.2\ref/net10.0/System.Globalization.Calendars.dll
                 Private = 'false'
             C:\Program Files\dotnet\packs\Microsoft.NETCore.App.Ref\10.0.2\ref/net10.0/System.Globalization.Extensions.dll
                 Private = 'false'
             C:\Program Files\dotnet\packs\Microsoft.NETCore.App.Ref\10.0.2\ref/net10.0/System.Globalization.dll
                 Private = 'false'
             C:\Program Files\dotnet\packs\Microsoft.NETCore.App.Ref\10.0.2\ref/net10.0/System.IO.Compression.Brotli.dll
                 Private = 'false'
             C:\Program Files\dotnet\packs\Microsoft.NETCore.App.Ref\10.0.2\ref/net10.0/System.IO.Compression.FileSystem.dll
                 Private = 'false'
             C:\Program Files\dotnet\packs\Microsoft.NETCore.App.Ref\10.0.2\ref/net10.0/System.IO.Compression.ZipFile.dll
                 Private = 'false'
             C:\Program Files\dotnet\packs\Microsoft.NETCore.App.Ref\10.0.2\ref/net10.0/System.IO.Compression.dll
                 Private = 'false'
             C:\Program Files\dotnet\packs\Microsoft.NETCore.App.Ref\10.0.2\ref/net10.0/System.IO.FileSystem.AccessControl.dll
                 Private = 'false'
             C:\Program Files\dotnet\packs\Microsoft.NETCore.App.Ref\10.0.2\ref/net10.0/System.IO.FileSystem.DriveInfo.dll
                 Private = 'false'
             C:\Program Files\dotnet\packs\Microsoft.NETCore.App.Ref\10.0.2\ref/net10.0/System.IO.FileSystem.Primitives.dll
                 Private = 'false'
             C:\Program Files\dotnet\packs\Microsoft.NETCore.App.Ref\10.0.2\ref/net10.0/System.IO.FileSystem.Watcher.dll
                 Private = 'false'
             C:\Program Files\dotnet\packs\Microsoft.NETCore.App.Ref\10.0.2\ref/net10.0/System.IO.FileSystem.dll
                 Private = 'false'
             C:\Program Files\dotnet\packs\Microsoft.NETCore.App.Ref\10.0.2\ref/net10.0/System.IO.IsolatedStorage.dll
                 Private = 'false'
             C:\Program Files\dotnet\packs\Microsoft.NETCore.App.Ref\10.0.2\ref/net10.0/System.IO.MemoryMappedFiles.dll
                 Private = 'false'
             C:\Program Files\dotnet\packs\Microsoft.NETCore.App.Ref\10.0.2\ref/net10.0/System.IO.Pipelines.dll
                 Private = 'false'
             C:\Program Files\dotnet\packs\Microsoft.NETCore.App.Ref\10.0.2\ref/net10.0/System.IO.Pipes.AccessControl.dll
                 Private = 'false'
             C:\Program Files\dotnet\packs\Microsoft.NETCore.App.Ref\10.0.2\ref/net10.0/System.IO.Pipes.dll
                 Private = 'false'
             C:\Program Files\dotnet\packs\Microsoft.NETCore.App.Ref\10.0.2\ref/net10.0/System.IO.UnmanagedMemoryStream.dll
                 Private = 'false'
             C:\Program Files\dotnet\packs\Microsoft.NETCore.App.Ref\10.0.2\ref/net10.0/System.IO.dll
                 Private = 'false'
             C:\Program Files\dotnet\packs\Microsoft.NETCore.App.Ref\10.0.2\ref/net10.0/System.Linq.AsyncEnumerable.dll
                 Private = 'false'
             C:\Program Files\dotnet\packs\Microsoft.NETCore.App.Ref\10.0.2\ref/net10.0/System.Linq.Expressions.dll
                 Private = 'false'
             C:\Program Files\dotnet\packs\Microsoft.NETCore.App.Ref\10.0.2\ref/net10.0/System.Linq.Parallel.dll
                 Private = 'false'
             C:\Program Files\dotnet\packs\Microsoft.NETCore.App.Ref\10.0.2\ref/net10.0/System.Linq.Queryable.dll
                 Private = 'false'
             C:\Program Files\dotnet\packs\Microsoft.NETCore.App.Ref\10.0.2\ref/net10.0/System.Linq.dll
                 Private = 'false'
             C:\Program Files\dotnet\packs\Microsoft.NETCore.App.Ref\10.0.2\ref/net10.0/System.Memory.dll
                 Private = 'false'
             C:\Program Files\dotnet\packs\Microsoft.NETCore.App.Ref\10.0.2\ref/net10.0/System.Net.Http.Json.dll
                 Private = 'false'
             C:\Program Files\dotnet\packs\Microsoft.NETCore.App.Ref\10.0.2\ref/net10.0/System.Net.Http.dll
                 Private = 'false'
             C:\Program Files\dotnet\packs\Microsoft.NETCore.App.Ref\10.0.2\ref/net10.0/System.Net.HttpListener.dll
                 Private = 'false'
             C:\Program Files\dotnet\packs\Microsoft.NETCore.App.Ref\10.0.2\ref/net10.0/System.Net.Mail.dll
                 Private = 'false'
             C:\Program Files\dotnet\packs\Microsoft.NETCore.App.Ref\10.0.2\ref/net10.0/System.Net.NameResolution.dll
                 Private = 'false'
             C:\Program Files\dotnet\packs\Microsoft.NETCore.App.Ref\10.0.2\ref/net10.0/System.Net.NetworkInformation.dll
                 Private = 'false'
             C:\Program Files\dotnet\packs\Microsoft.NETCore.App.Ref\10.0.2\ref/net10.0/System.Net.Ping.dll
                 Private = 'false'
             C:\Program Files\dotnet\packs\Microsoft.NETCore.App.Ref\10.0.2\ref/net10.0/System.Net.Primitives.dll
                 Private = 'false'
             C:\Program Files\dotnet\packs\Microsoft.NETCore.App.Ref\10.0.2\ref/net10.0/System.Net.Quic.dll
                 Private = 'false'
             C:\Program Files\dotnet\packs\Microsoft.NETCore.App.Ref\10.0.2\ref/net10.0/System.Net.Requests.dll
                 Private = 'false'
             C:\Program Files\dotnet\packs\Microsoft.NETCore.App.Ref\10.0.2\ref/net10.0/System.Net.Security.dll
                 Private = 'false'
             C:\Program Files\dotnet\packs\Microsoft.NETCore.App.Ref\10.0.2\ref/net10.0/System.Net.ServerSentEvents.dll
                 Private = 'false'
             C:\Program Files\dotnet\packs\Microsoft.NETCore.App.Ref\10.0.2\ref/net10.0/System.Net.ServicePoint.dll
                 Private = 'false'
             C:\Program Files\dotnet\packs\Microsoft.NETCore.App.Ref\10.0.2\ref/net10.0/System.Net.Sockets.dll
                 Private = 'false'
             C:\Program Files\dotnet\packs\Microsoft.NETCore.App.Ref\10.0.2\ref/net10.0/System.Net.WebClient.dll
                 Private = 'false'
             C:\Program Files\dotnet\packs\Microsoft.NETCore.App.Ref\10.0.2\ref/net10.0/System.Net.WebHeaderCollection.dll
                 Private = 'false'
             C:\Program Files\dotnet\packs\Microsoft.NETCore.App.Ref\10.0.2\ref/net10.0/System.Net.WebProxy.dll
                 Private = 'false'
             C:\Program Files\dotnet\packs\Microsoft.NETCore.App.Ref\10.0.2\ref/net10.0/System.Net.WebSockets.Client.dll
                 Private = 'false'
             C:\Program Files\dotnet\packs\Microsoft.NETCore.App.Ref\10.0.2\ref/net10.0/System.Net.WebSockets.dll
                 Private = 'false'
             C:\Program Files\dotnet\packs\Microsoft.NETCore.App.Ref\10.0.2\ref/net10.0/System.Net.dll
                 Private = 'false'
             C:\Program Files\dotnet\packs\Microsoft.NETCore.App.Ref\10.0.2\ref/net10.0/System.Numerics.Vectors.dll
                 Private = 'false'
             C:\Program Files\dotnet\packs\Microsoft.NETCore.App.Ref\10.0.2\ref/net10.0/System.Numerics.dll
                 Private = 'false'
             C:\Program Files\dotnet\packs\Microsoft.NETCore.App.Ref\10.0.2\ref/net10.0/System.ObjectModel.dll
                 Private = 'false'
             C:\Program Files\dotnet\packs\Microsoft.NETCore.App.Ref\10.0.2\ref/net10.0/System.Reflection.DispatchProxy.dll
                 Private = 'false'
             C:\Program Files\dotnet\packs\Microsoft.NETCore.App.Ref\10.0.2\ref/net10.0/System.Reflection.Emit.ILGeneration.dll
                 Private = 'false'
             C:\Program Files\dotnet\packs\Microsoft.NETCore.App.Ref\10.0.2\ref/net10.0/System.Reflection.Emit.Lightweight.dll
                 Private = 'false'
             C:\Program Files\dotnet\packs\Microsoft.NETCore.App.Ref\10.0.2\ref/net10.0/System.Reflection.Emit.dll
                 Private = 'false'
             C:\Program Files\dotnet\packs\Microsoft.NETCore.App.Ref\10.0.2\ref/net10.0/System.Reflection.Extensions.dll
                 Private = 'false'
             C:\Program Files\dotnet\packs\Microsoft.NETCore.App.Ref\10.0.2\ref/net10.0/System.Reflection.Metadata.dll
                 Private = 'false'
             C:\Program Files\dotnet\packs\Microsoft.NETCore.App.Ref\10.0.2\ref/net10.0/System.Reflection.Primitives.dll
                 Private = 'false'
             C:\Program Files\dotnet\packs\Microsoft.NETCore.App.Ref\10.0.2\ref/net10.0/System.Reflection.TypeExtensions.dll
                 Private = 'false'
             C:\Program Files\dotnet\packs\Microsoft.NETCore.App.Ref\10.0.2\ref/net10.0/System.Reflection.dll
                 Private = 'false'
             C:\Program Files\dotnet\packs\Microsoft.NETCore.App.Ref\10.0.2\ref/net10.0/System.Resources.Reader.dll
                 Private = 'false'
             C:\Program Files\dotnet\packs\Microsoft.NETCore.App.Ref\10.0.2\ref/net10.0/System.Resources.ResourceManager.dll
                 Private = 'false'
             C:\Program Files\dotnet\packs\Microsoft.NETCore.App.Ref\10.0.2\ref/net10.0/System.Resources.Writer.dll
                 Private = 'false'
             C:\Program Files\dotnet\packs\Microsoft.NETCore.App.Ref\10.0.2\ref/net10.0/System.Runtime.CompilerServices.Unsafe.dll
                 Private = 'false'
             C:\Program Files\dotnet\packs\Microsoft.NETCore.App.Ref\10.0.2\ref/net10.0/System.Runtime.CompilerServices.VisualC.dll
                 Private = 'false'
             C:\Program Files\dotnet\packs\Microsoft.NETCore.App.Ref\10.0.2\ref/net10.0/System.Runtime.Extensions.dll
                 Private = 'false'
             C:\Program Files\dotnet\packs\Microsoft.NETCore.App.Ref\10.0.2\ref/net10.0/System.Runtime.Handles.dll
                 Private = 'false'
             C:\Program Files\dotnet\packs\Microsoft.NETCore.App.Ref\10.0.2\ref/net10.0/System.Runtime.InteropServices.JavaScript.dll
                 Private = 'false'
             C:\Program Files\dotnet\packs\Microsoft.NETCore.App.Ref\10.0.2\ref/net10.0/System.Runtime.InteropServices.RuntimeInformation.dll
                 Private = 'false'
             C:\Program Files\dotnet\packs\Microsoft.NETCore.App.Ref\10.0.2\ref/net10.0/System.Runtime.InteropServices.dll
                 Private = 'false'
             C:\Program Files\dotnet\packs\Microsoft.NETCore.App.Ref\10.0.2\ref/net10.0/System.Runtime.Intrinsics.dll
                 Private = 'false'
             C:\Program Files\dotnet\packs\Microsoft.NETCore.App.Ref\10.0.2\ref/net10.0/System.Runtime.Loader.dll
                 Private = 'false'
             C:\Program Files\dotnet\packs\Microsoft.NETCore.App.Ref\10.0.2\ref/net10.0/System.Runtime.Numerics.dll
                 Private = 'false'
             C:\Program Files\dotnet\packs\Microsoft.NETCore.App.Ref\10.0.2\ref/net10.0/System.Runtime.Serialization.Formatters.dll
                 Private = 'false'
             C:\Program Files\dotnet\packs\Microsoft.NETCore.App.Ref\10.0.2\ref/net10.0/System.Runtime.Serialization.Json.dll
                 Private = 'false'
             C:\Program Files\dotnet\packs\Microsoft.NETCore.App.Ref\10.0.2\ref/net10.0/System.Runtime.Serialization.Primitives.dll
                 Private = 'false'
             C:\Program Files\dotnet\packs\Microsoft.NETCore.App.Ref\10.0.2\ref/net10.0/System.Runtime.Serialization.Xml.dll
                 Private = 'false'
             C:\Program Files\dotnet\packs\Microsoft.NETCore.App.Ref\10.0.2\ref/net10.0/System.Runtime.Serialization.dll
                 Private = 'false'
             C:\Program Files\dotnet\packs\Microsoft.NETCore.App.Ref\10.0.2\ref/net10.0/System.Runtime.dll
                 Private = 'false'
             C:\Program Files\dotnet\packs\Microsoft.NETCore.App.Ref\10.0.2\ref/net10.0/System.Security.AccessControl.dll
                 Private = 'false'
             C:\Program Files\dotnet\packs\Microsoft.NETCore.App.Ref\10.0.2\ref/net10.0/System.Security.Claims.dll
                 Private = 'false'
             C:\Program Files\dotnet\packs\Microsoft.NETCore.App.Ref\10.0.2\ref/net10.0/System.Security.Cryptography.Algorithms.dll
                 Private = 'false'
             C:\Program Files\dotnet\packs\Microsoft.NETCore.App.Ref\10.0.2\ref/net10.0/System.Security.Cryptography.Cng.dll
                 Private = 'false'
             C:\Program Files\dotnet\packs\Microsoft.NETCore.App.Ref\10.0.2\ref/net10.0/System.Security.Cryptography.Csp.dll
                 Private = 'false'
             C:\Program Files\dotnet\packs\Microsoft.NETCore.App.Ref\10.0.2\ref/net10.0/System.Security.Cryptography.Encoding.dll
                 Private = 'false'
             C:\Program Files\dotnet\packs\Microsoft.NETCore.App.Ref\10.0.2\ref/net10.0/System.Security.Cryptography.OpenSsl.dll
                 Private = 'false'
             C:\Program Files\dotnet\packs\Microsoft.NETCore.App.Ref\10.0.2\ref/net10.0/System.Security.Cryptography.Primitives.dll
                 Private = 'false'
             C:\Program Files\dotnet\packs\Microsoft.NETCore.App.Ref\10.0.2\ref/net10.0/System.Security.Cryptography.X509Certificates.dll
                 Private = 'false'
             C:\Program Files\dotnet\packs\Microsoft.NETCore.App.Ref\10.0.2\ref/net10.0/System.Security.Cryptography.dll
                 Private = 'false'
             C:\Program Files\dotnet\packs\Microsoft.NETCore.App.Ref\10.0.2\ref/net10.0/System.Security.Principal.Windows.dll
                 Private = 'false'
             C:\Program Files\dotnet\packs\Microsoft.NETCore.App.Ref\10.0.2\ref/net10.0/System.Security.Principal.dll
                 Private = 'false'
             C:\Program Files\dotnet\packs\Microsoft.NETCore.App.Ref\10.0.2\ref/net10.0/System.Security.SecureString.dll
                 Private = 'false'
             C:\Program Files\dotnet\packs\Microsoft.NETCore.App.Ref\10.0.2\ref/net10.0/System.Security.dll
                 Private = 'false'
             C:\Program Files\dotnet\packs\Microsoft.NETCore.App.Ref\10.0.2\ref/net10.0/System.ServiceModel.Web.dll
                 Private = 'false'
             C:\Program Files\dotnet\packs\Microsoft.NETCore.App.Ref\10.0.2\ref/net10.0/System.ServiceProcess.dll
                 Private = 'false'
             C:\Program Files\dotnet\packs\Microsoft.NETCore.App.Ref\10.0.2\ref/net10.0/System.Text.Encoding.CodePages.dll
                 Private = 'false'
             C:\Program Files\dotnet\packs\Microsoft.NETCore.App.Ref\10.0.2\ref/net10.0/System.Text.Encoding.Extensions.dll
                 Private = 'false'
             C:\Program Files\dotnet\packs\Microsoft.NETCore.App.Ref\10.0.2\ref/net10.0/System.Text.Encoding.dll
                 Private = 'false'
             C:\Program Files\dotnet\packs\Microsoft.NETCore.App.Ref\10.0.2\ref/net10.0/System.Text.Encodings.Web.dll
                 Private = 'false'
             C:\Program Files\dotnet\packs\Microsoft.NETCore.App.Ref\10.0.2\ref/net10.0/System.Text.Json.dll
                 Private = 'false'
             C:\Program Files\dotnet\packs\Microsoft.NETCore.App.Ref\10.0.2\ref/net10.0/System.Text.RegularExpressions.dll
                 Private = 'false'
             C:\Program Files\dotnet\packs\Microsoft.NETCore.App.Ref\10.0.2\ref/net10.0/System.Threading.AccessControl.dll
                 Private = 'false'
             C:\Program Files\dotnet\packs\Microsoft.NETCore.App.Ref\10.0.2\ref/net10.0/System.Threading.Channels.dll
                 Private = 'false'
             C:\Program Files\dotnet\packs\Microsoft.NETCore.App.Ref\10.0.2\ref/net10.0/System.Threading.Overlapped.dll
                 Private = 'false'
             C:\Program Files\dotnet\packs\Microsoft.NETCore.App.Ref\10.0.2\ref/net10.0/System.Threading.Tasks.Dataflow.dll
                 Private = 'false'
             C:\Program Files\dotnet\packs\Microsoft.NETCore.App.Ref\10.0.2\ref/net10.0/System.Threading.Tasks.Extensions.dll
                 Private = 'false'
             C:\Program Files\dotnet\packs\Microsoft.NETCore.App.Ref\10.0.2\ref/net10.0/System.Threading.Tasks.Parallel.dll
                 Private = 'false'
             C:\Program Files\dotnet\packs\Microsoft.NETCore.App.Ref\10.0.2\ref/net10.0/System.Threading.Tasks.dll
                 Private = 'false'
             C:\Program Files\dotnet\packs\Microsoft.NETCore.App.Ref\10.0.2\ref/net10.0/System.Threading.Thread.dll
                 Private = 'false'
             C:\Program Files\dotnet\packs\Microsoft.NETCore.App.Ref\10.0.2\ref/net10.0/System.Threading.ThreadPool.dll
                 Private = 'false'
             C:\Program Files\dotnet\packs\Microsoft.NETCore.App.Ref\10.0.2\ref/net10.0/System.Threading.Timer.dll
                 Private = 'false'
             C:\Program Files\dotnet\packs\Microsoft.NETCore.App.Ref\10.0.2\ref/net10.0/System.Threading.dll
                 Private = 'false'
             C:\Program Files\dotnet\packs\Microsoft.NETCore.App.Ref\10.0.2\ref/net10.0/System.Transactions.Local.dll
                 Private = 'false'
             C:\Program Files\dotnet\packs\Microsoft.NETCore.App.Ref\10.0.2\ref/net10.0/System.Transactions.dll
                 Private = 'false'
             C:\Program Files\dotnet\packs\Microsoft.NETCore.App.Ref\10.0.2\ref/net10.0/System.ValueTuple.dll
                 Private = 'false'
             C:\Program Files\dotnet\packs\Microsoft.NETCore.App.Ref\10.0.2\ref/net10.0/System.Web.HttpUtility.dll
                 Private = 'false'
             C:\Program Files\dotnet\packs\Microsoft.NETCore.App.Ref\10.0.2\ref/net10.0/System.Web.dll
                 Private = 'false'
             C:\Program Files\dotnet\packs\Microsoft.NETCore.App.Ref\10.0.2\ref/net10.0/System.Windows.dll
                 Private = 'false'
             C:\Program Files\dotnet\packs\Microsoft.NETCore.App.Ref\10.0.2\ref/net10.0/System.Xml.Linq.dll
                 Private = 'false'
             C:\Program Files\dotnet\packs\Microsoft.NETCore.App.Ref\10.0.2\ref/net10.0/System.Xml.ReaderWriter.dll
                 Private = 'false'
             C:\Program Files\dotnet\packs\Microsoft.NETCore.App.Ref\10.0.2\ref/net10.0/System.Xml.Serialization.dll
                 Private = 'false'
             C:\Program Files\dotnet\packs\Microsoft.NETCore.App.Ref\10.0.2\ref/net10.0/System.Xml.XDocument.dll
                 Private = 'false'
             C:\Program Files\dotnet\packs\Microsoft.NETCore.App.Ref\10.0.2\ref/net10.0/System.Xml.XPath.XDocument.dll
                 Private = 'false'
             C:\Program Files\dotnet\packs\Microsoft.NETCore.App.Ref\10.0.2\ref/net10.0/System.Xml.XPath.dll
                 Private = 'false'
             C:\Program Files\dotnet\packs\Microsoft.NETCore.App.Ref\10.0.2\ref/net10.0/System.Xml.XmlDocument.dll
                 Private = 'false'
             C:\Program Files\dotnet\packs\Microsoft.NETCore.App.Ref\10.0.2\ref/net10.0/System.Xml.XmlSerializer.dll
                 Private = 'false'
             C:\Program Files\dotnet\packs\Microsoft.NETCore.App.Ref\10.0.2\ref/net10.0/System.Xml.dll
                 Private = 'false'
             C:\Program Files\dotnet\packs\Microsoft.NETCore.App.Ref\10.0.2\ref/net10.0/System.dll
                 Private = 'false'
             C:\Program Files\dotnet\packs\Microsoft.NETCore.App.Ref\10.0.2\ref/net10.0/WindowsBase.dll
                 Private = 'false'
             C:\Program Files\dotnet\packs\Microsoft.NETCore.App.Ref\10.0.2\ref/net10.0/mscorlib.dll
                 Private = 'false'
             C:\Program Files\dotnet\packs\Microsoft.NETCore.App.Ref\10.0.2\ref/net10.0/netstandard.dll
                 Private = 'false'
         AssemblyFiles:
         CandidateAssemblyFiles:
         TargetFrameworkDirectories:
             
         NonCultureResourceDirectories:
             
         InstalledAssemblyTables:
         IgnoreInstalledAssemblyTable:
             False
         SearchPaths:
             {CandidateAssemblyFiles}
             {HintPathFromItem}
             {TargetFrameworkDirectory}
             {RawFileName}
         AllowedAssemblyExtensions:
             .winmd
             .dll
             .exe
         AllowedRelatedFileExtensions:
             .pdb
             .xml
             .pri
             .dll.config
             .exe.config
         AppConfigFile:
             
         AutoUnify:
             True
         EnableCustomCulture:
             False
         EnableCustomCulture:
             False
         CopyLocalDependenciesWhenParentReferenceInGac:
             True
         FindDependencies:
             True
         TargetProcessorArchitecture:
             msil
         StateFile:
             obj\Debug\net10.0\Buddy.Domain.csproj.AssemblyReference.cache
         InstalledAssemblySubsetTables:
         IgnoreInstalledAssemblySubsetTable:
             False
         TargetFrameworkSubsets:
         FullTargetFrameworkSubsetNames:
             Full
         ProfileName:
             
         FullFrameworkFolders:
         LatestTargetFrameworkDirectories:
         ProfileTablesLocation:
         Birincil başvuru: "Microsoft.CSharp, Version=10.0.0.0, Culture=neutral, PublicKeyToken=b03f5f7f11d50a3a".
             Çözümlenmiş dosya yolu: "C:\Program Files\dotnet\packs\Microsoft.NETCore.App.Ref\10.0.2\ref\net10.0\Microsoft.CSharp.dll".
             Başvuru, "{RawFileName}" arama yolu konumunda bulundu.
             En az bir kaynak öğesi için "Private" "false" olarak ayarlanmış olduğundan ve "Private", herhangi bir kaynak öğesi için "true" olarak ayarlanmış olmadığından bu başvuru "CopyLocal" değildir.
         Birincil başvuru: "Microsoft.VisualBasic.Core, Version=15.0.0.0, Culture=neutral, PublicKeyToken=b03f5f7f11d50a3a".
             Çözümlenmiş dosya yolu: "C:\Program Files\dotnet\packs\Microsoft.NETCore.App.Ref\10.0.2\ref\net10.0\Microsoft.VisualBasic.Core.dll".
             Başvuru, "{RawFileName}" arama yolu konumunda bulundu.
             En az bir kaynak öğesi için "Private" "false" olarak ayarlanmış olduğundan ve "Private", herhangi bir kaynak öğesi için "true" olarak ayarlanmış olmadığından bu başvuru "CopyLocal" değildir.
         Birincil başvuru: "Microsoft.VisualBasic, Version=10.0.0.0, Culture=neutral, PublicKeyToken=b03f5f7f11d50a3a".
             Çözümlenmiş dosya yolu: "C:\Program Files\dotnet\packs\Microsoft.NETCore.App.Ref\10.0.2\ref\net10.0\Microsoft.VisualBasic.dll".
             Başvuru, "{RawFileName}" arama yolu konumunda bulundu.
             En az bir kaynak öğesi için "Private" "false" olarak ayarlanmış olduğundan ve "Private", herhangi bir kaynak öğesi için "true" olarak ayarlanmış olmadığından bu başvuru "CopyLocal" değildir.
         Birincil başvuru: "Microsoft.Win32.Primitives, Version=10.0.0.0, Culture=neutral, PublicKeyToken=b03f5f7f11d50a3a".
             Çözümlenmiş dosya yolu: "C:\Program Files\dotnet\packs\Microsoft.NETCore.App.Ref\10.0.2\ref\net10.0\Microsoft.Win32.Primitives.dll".
             Başvuru, "{RawFileName}" arama yolu konumunda bulundu.
             En az bir kaynak öğesi için "Private" "false" olarak ayarlanmış olduğundan ve "Private", herhangi bir kaynak öğesi için "true" olarak ayarlanmış olmadığından bu başvuru "CopyLocal" değildir.
         Birincil başvuru: "Microsoft.Win32.Registry, Version=10.0.0.0, Culture=neutral, PublicKeyToken=b03f5f7f11d50a3a".
             Çözümlenmiş dosya yolu: "C:\Program Files\dotnet\packs\Microsoft.NETCore.App.Ref\10.0.2\ref\net10.0\Microsoft.Win32.Registry.dll".
             Başvuru, "{RawFileName}" arama yolu konumunda bulundu.
             En az bir kaynak öğesi için "Private" "false" olarak ayarlanmış olduğundan ve "Private", herhangi bir kaynak öğesi için "true" olarak ayarlanmış olmadığından bu başvuru "CopyLocal" değildir.
         Birincil başvuru: "System.AppContext, Version=10.0.0.0, Culture=neutral, PublicKeyToken=b03f5f7f11d50a3a".
             Çözümlenmiş dosya yolu: "C:\Program Files\dotnet\packs\Microsoft.NETCore.App.Ref\10.0.2\ref\net10.0\System.AppContext.dll".
             Başvuru, "{RawFileName}" arama yolu konumunda bulundu.
             En az bir kaynak öğesi için "Private" "false" olarak ayarlanmış olduğundan ve "Private", herhangi bir kaynak öğesi için "true" olarak ayarlanmış olmadığından bu başvuru "CopyLocal" değildir.
         Birincil başvuru: "System.Buffers, Version=10.0.0.0, Culture=neutral, PublicKeyToken=cc7b13ffcd2ddd51".
             Çözümlenmiş dosya yolu: "C:\Program Files\dotnet\packs\Microsoft.NETCore.App.Ref\10.0.2\ref\net10.0\System.Buffers.dll".
             Başvuru, "{RawFileName}" arama yolu konumunda bulundu.
             En az bir kaynak öğesi için "Private" "false" olarak ayarlanmış olduğundan ve "Private", herhangi bir kaynak öğesi için "true" olarak ayarlanmış olmadığından bu başvuru "CopyLocal" değildir.
         Birincil başvuru: "System.Collections.Concurrent, Version=10.0.0.0, Culture=neutral, PublicKeyToken=b03f5f7f11d50a3a".
             Çözümlenmiş dosya yolu: "C:\Program Files\dotnet\packs\Microsoft.NETCore.App.Ref\10.0.2\ref\net10.0\System.Collections.Concurrent.dll".
             Başvuru, "{RawFileName}" arama yolu konumunda bulundu.
             En az bir kaynak öğesi için "Private" "false" olarak ayarlanmış olduğundan ve "Private", herhangi bir kaynak öğesi için "true" olarak ayarlanmış olmadığından bu başvuru "CopyLocal" değildir.
         Birincil başvuru: "System.Collections.Immutable, Version=10.0.0.0, Culture=neutral, PublicKeyToken=b03f5f7f11d50a3a".
             Çözümlenmiş dosya yolu: "C:\Program Files\dotnet\packs\Microsoft.NETCore.App.Ref\10.0.2\ref\net10.0\System.Collections.Immutable.dll".
             Başvuru, "{RawFileName}" arama yolu konumunda bulundu.
             En az bir kaynak öğesi için "Private" "false" olarak ayarlanmış olduğundan ve "Private", herhangi bir kaynak öğesi için "true" olarak ayarlanmış olmadığından bu başvuru "CopyLocal" değildir.
         Birincil başvuru: "System.Collections.NonGeneric, Version=10.0.0.0, Culture=neutral, PublicKeyToken=b03f5f7f11d50a3a".
             Çözümlenmiş dosya yolu: "C:\Program Files\dotnet\packs\Microsoft.NETCore.App.Ref\10.0.2\ref\net10.0\System.Collections.NonGeneric.dll".
             Başvuru, "{RawFileName}" arama yolu konumunda bulundu.
             En az bir kaynak öğesi için "Private" "false" olarak ayarlanmış olduğundan ve "Private", herhangi bir kaynak öğesi için "true" olarak ayarlanmış olmadığından bu başvuru "CopyLocal" değildir.
         Birincil başvuru: "System.Collections.Specialized, Version=10.0.0.0, Culture=neutral, PublicKeyToken=b03f5f7f11d50a3a".
             Çözümlenmiş dosya yolu: "C:\Program Files\dotnet\packs\Microsoft.NETCore.App.Ref\10.0.2\ref\net10.0\System.Collections.Specialized.dll".
             Başvuru, "{RawFileName}" arama yolu konumunda bulundu.
             En az bir kaynak öğesi için "Private" "false" olarak ayarlanmış olduğundan ve "Private", herhangi bir kaynak öğesi için "true" olarak ayarlanmış olmadığından bu başvuru "CopyLocal" değildir.
         Birincil başvuru: "System.Collections, Version=10.0.0.0, Culture=neutral, PublicKeyToken=b03f5f7f11d50a3a".
             Çözümlenmiş dosya yolu: "C:\Program Files\dotnet\packs\Microsoft.NETCore.App.Ref\10.0.2\ref\net10.0\System.Collections.dll".
             Başvuru, "{RawFileName}" arama yolu konumunda bulundu.
             En az bir kaynak öğesi için "Private" "false" olarak ayarlanmış olduğundan ve "Private", herhangi bir kaynak öğesi için "true" olarak ayarlanmış olmadığından bu başvuru "CopyLocal" değildir.
         Birincil başvuru: "System.ComponentModel.Annotations, Version=10.0.0.0, Culture=neutral, PublicKeyToken=b03f5f7f11d50a3a".
             Çözümlenmiş dosya yolu: "C:\Program Files\dotnet\packs\Microsoft.NETCore.App.Ref\10.0.2\ref\net10.0\System.ComponentModel.Annotations.dll".
             Başvuru, "{RawFileName}" arama yolu konumunda bulundu.
             En az bir kaynak öğesi için "Private" "false" olarak ayarlanmış olduğundan ve "Private", herhangi bir kaynak öğesi için "true" olarak ayarlanmış olmadığından bu başvuru "CopyLocal" değildir.
         Birincil başvuru: "System.ComponentModel.DataAnnotations, Version=4.0.0.0, Culture=neutral, PublicKeyToken=31bf3856ad364e35".
             Çözümlenmiş dosya yolu: "C:\Program Files\dotnet\packs\Microsoft.NETCore.App.Ref\10.0.2\ref\net10.0\System.ComponentModel.DataAnnotations.dll".
             Başvuru, "{RawFileName}" arama yolu konumunda bulundu.
             En az bir kaynak öğesi için "Private" "false" olarak ayarlanmış olduğundan ve "Private", herhangi bir kaynak öğesi için "true" olarak ayarlanmış olmadığından bu başvuru "CopyLocal" değildir.
         Birincil başvuru: "System.ComponentModel.EventBasedAsync, Version=10.0.0.0, Culture=neutral, PublicKeyToken=b03f5f7f11d50a3a".
             Çözümlenmiş dosya yolu: "C:\Program Files\dotnet\packs\Microsoft.NETCore.App.Ref\10.0.2\ref\net10.0\System.ComponentModel.EventBasedAsync.dll".
             Başvuru, "{RawFileName}" arama yolu konumunda bulundu.
             En az bir kaynak öğesi için "Private" "false" olarak ayarlanmış olduğundan ve "Private", herhangi bir kaynak öğesi için "true" olarak ayarlanmış olmadığından bu başvuru "CopyLocal" değildir.
         Birincil başvuru: "System.ComponentModel.Primitives, Version=10.0.0.0, Culture=neutral, PublicKeyToken=b03f5f7f11d50a3a".
             Çözümlenmiş dosya yolu: "C:\Program Files\dotnet\packs\Microsoft.NETCore.App.Ref\10.0.2\ref\net10.0\System.ComponentModel.Primitives.dll".
             Başvuru, "{RawFileName}" arama yolu konumunda bulundu.
             En az bir kaynak öğesi için "Private" "false" olarak ayarlanmış olduğundan ve "Private", herhangi bir kaynak öğesi için "true" olarak ayarlanmış olmadığından bu başvuru "CopyLocal" değildir.
         Birincil başvuru: "System.ComponentModel.TypeConverter, Version=10.0.0.0, Culture=neutral, PublicKeyToken=b03f5f7f11d50a3a".
             Çözümlenmiş dosya yolu: "C:\Program Files\dotnet\packs\Microsoft.NETCore.App.Ref\10.0.2\ref\net10.0\System.ComponentModel.TypeConverter.dll".
             Başvuru, "{RawFileName}" arama yolu konumunda bulundu.
             En az bir kaynak öğesi için "Private" "false" olarak ayarlanmış olduğundan ve "Private", herhangi bir kaynak öğesi için "true" olarak ayarlanmış olmadığından bu başvuru "CopyLocal" değildir.
         Birincil başvuru: "System.ComponentModel, Version=10.0.0.0, Culture=neutral, PublicKeyToken=b03f5f7f11d50a3a".
             Çözümlenmiş dosya yolu: "C:\Program Files\dotnet\packs\Microsoft.NETCore.App.Ref\10.0.2\ref\net10.0\System.ComponentModel.dll".
             Başvuru, "{RawFileName}" arama yolu konumunda bulundu.
             En az bir kaynak öğesi için "Private" "false" olarak ayarlanmış olduğundan ve "Private", herhangi bir kaynak öğesi için "true" olarak ayarlanmış olmadığından bu başvuru "CopyLocal" değildir.
         Birincil başvuru: "System.Configuration, Version=4.0.0.0, Culture=neutral, PublicKeyToken=b03f5f7f11d50a3a".
             Çözümlenmiş dosya yolu: "C:\Program Files\dotnet\packs\Microsoft.NETCore.App.Ref\10.0.2\ref\net10.0\System.Configuration.dll".
             Başvuru, "{RawFileName}" arama yolu konumunda bulundu.
             En az bir kaynak öğesi için "Private" "false" olarak ayarlanmış olduğundan ve "Private", herhangi bir kaynak öğesi için "true" olarak ayarlanmış olmadığından bu başvuru "CopyLocal" değildir.
         Birincil başvuru: "System.Console, Version=10.0.0.0, Culture=neutral, PublicKeyToken=b03f5f7f11d50a3a".
             Çözümlenmiş dosya yolu: "C:\Program Files\dotnet\packs\Microsoft.NETCore.App.Ref\10.0.2\ref\net10.0\System.Console.dll".
             Başvuru, "{RawFileName}" arama yolu konumunda bulundu.
             En az bir kaynak öğesi için "Private" "false" olarak ayarlanmış olduğundan ve "Private", herhangi bir kaynak öğesi için "true" olarak ayarlanmış olmadığından bu başvuru "CopyLocal" değildir.
         Birincil başvuru: "System.Core, Version=4.0.0.0, Culture=neutral, PublicKeyToken=b77a5c561934e089".
             Çözümlenmiş dosya yolu: "C:\Program Files\dotnet\packs\Microsoft.NETCore.App.Ref\10.0.2\ref\net10.0\System.Core.dll".
             Başvuru, "{RawFileName}" arama yolu konumunda bulundu.
             En az bir kaynak öğesi için "Private" "false" olarak ayarlanmış olduğundan ve "Private", herhangi bir kaynak öğesi için "true" olarak ayarlanmış olmadığından bu başvuru "CopyLocal" değildir.
         Birincil başvuru: "System.Data.Common, Version=10.0.0.0, Culture=neutral, PublicKeyToken=b03f5f7f11d50a3a".
             Çözümlenmiş dosya yolu: "C:\Program Files\dotnet\packs\Microsoft.NETCore.App.Ref\10.0.2\ref\net10.0\System.Data.Common.dll".
             Başvuru, "{RawFileName}" arama yolu konumunda bulundu.
             En az bir kaynak öğesi için "Private" "false" olarak ayarlanmış olduğundan ve "Private", herhangi bir kaynak öğesi için "true" olarak ayarlanmış olmadığından bu başvuru "CopyLocal" değildir.
         Birincil başvuru: "System.Data.DataSetExtensions, Version=10.0.0.0, Culture=neutral, PublicKeyToken=b77a5c561934e089".
             Çözümlenmiş dosya yolu: "C:\Program Files\dotnet\packs\Microsoft.NETCore.App.Ref\10.0.2\ref\net10.0\System.Data.DataSetExtensions.dll".
             Başvuru, "{RawFileName}" arama yolu konumunda bulundu.
             En az bir kaynak öğesi için "Private" "false" olarak ayarlanmış olduğundan ve "Private", herhangi bir kaynak öğesi için "true" olarak ayarlanmış olmadığından bu başvuru "CopyLocal" değildir.
         Birincil başvuru: "System.Data, Version=4.0.0.0, Culture=neutral, PublicKeyToken=b77a5c561934e089".
             Çözümlenmiş dosya yolu: "C:\Program Files\dotnet\packs\Microsoft.NETCore.App.Ref\10.0.2\ref\net10.0\System.Data.dll".
             Başvuru, "{RawFileName}" arama yolu konumunda bulundu.
             En az bir kaynak öğesi için "Private" "false" olarak ayarlanmış olduğundan ve "Private", herhangi bir kaynak öğesi için "true" olarak ayarlanmış olmadığından bu başvuru "CopyLocal" değildir.
         Birincil başvuru: "System.Diagnostics.Contracts, Version=10.0.0.0, Culture=neutral, PublicKeyToken=b03f5f7f11d50a3a".
             Çözümlenmiş dosya yolu: "C:\Program Files\dotnet\packs\Microsoft.NETCore.App.Ref\10.0.2\ref\net10.0\System.Diagnostics.Contracts.dll".
             Başvuru, "{RawFileName}" arama yolu konumunda bulundu.
             En az bir kaynak öğesi için "Private" "false" olarak ayarlanmış olduğundan ve "Private", herhangi bir kaynak öğesi için "true" olarak ayarlanmış olmadığından bu başvuru "CopyLocal" değildir.
         Birincil başvuru: "System.Diagnostics.Debug, Version=10.0.0.0, Culture=neutral, PublicKeyToken=b03f5f7f11d50a3a".
             Çözümlenmiş dosya yolu: "C:\Program Files\dotnet\packs\Microsoft.NETCore.App.Ref\10.0.2\ref\net10.0\System.Diagnostics.Debug.dll".
             Başvuru, "{RawFileName}" arama yolu konumunda bulundu.
             En az bir kaynak öğesi için "Private" "false" olarak ayarlanmış olduğundan ve "Private", herhangi bir kaynak öğesi için "true" olarak ayarlanmış olmadığından bu başvuru "CopyLocal" değildir.
         Birincil başvuru: "System.Diagnostics.DiagnosticSource, Version=10.0.0.0, Culture=neutral, PublicKeyToken=cc7b13ffcd2ddd51".
             Çözümlenmiş dosya yolu: "C:\Program Files\dotnet\packs\Microsoft.NETCore.App.Ref\10.0.2\ref\net10.0\System.Diagnostics.DiagnosticSource.dll".
             Başvuru, "{RawFileName}" arama yolu konumunda bulundu.
             En az bir kaynak öğesi için "Private" "false" olarak ayarlanmış olduğundan ve "Private", herhangi bir kaynak öğesi için "true" olarak ayarlanmış olmadığından bu başvuru "CopyLocal" değildir.
         Birincil başvuru: "System.Diagnostics.FileVersionInfo, Version=10.0.0.0, Culture=neutral, PublicKeyToken=b03f5f7f11d50a3a".
             Çözümlenmiş dosya yolu: "C:\Program Files\dotnet\packs\Microsoft.NETCore.App.Ref\10.0.2\ref\net10.0\System.Diagnostics.FileVersionInfo.dll".
             Başvuru, "{RawFileName}" arama yolu konumunda bulundu.
             En az bir kaynak öğesi için "Private" "false" olarak ayarlanmış olduğundan ve "Private", herhangi bir kaynak öğesi için "true" olarak ayarlanmış olmadığından bu başvuru "CopyLocal" değildir.
         Birincil başvuru: "System.Diagnostics.Process, Version=10.0.0.0, Culture=neutral, PublicKeyToken=b03f5f7f11d50a3a".
             Çözümlenmiş dosya yolu: "C:\Program Files\dotnet\packs\Microsoft.NETCore.App.Ref\10.0.2\ref\net10.0\System.Diagnostics.Process.dll".
             Başvuru, "{RawFileName}" arama yolu konumunda bulundu.
             En az bir kaynak öğesi için "Private" "false" olarak ayarlanmış olduğundan ve "Private", herhangi bir kaynak öğesi için "true" olarak ayarlanmış olmadığından bu başvuru "CopyLocal" değildir.
         Birincil başvuru: "System.Diagnostics.StackTrace, Version=10.0.0.0, Culture=neutral, PublicKeyToken=b03f5f7f11d50a3a".
             Çözümlenmiş dosya yolu: "C:\Program Files\dotnet\packs\Microsoft.NETCore.App.Ref\10.0.2\ref\net10.0\System.Diagnostics.StackTrace.dll".
             Başvuru, "{RawFileName}" arama yolu konumunda bulundu.
             En az bir kaynak öğesi için "Private" "false" olarak ayarlanmış olduğundan ve "Private", herhangi bir kaynak öğesi için "true" olarak ayarlanmış olmadığından bu başvuru "CopyLocal" değildir.
         Birincil başvuru: "System.Diagnostics.TextWriterTraceListener, Version=10.0.0.0, Culture=neutral, PublicKeyToken=b03f5f7f11d50a3a".
             Çözümlenmiş dosya yolu: "C:\Program Files\dotnet\packs\Microsoft.NETCore.App.Ref\10.0.2\ref\net10.0\System.Diagnostics.TextWriterTraceListener.dll".
             Başvuru, "{RawFileName}" arama yolu konumunda bulundu.
             En az bir kaynak öğesi için "Private" "false" olarak ayarlanmış olduğundan ve "Private", herhangi bir kaynak öğesi için "true" olarak ayarlanmış olmadığından bu başvuru "CopyLocal" değildir.
         Birincil başvuru: "System.Diagnostics.Tools, Version=10.0.0.0, Culture=neutral, PublicKeyToken=b03f5f7f11d50a3a".
             Çözümlenmiş dosya yolu: "C:\Program Files\dotnet\packs\Microsoft.NETCore.App.Ref\10.0.2\ref\net10.0\System.Diagnostics.Tools.dll".
             Başvuru, "{RawFileName}" arama yolu konumunda bulundu.
             En az bir kaynak öğesi için "Private" "false" olarak ayarlanmış olduğundan ve "Private", herhangi bir kaynak öğesi için "true" olarak ayarlanmış olmadığından bu başvuru "CopyLocal" değildir.
         Birincil başvuru: "System.Diagnostics.TraceSource, Version=10.0.0.0, Culture=neutral, PublicKeyToken=b03f5f7f11d50a3a".
             Çözümlenmiş dosya yolu: "C:\Program Files\dotnet\packs\Microsoft.NETCore.App.Ref\10.0.2\ref\net10.0\System.Diagnostics.TraceSource.dll".
             Başvuru, "{RawFileName}" arama yolu konumunda bulundu.
             En az bir kaynak öğesi için "Private" "false" olarak ayarlanmış olduğundan ve "Private", herhangi bir kaynak öğesi için "true" olarak ayarlanmış olmadığından bu başvuru "CopyLocal" değildir.
         Birincil başvuru: "System.Diagnostics.Tracing, Version=10.0.0.0, Culture=neutral, PublicKeyToken=b03f5f7f11d50a3a".
             Çözümlenmiş dosya yolu: "C:\Program Files\dotnet\packs\Microsoft.NETCore.App.Ref\10.0.2\ref\net10.0\System.Diagnostics.Tracing.dll".
             Başvuru, "{RawFileName}" arama yolu konumunda bulundu.
             En az bir kaynak öğesi için "Private" "false" olarak ayarlanmış olduğundan ve "Private", herhangi bir kaynak öğesi için "true" olarak ayarlanmış olmadığından bu başvuru "CopyLocal" değildir.
         Birincil başvuru: "System.Drawing.Primitives, Version=10.0.0.0, Culture=neutral, PublicKeyToken=b03f5f7f11d50a3a".
             Çözümlenmiş dosya yolu: "C:\Program Files\dotnet\packs\Microsoft.NETCore.App.Ref\10.0.2\ref\net10.0\System.Drawing.Primitives.dll".
             Başvuru, "{RawFileName}" arama yolu konumunda bulundu.
             En az bir kaynak öğesi için "Private" "false" olarak ayarlanmış olduğundan ve "Private", herhangi bir kaynak öğesi için "true" olarak ayarlanmış olmadığından bu başvuru "CopyLocal" değildir.
         Birincil başvuru: "System.Drawing, Version=4.0.0.0, Culture=neutral, PublicKeyToken=b03f5f7f11d50a3a".
             Çözümlenmiş dosya yolu: "C:\Program Files\dotnet\packs\Microsoft.NETCore.App.Ref\10.0.2\ref\net10.0\System.Drawing.dll".
             Başvuru, "{RawFileName}" arama yolu konumunda bulundu.
             En az bir kaynak öğesi için "Private" "false" olarak ayarlanmış olduğundan ve "Private", herhangi bir kaynak öğesi için "true" olarak ayarlanmış olmadığından bu başvuru "CopyLocal" değildir.
         Birincil başvuru: "System.Dynamic.Runtime, Version=10.0.0.0, Culture=neutral, PublicKeyToken=b03f5f7f11d50a3a".
             Çözümlenmiş dosya yolu: "C:\Program Files\dotnet\packs\Microsoft.NETCore.App.Ref\10.0.2\ref\net10.0\System.Dynamic.Runtime.dll".
             Başvuru, "{RawFileName}" arama yolu konumunda bulundu.
             En az bir kaynak öğesi için "Private" "false" olarak ayarlanmış olduğundan ve "Private", herhangi bir kaynak öğesi için "true" olarak ayarlanmış olmadığından bu başvuru "CopyLocal" değildir.
         Birincil başvuru: "System.Formats.Asn1, Version=10.0.0.0, Culture=neutral, PublicKeyToken=cc7b13ffcd2ddd51".
             Çözümlenmiş dosya yolu: "C:\Program Files\dotnet\packs\Microsoft.NETCore.App.Ref\10.0.2\ref\net10.0\System.Formats.Asn1.dll".
             Başvuru, "{RawFileName}" arama yolu konumunda bulundu.
             En az bir kaynak öğesi için "Private" "false" olarak ayarlanmış olduğundan ve "Private", herhangi bir kaynak öğesi için "true" olarak ayarlanmış olmadığından bu başvuru "CopyLocal" değildir.
         Birincil başvuru: "System.Formats.Tar, Version=10.0.0.0, Culture=neutral, PublicKeyToken=cc7b13ffcd2ddd51".
             Çözümlenmiş dosya yolu: "C:\Program Files\dotnet\packs\Microsoft.NETCore.App.Ref\10.0.2\ref\net10.0\System.Formats.Tar.dll".
             Başvuru, "{RawFileName}" arama yolu konumunda bulundu.
             En az bir kaynak öğesi için "Private" "false" olarak ayarlanmış olduğundan ve "Private", herhangi bir kaynak öğesi için "true" olarak ayarlanmış olmadığından bu başvuru "CopyLocal" değildir.
         Birincil başvuru: "System.Globalization.Calendars, Version=10.0.0.0, Culture=neutral, PublicKeyToken=b03f5f7f11d50a3a".
             Çözümlenmiş dosya yolu: "C:\Program Files\dotnet\packs\Microsoft.NETCore.App.Ref\10.0.2\ref\net10.0\System.Globalization.Calendars.dll".
             Başvuru, "{RawFileName}" arama yolu konumunda bulundu.
             En az bir kaynak öğesi için "Private" "false" olarak ayarlanmış olduğundan ve "Private", herhangi bir kaynak öğesi için "true" olarak ayarlanmış olmadığından bu başvuru "CopyLocal" değildir.
         Birincil başvuru: "System.Globalization.Extensions, Version=10.0.0.0, Culture=neutral, PublicKeyToken=b03f5f7f11d50a3a".
             Çözümlenmiş dosya yolu: "C:\Program Files\dotnet\packs\Microsoft.NETCore.App.Ref\10.0.2\ref\net10.0\System.Globalization.Extensions.dll".
             Başvuru, "{RawFileName}" arama yolu konumunda bulundu.
             En az bir kaynak öğesi için "Private" "false" olarak ayarlanmış olduğundan ve "Private", herhangi bir kaynak öğesi için "true" olarak ayarlanmış olmadığından bu başvuru "CopyLocal" değildir.
         Birincil başvuru: "System.Globalization, Version=10.0.0.0, Culture=neutral, PublicKeyToken=b03f5f7f11d50a3a".
             Çözümlenmiş dosya yolu: "C:\Program Files\dotnet\packs\Microsoft.NETCore.App.Ref\10.0.2\ref\net10.0\System.Globalization.dll".
             Başvuru, "{RawFileName}" arama yolu konumunda bulundu.
             En az bir kaynak öğesi için "Private" "false" olarak ayarlanmış olduğundan ve "Private", herhangi bir kaynak öğesi için "true" olarak ayarlanmış olmadığından bu başvuru "CopyLocal" değildir.
         Birincil başvuru: "System.IO.Compression.Brotli, Version=10.0.0.0, Culture=neutral, PublicKeyToken=b77a5c561934e089".
             Çözümlenmiş dosya yolu: "C:\Program Files\dotnet\packs\Microsoft.NETCore.App.Ref\10.0.2\ref\net10.0\System.IO.Compression.Brotli.dll".
             Başvuru, "{RawFileName}" arama yolu konumunda bulundu.
             En az bir kaynak öğesi için "Private" "false" olarak ayarlanmış olduğundan ve "Private", herhangi bir kaynak öğesi için "true" olarak ayarlanmış olmadığından bu başvuru "CopyLocal" değildir.
         Birincil başvuru: "System.IO.Compression.FileSystem, Version=4.0.0.0, Culture=neutral, PublicKeyToken=b77a5c561934e089".
             Çözümlenmiş dosya yolu: "C:\Program Files\dotnet\packs\Microsoft.NETCore.App.Ref\10.0.2\ref\net10.0\System.IO.Compression.FileSystem.dll".
             Başvuru, "{RawFileName}" arama yolu konumunda bulundu.
             En az bir kaynak öğesi için "Private" "false" olarak ayarlanmış olduğundan ve "Private", herhangi bir kaynak öğesi için "true" olarak ayarlanmış olmadığından bu başvuru "CopyLocal" değildir.
         Birincil başvuru: "System.IO.Compression.ZipFile, Version=10.0.0.0, Culture=neutral, PublicKeyToken=b77a5c561934e089".
             Çözümlenmiş dosya yolu: "C:\Program Files\dotnet\packs\Microsoft.NETCore.App.Ref\10.0.2\ref\net10.0\System.IO.Compression.ZipFile.dll".
             Başvuru, "{RawFileName}" arama yolu konumunda bulundu.
             En az bir kaynak öğesi için "Private" "false" olarak ayarlanmış olduğundan ve "Private", herhangi bir kaynak öğesi için "true" olarak ayarlanmış olmadığından bu başvuru "CopyLocal" değildir.
         Birincil başvuru: "System.IO.Compression, Version=10.0.0.0, Culture=neutral, PublicKeyToken=b77a5c561934e089".
             Çözümlenmiş dosya yolu: "C:\Program Files\dotnet\packs\Microsoft.NETCore.App.Ref\10.0.2\ref\net10.0\System.IO.Compression.dll".
             Başvuru, "{RawFileName}" arama yolu konumunda bulundu.
             En az bir kaynak öğesi için "Private" "false" olarak ayarlanmış olduğundan ve "Private", herhangi bir kaynak öğesi için "true" olarak ayarlanmış olmadığından bu başvuru "CopyLocal" değildir.
         Birincil başvuru: "System.IO.FileSystem.AccessControl, Version=10.0.0.0, Culture=neutral, PublicKeyToken=b03f5f7f11d50a3a".
             Çözümlenmiş dosya yolu: "C:\Program Files\dotnet\packs\Microsoft.NETCore.App.Ref\10.0.2\ref\net10.0\System.IO.FileSystem.AccessControl.dll".
             Başvuru, "{RawFileName}" arama yolu konumunda bulundu.
             En az bir kaynak öğesi için "Private" "false" olarak ayarlanmış olduğundan ve "Private", herhangi bir kaynak öğesi için "true" olarak ayarlanmış olmadığından bu başvuru "CopyLocal" değildir.
         Birincil başvuru: "System.IO.FileSystem.DriveInfo, Version=10.0.0.0, Culture=neutral, PublicKeyToken=b03f5f7f11d50a3a".
             Çözümlenmiş dosya yolu: "C:\Program Files\dotnet\packs\Microsoft.NETCore.App.Ref\10.0.2\ref\net10.0\System.IO.FileSystem.DriveInfo.dll".
             Başvuru, "{RawFileName}" arama yolu konumunda bulundu.
             En az bir kaynak öğesi için "Private" "false" olarak ayarlanmış olduğundan ve "Private", herhangi bir kaynak öğesi için "true" olarak ayarlanmış olmadığından bu başvuru "CopyLocal" değildir.
         Birincil başvuru: "System.IO.FileSystem.Primitives, Version=10.0.0.0, Culture=neutral, PublicKeyToken=b03f5f7f11d50a3a".
             Çözümlenmiş dosya yolu: "C:\Program Files\dotnet\packs\Microsoft.NETCore.App.Ref\10.0.2\ref\net10.0\System.IO.FileSystem.Primitives.dll".
             Başvuru, "{RawFileName}" arama yolu konumunda bulundu.
             En az bir kaynak öğesi için "Private" "false" olarak ayarlanmış olduğundan ve "Private", herhangi bir kaynak öğesi için "true" olarak ayarlanmış olmadığından bu başvuru "CopyLocal" değildir.
         Birincil başvuru: "System.IO.FileSystem.Watcher, Version=10.0.0.0, Culture=neutral, PublicKeyToken=b03f5f7f11d50a3a".
             Çözümlenmiş dosya yolu: "C:\Program Files\dotnet\packs\Microsoft.NETCore.App.Ref\10.0.2\ref\net10.0\System.IO.FileSystem.Watcher.dll".
             Başvuru, "{RawFileName}" arama yolu konumunda bulundu.
             En az bir kaynak öğesi için "Private" "false" olarak ayarlanmış olduğundan ve "Private", herhangi bir kaynak öğesi için "true" olarak ayarlanmış olmadığından bu başvuru "CopyLocal" değildir.
         Birincil başvuru: "System.IO.FileSystem, Version=10.0.0.0, Culture=neutral, PublicKeyToken=b03f5f7f11d50a3a".
             Çözümlenmiş dosya yolu: "C:\Program Files\dotnet\packs\Microsoft.NETCore.App.Ref\10.0.2\ref\net10.0\System.IO.FileSystem.dll".
             Başvuru, "{RawFileName}" arama yolu konumunda bulundu.
             En az bir kaynak öğesi için "Private" "false" olarak ayarlanmış olduğundan ve "Private", herhangi bir kaynak öğesi için "true" olarak ayarlanmış olmadığından bu başvuru "CopyLocal" değildir.
         Birincil başvuru: "System.IO.IsolatedStorage, Version=10.0.0.0, Culture=neutral, PublicKeyToken=b03f5f7f11d50a3a".
             Çözümlenmiş dosya yolu: "C:\Program Files\dotnet\packs\Microsoft.NETCore.App.Ref\10.0.2\ref\net10.0\System.IO.IsolatedStorage.dll".
             Başvuru, "{RawFileName}" arama yolu konumunda bulundu.
             En az bir kaynak öğesi için "Private" "false" olarak ayarlanmış olduğundan ve "Private", herhangi bir kaynak öğesi için "true" olarak ayarlanmış olmadığından bu başvuru "CopyLocal" değildir.
         Birincil başvuru: "System.IO.MemoryMappedFiles, Version=10.0.0.0, Culture=neutral, PublicKeyToken=b03f5f7f11d50a3a".
             Çözümlenmiş dosya yolu: "C:\Program Files\dotnet\packs\Microsoft.NETCore.App.Ref\10.0.2\ref\net10.0\System.IO.MemoryMappedFiles.dll".
             Başvuru, "{RawFileName}" arama yolu konumunda bulundu.
             En az bir kaynak öğesi için "Private" "false" olarak ayarlanmış olduğundan ve "Private", herhangi bir kaynak öğesi için "true" olarak ayarlanmış olmadığından bu başvuru "CopyLocal" değildir.
         Birincil başvuru: "System.IO.Pipelines, Version=10.0.0.0, Culture=neutral, PublicKeyToken=cc7b13ffcd2ddd51".
             Çözümlenmiş dosya yolu: "C:\Program Files\dotnet\packs\Microsoft.NETCore.App.Ref\10.0.2\ref\net10.0\System.IO.Pipelines.dll".
             Başvuru, "{RawFileName}" arama yolu konumunda bulundu.
             En az bir kaynak öğesi için "Private" "false" olarak ayarlanmış olduğundan ve "Private", herhangi bir kaynak öğesi için "true" olarak ayarlanmış olmadığından bu başvuru "CopyLocal" değildir.
         Birincil başvuru: "System.IO.Pipes.AccessControl, Version=10.0.0.0, Culture=neutral, PublicKeyToken=b03f5f7f11d50a3a".
             Çözümlenmiş dosya yolu: "C:\Program Files\dotnet\packs\Microsoft.NETCore.App.Ref\10.0.2\ref\net10.0\System.IO.Pipes.AccessControl.dll".
             Başvuru, "{RawFileName}" arama yolu konumunda bulundu.
             En az bir kaynak öğesi için "Private" "false" olarak ayarlanmış olduğundan ve "Private", herhangi bir kaynak öğesi için "true" olarak ayarlanmış olmadığından bu başvuru "CopyLocal" değildir.
         Birincil başvuru: "System.IO.Pipes, Version=10.0.0.0, Culture=neutral, PublicKeyToken=b03f5f7f11d50a3a".
             Çözümlenmiş dosya yolu: "C:\Program Files\dotnet\packs\Microsoft.NETCore.App.Ref\10.0.2\ref\net10.0\System.IO.Pipes.dll".
             Başvuru, "{RawFileName}" arama yolu konumunda bulundu.
             En az bir kaynak öğesi için "Private" "false" olarak ayarlanmış olduğundan ve "Private", herhangi bir kaynak öğesi için "true" olarak ayarlanmış olmadığından bu başvuru "CopyLocal" değildir.
         Birincil başvuru: "System.IO.UnmanagedMemoryStream, Version=10.0.0.0, Culture=neutral, PublicKeyToken=b03f5f7f11d50a3a".
             Çözümlenmiş dosya yolu: "C:\Program Files\dotnet\packs\Microsoft.NETCore.App.Ref\10.0.2\ref\net10.0\System.IO.UnmanagedMemoryStream.dll".
             Başvuru, "{RawFileName}" arama yolu konumunda bulundu.
             En az bir kaynak öğesi için "Private" "false" olarak ayarlanmış olduğundan ve "Private", herhangi bir kaynak öğesi için "true" olarak ayarlanmış olmadığından bu başvuru "CopyLocal" değildir.
         Birincil başvuru: "System.IO, Version=10.0.0.0, Culture=neutral, PublicKeyToken=b03f5f7f11d50a3a".
             Çözümlenmiş dosya yolu: "C:\Program Files\dotnet\packs\Microsoft.NETCore.App.Ref\10.0.2\ref\net10.0\System.IO.dll".
             Başvuru, "{RawFileName}" arama yolu konumunda bulundu.
             En az bir kaynak öğesi için "Private" "false" olarak ayarlanmış olduğundan ve "Private", herhangi bir kaynak öğesi için "true" olarak ayarlanmış olmadığından bu başvuru "CopyLocal" değildir.
         Birincil başvuru: "System.Linq.AsyncEnumerable, Version=10.0.0.0, Culture=neutral, PublicKeyToken=b03f5f7f11d50a3a".
             Çözümlenmiş dosya yolu: "C:\Program Files\dotnet\packs\Microsoft.NETCore.App.Ref\10.0.2\ref\net10.0\System.Linq.AsyncEnumerable.dll".
             Başvuru, "{RawFileName}" arama yolu konumunda bulundu.
             En az bir kaynak öğesi için "Private" "false" olarak ayarlanmış olduğundan ve "Private", herhangi bir kaynak öğesi için "true" olarak ayarlanmış olmadığından bu başvuru "CopyLocal" değildir.
         Birincil başvuru: "System.Linq.Expressions, Version=10.0.0.0, Culture=neutral, PublicKeyToken=b03f5f7f11d50a3a".
             Çözümlenmiş dosya yolu: "C:\Program Files\dotnet\packs\Microsoft.NETCore.App.Ref\10.0.2\ref\net10.0\System.Linq.Expressions.dll".
             Başvuru, "{RawFileName}" arama yolu konumunda bulundu.
             En az bir kaynak öğesi için "Private" "false" olarak ayarlanmış olduğundan ve "Private", herhangi bir kaynak öğesi için "true" olarak ayarlanmış olmadığından bu başvuru "CopyLocal" değildir.
         Birincil başvuru: "System.Linq.Parallel, Version=10.0.0.0, Culture=neutral, PublicKeyToken=b03f5f7f11d50a3a".
             Çözümlenmiş dosya yolu: "C:\Program Files\dotnet\packs\Microsoft.NETCore.App.Ref\10.0.2\ref\net10.0\System.Linq.Parallel.dll".
             Başvuru, "{RawFileName}" arama yolu konumunda bulundu.
             En az bir kaynak öğesi için "Private" "false" olarak ayarlanmış olduğundan ve "Private", herhangi bir kaynak öğesi için "true" olarak ayarlanmış olmadığından bu başvuru "CopyLocal" değildir.
         Birincil başvuru: "System.Linq.Queryable, Version=10.0.0.0, Culture=neutral, PublicKeyToken=b03f5f7f11d50a3a".
             Çözümlenmiş dosya yolu: "C:\Program Files\dotnet\packs\Microsoft.NETCore.App.Ref\10.0.2\ref\net10.0\System.Linq.Queryable.dll".
             Başvuru, "{RawFileName}" arama yolu konumunda bulundu.
             En az bir kaynak öğesi için "Private" "false" olarak ayarlanmış olduğundan ve "Private", herhangi bir kaynak öğesi için "true" olarak ayarlanmış olmadığından bu başvuru "CopyLocal" değildir.
         Birincil başvuru: "System.Linq, Version=10.0.0.0, Culture=neutral, PublicKeyToken=b03f5f7f11d50a3a".
             Çözümlenmiş dosya yolu: "C:\Program Files\dotnet\packs\Microsoft.NETCore.App.Ref\10.0.2\ref\net10.0\System.Linq.dll".
             Başvuru, "{RawFileName}" arama yolu konumunda bulundu.
             En az bir kaynak öğesi için "Private" "false" olarak ayarlanmış olduğundan ve "Private", herhangi bir kaynak öğesi için "true" olarak ayarlanmış olmadığından bu başvuru "CopyLocal" değildir.
         Birincil başvuru: "System.Memory, Version=10.0.0.0, Culture=neutral, PublicKeyToken=cc7b13ffcd2ddd51".
             Çözümlenmiş dosya yolu: "C:\Program Files\dotnet\packs\Microsoft.NETCore.App.Ref\10.0.2\ref\net10.0\System.Memory.dll".
             Başvuru, "{RawFileName}" arama yolu konumunda bulundu.
             En az bir kaynak öğesi için "Private" "false" olarak ayarlanmış olduğundan ve "Private", herhangi bir kaynak öğesi için "true" olarak ayarlanmış olmadığından bu başvuru "CopyLocal" değildir.
         Birincil başvuru: "System.Net.Http.Json, Version=10.0.0.0, Culture=neutral, PublicKeyToken=cc7b13ffcd2ddd51".
             Çözümlenmiş dosya yolu: "C:\Program Files\dotnet\packs\Microsoft.NETCore.App.Ref\10.0.2\ref\net10.0\System.Net.Http.Json.dll".
             Başvuru, "{RawFileName}" arama yolu konumunda bulundu.
             En az bir kaynak öğesi için "Private" "false" olarak ayarlanmış olduğundan ve "Private", herhangi bir kaynak öğesi için "true" olarak ayarlanmış olmadığından bu başvuru "CopyLocal" değildir.
         Birincil başvuru: "System.Net.Http, Version=10.0.0.0, Culture=neutral, PublicKeyToken=b03f5f7f11d50a3a".
             Çözümlenmiş dosya yolu: "C:\Program Files\dotnet\packs\Microsoft.NETCore.App.Ref\10.0.2\ref\net10.0\System.Net.Http.dll".
             Başvuru, "{RawFileName}" arama yolu konumunda bulundu.
             En az bir kaynak öğesi için "Private" "false" olarak ayarlanmış olduğundan ve "Private", herhangi bir kaynak öğesi için "true" olarak ayarlanmış olmadığından bu başvuru "CopyLocal" değildir.
         Birincil başvuru: "System.Net.HttpListener, Version=10.0.0.0, Culture=neutral, PublicKeyToken=cc7b13ffcd2ddd51".
             Çözümlenmiş dosya yolu: "C:\Program Files\dotnet\packs\Microsoft.NETCore.App.Ref\10.0.2\ref\net10.0\System.Net.HttpListener.dll".
             Başvuru, "{RawFileName}" arama yolu konumunda bulundu.
             En az bir kaynak öğesi için "Private" "false" olarak ayarlanmış olduğundan ve "Private", herhangi bir kaynak öğesi için "true" olarak ayarlanmış olmadığından bu başvuru "CopyLocal" değildir.
         Birincil başvuru: "System.Net.Mail, Version=10.0.0.0, Culture=neutral, PublicKeyToken=cc7b13ffcd2ddd51".
             Çözümlenmiş dosya yolu: "C:\Program Files\dotnet\packs\Microsoft.NETCore.App.Ref\10.0.2\ref\net10.0\System.Net.Mail.dll".
             Başvuru, "{RawFileName}" arama yolu konumunda bulundu.
             En az bir kaynak öğesi için "Private" "false" olarak ayarlanmış olduğundan ve "Private", herhangi bir kaynak öğesi için "true" olarak ayarlanmış olmadığından bu başvuru "CopyLocal" değildir.
         Birincil başvuru: "System.Net.NameResolution, Version=10.0.0.0, Culture=neutral, PublicKeyToken=b03f5f7f11d50a3a".
             Çözümlenmiş dosya yolu: "C:\Program Files\dotnet\packs\Microsoft.NETCore.App.Ref\10.0.2\ref\net10.0\System.Net.NameResolution.dll".
             Başvuru, "{RawFileName}" arama yolu konumunda bulundu.
             En az bir kaynak öğesi için "Private" "false" olarak ayarlanmış olduğundan ve "Private", herhangi bir kaynak öğesi için "true" olarak ayarlanmış olmadığından bu başvuru "CopyLocal" değildir.
         Birincil başvuru: "System.Net.NetworkInformation, Version=10.0.0.0, Culture=neutral, PublicKeyToken=b03f5f7f11d50a3a".
             Çözümlenmiş dosya yolu: "C:\Program Files\dotnet\packs\Microsoft.NETCore.App.Ref\10.0.2\ref\net10.0\System.Net.NetworkInformation.dll".
             Başvuru, "{RawFileName}" arama yolu konumunda bulundu.
             En az bir kaynak öğesi için "Private" "false" olarak ayarlanmış olduğundan ve "Private", herhangi bir kaynak öğesi için "true" olarak ayarlanmış olmadığından bu başvuru "CopyLocal" değildir.
         Birincil başvuru: "System.Net.Ping, Version=10.0.0.0, Culture=neutral, PublicKeyToken=b03f5f7f11d50a3a".
             Çözümlenmiş dosya yolu: "C:\Program Files\dotnet\packs\Microsoft.NETCore.App.Ref\10.0.2\ref\net10.0\System.Net.Ping.dll".
             Başvuru, "{RawFileName}" arama yolu konumunda bulundu.
             En az bir kaynak öğesi için "Private" "false" olarak ayarlanmış olduğundan ve "Private", herhangi bir kaynak öğesi için "true" olarak ayarlanmış olmadığından bu başvuru "CopyLocal" değildir.
         Birincil başvuru: "System.Net.Primitives, Version=10.0.0.0, Culture=neutral, PublicKeyToken=b03f5f7f11d50a3a".
             Çözümlenmiş dosya yolu: "C:\Program Files\dotnet\packs\Microsoft.NETCore.App.Ref\10.0.2\ref\net10.0\System.Net.Primitives.dll".
             Başvuru, "{RawFileName}" arama yolu konumunda bulundu.
             En az bir kaynak öğesi için "Private" "false" olarak ayarlanmış olduğundan ve "Private", herhangi bir kaynak öğesi için "true" olarak ayarlanmış olmadığından bu başvuru "CopyLocal" değildir.
         Birincil başvuru: "System.Net.Quic, Version=10.0.0.0, Culture=neutral, PublicKeyToken=b03f5f7f11d50a3a".
             Çözümlenmiş dosya yolu: "C:\Program Files\dotnet\packs\Microsoft.NETCore.App.Ref\10.0.2\ref\net10.0\System.Net.Quic.dll".
             Başvuru, "{RawFileName}" arama yolu konumunda bulundu.
             En az bir kaynak öğesi için "Private" "false" olarak ayarlanmış olduğundan ve "Private", herhangi bir kaynak öğesi için "true" olarak ayarlanmış olmadığından bu başvuru "CopyLocal" değildir.
         Birincil başvuru: "System.Net.Requests, Version=10.0.0.0, Culture=neutral, PublicKeyToken=b03f5f7f11d50a3a".
             Çözümlenmiş dosya yolu: "C:\Program Files\dotnet\packs\Microsoft.NETCore.App.Ref\10.0.2\ref\net10.0\System.Net.Requests.dll".
             Başvuru, "{RawFileName}" arama yolu konumunda bulundu.
             En az bir kaynak öğesi için "Private" "false" olarak ayarlanmış olduğundan ve "Private", herhangi bir kaynak öğesi için "true" olarak ayarlanmış olmadığından bu başvuru "CopyLocal" değildir.
         Birincil başvuru: "System.Net.Security, Version=10.0.0.0, Culture=neutral, PublicKeyToken=b03f5f7f11d50a3a".
             Çözümlenmiş dosya yolu: "C:\Program Files\dotnet\packs\Microsoft.NETCore.App.Ref\10.0.2\ref\net10.0\System.Net.Security.dll".
             Başvuru, "{RawFileName}" arama yolu konumunda bulundu.
             En az bir kaynak öğesi için "Private" "false" olarak ayarlanmış olduğundan ve "Private", herhangi bir kaynak öğesi için "true" olarak ayarlanmış olmadığından bu başvuru "CopyLocal" değildir.
         Birincil başvuru: "System.Net.ServerSentEvents, Version=10.0.0.0, Culture=neutral, PublicKeyToken=cc7b13ffcd2ddd51".
             Çözümlenmiş dosya yolu: "C:\Program Files\dotnet\packs\Microsoft.NETCore.App.Ref\10.0.2\ref\net10.0\System.Net.ServerSentEvents.dll".
             Başvuru, "{RawFileName}" arama yolu konumunda bulundu.
             En az bir kaynak öğesi için "Private" "false" olarak ayarlanmış olduğundan ve "Private", herhangi bir kaynak öğesi için "true" olarak ayarlanmış olmadığından bu başvuru "CopyLocal" değildir.
         Birincil başvuru: "System.Net.ServicePoint, Version=10.0.0.0, Culture=neutral, PublicKeyToken=cc7b13ffcd2ddd51".
             Çözümlenmiş dosya yolu: "C:\Program Files\dotnet\packs\Microsoft.NETCore.App.Ref\10.0.2\ref\net10.0\System.Net.ServicePoint.dll".
             Başvuru, "{RawFileName}" arama yolu konumunda bulundu.
             En az bir kaynak öğesi için "Private" "false" olarak ayarlanmış olduğundan ve "Private", herhangi bir kaynak öğesi için "true" olarak ayarlanmış olmadığından bu başvuru "CopyLocal" değildir.
         Birincil başvuru: "System.Net.Sockets, Version=10.0.0.0, Culture=neutral, PublicKeyToken=b03f5f7f11d50a3a".
             Çözümlenmiş dosya yolu: "C:\Program Files\dotnet\packs\Microsoft.NETCore.App.Ref\10.0.2\ref\net10.0\System.Net.Sockets.dll".
             Başvuru, "{RawFileName}" arama yolu konumunda bulundu.
             En az bir kaynak öğesi için "Private" "false" olarak ayarlanmış olduğundan ve "Private", herhangi bir kaynak öğesi için "true" olarak ayarlanmış olmadığından bu başvuru "CopyLocal" değildir.
         Birincil başvuru: "System.Net.WebClient, Version=10.0.0.0, Culture=neutral, PublicKeyToken=cc7b13ffcd2ddd51".
             Çözümlenmiş dosya yolu: "C:\Program Files\dotnet\packs\Microsoft.NETCore.App.Ref\10.0.2\ref\net10.0\System.Net.WebClient.dll".
             Başvuru, "{RawFileName}" arama yolu konumunda bulundu.
             En az bir kaynak öğesi için "Private" "false" olarak ayarlanmış olduğundan ve "Private", herhangi bir kaynak öğesi için "true" olarak ayarlanmış olmadığından bu başvuru "CopyLocal" değildir.
         Birincil başvuru: "System.Net.WebHeaderCollection, Version=10.0.0.0, Culture=neutral, PublicKeyToken=b03f5f7f11d50a3a".
             Çözümlenmiş dosya yolu: "C:\Program Files\dotnet\packs\Microsoft.NETCore.App.Ref\10.0.2\ref\net10.0\System.Net.WebHeaderCollection.dll".
             Başvuru, "{RawFileName}" arama yolu konumunda bulundu.
             En az bir kaynak öğesi için "Private" "false" olarak ayarlanmış olduğundan ve "Private", herhangi bir kaynak öğesi için "true" olarak ayarlanmış olmadığından bu başvuru "CopyLocal" değildir.
         Birincil başvuru: "System.Net.WebProxy, Version=10.0.0.0, Culture=neutral, PublicKeyToken=cc7b13ffcd2ddd51".
             Çözümlenmiş dosya yolu: "C:\Program Files\dotnet\packs\Microsoft.NETCore.App.Ref\10.0.2\ref\net10.0\System.Net.WebProxy.dll".
             Başvuru, "{RawFileName}" arama yolu konumunda bulundu.
             En az bir kaynak öğesi için "Private" "false" olarak ayarlanmış olduğundan ve "Private", herhangi bir kaynak öğesi için "true" olarak ayarlanmış olmadığından bu başvuru "CopyLocal" değildir.
         Birincil başvuru: "System.Net.WebSockets.Client, Version=10.0.0.0, Culture=neutral, PublicKeyToken=b03f5f7f11d50a3a".
             Çözümlenmiş dosya yolu: "C:\Program Files\dotnet\packs\Microsoft.NETCore.App.Ref\10.0.2\ref\net10.0\System.Net.WebSockets.Client.dll".
             Başvuru, "{RawFileName}" arama yolu konumunda bulundu.
             En az bir kaynak öğesi için "Private" "false" olarak ayarlanmış olduğundan ve "Private", herhangi bir kaynak öğesi için "true" olarak ayarlanmış olmadığından bu başvuru "CopyLocal" değildir.
         Birincil başvuru: "System.Net.WebSockets, Version=10.0.0.0, Culture=neutral, PublicKeyToken=b03f5f7f11d50a3a".
             Çözümlenmiş dosya yolu: "C:\Program Files\dotnet\packs\Microsoft.NETCore.App.Ref\10.0.2\ref\net10.0\System.Net.WebSockets.dll".
             Başvuru, "{RawFileName}" arama yolu konumunda bulundu.
             En az bir kaynak öğesi için "Private" "false" olarak ayarlanmış olduğundan ve "Private", herhangi bir kaynak öğesi için "true" olarak ayarlanmış olmadığından bu başvuru "CopyLocal" değildir.
         Birincil başvuru: "System.Net, Version=4.0.0.0, Culture=neutral, PublicKeyToken=b03f5f7f11d50a3a".
             Çözümlenmiş dosya yolu: "C:\Program Files\dotnet\packs\Microsoft.NETCore.App.Ref\10.0.2\ref\net10.0\System.Net.dll".
             Başvuru, "{RawFileName}" arama yolu konumunda bulundu.
             En az bir kaynak öğesi için "Private" "false" olarak ayarlanmış olduğundan ve "Private", herhangi bir kaynak öğesi için "true" olarak ayarlanmış olmadığından bu başvuru "CopyLocal" değildir.
         Birincil başvuru: "System.Numerics.Vectors, Version=10.0.0.0, Culture=neutral, PublicKeyToken=b03f5f7f11d50a3a".
             Çözümlenmiş dosya yolu: "C:\Program Files\dotnet\packs\Microsoft.NETCore.App.Ref\10.0.2\ref\net10.0\System.Numerics.Vectors.dll".
             Başvuru, "{RawFileName}" arama yolu konumunda bulundu.
             En az bir kaynak öğesi için "Private" "false" olarak ayarlanmış olduğundan ve "Private", herhangi bir kaynak öğesi için "true" olarak ayarlanmış olmadığından bu başvuru "CopyLocal" değildir.
         Birincil başvuru: "System.Numerics, Version=4.0.0.0, Culture=neutral, PublicKeyToken=b77a5c561934e089".
             Çözümlenmiş dosya yolu: "C:\Program Files\dotnet\packs\Microsoft.NETCore.App.Ref\10.0.2\ref\net10.0\System.Numerics.dll".
             Başvuru, "{RawFileName}" arama yolu konumunda bulundu.
             En az bir kaynak öğesi için "Private" "false" olarak ayarlanmış olduğundan ve "Private", herhangi bir kaynak öğesi için "true" olarak ayarlanmış olmadığından bu başvuru "CopyLocal" değildir.
         Birincil başvuru: "System.ObjectModel, Version=10.0.0.0, Culture=neutral, PublicKeyToken=b03f5f7f11d50a3a".
             Çözümlenmiş dosya yolu: "C:\Program Files\dotnet\packs\Microsoft.NETCore.App.Ref\10.0.2\ref\net10.0\System.ObjectModel.dll".
             Başvuru, "{RawFileName}" arama yolu konumunda bulundu.
             En az bir kaynak öğesi için "Private" "false" olarak ayarlanmış olduğundan ve "Private", herhangi bir kaynak öğesi için "true" olarak ayarlanmış olmadığından bu başvuru "CopyLocal" değildir.
         Birincil başvuru: "System.Reflection.DispatchProxy, Version=10.0.0.0, Culture=neutral, PublicKeyToken=b03f5f7f11d50a3a".
             Çözümlenmiş dosya yolu: "C:\Program Files\dotnet\packs\Microsoft.NETCore.App.Ref\10.0.2\ref\net10.0\System.Reflection.DispatchProxy.dll".
             Başvuru, "{RawFileName}" arama yolu konumunda bulundu.
             En az bir kaynak öğesi için "Private" "false" olarak ayarlanmış olduğundan ve "Private", herhangi bir kaynak öğesi için "true" olarak ayarlanmış olmadığından bu başvuru "CopyLocal" değildir.
         Birincil başvuru: "System.Reflection.Emit.ILGeneration, Version=10.0.0.0, Culture=neutral, PublicKeyToken=b03f5f7f11d50a3a".
             Çözümlenmiş dosya yolu: "C:\Program Files\dotnet\packs\Microsoft.NETCore.App.Ref\10.0.2\ref\net10.0\System.Reflection.Emit.ILGeneration.dll".
             Başvuru, "{RawFileName}" arama yolu konumunda bulundu.
             En az bir kaynak öğesi için "Private" "false" olarak ayarlanmış olduğundan ve "Private", herhangi bir kaynak öğesi için "true" olarak ayarlanmış olmadığından bu başvuru "CopyLocal" değildir.
         Birincil başvuru: "System.Reflection.Emit.Lightweight, Version=10.0.0.0, Culture=neutral, PublicKeyToken=b03f5f7f11d50a3a".
             Çözümlenmiş dosya yolu: "C:\Program Files\dotnet\packs\Microsoft.NETCore.App.Ref\10.0.2\ref\net10.0\System.Reflection.Emit.Lightweight.dll".
             Başvuru, "{RawFileName}" arama yolu konumunda bulundu.
             En az bir kaynak öğesi için "Private" "false" olarak ayarlanmış olduğundan ve "Private", herhangi bir kaynak öğesi için "true" olarak ayarlanmış olmadığından bu başvuru "CopyLocal" değildir.
         Birincil başvuru: "System.Reflection.Emit, Version=10.0.0.0, Culture=neutral, PublicKeyToken=b03f5f7f11d50a3a".
             Çözümlenmiş dosya yolu: "C:\Program Files\dotnet\packs\Microsoft.NETCore.App.Ref\10.0.2\ref\net10.0\System.Reflection.Emit.dll".
             Başvuru, "{RawFileName}" arama yolu konumunda bulundu.
             En az bir kaynak öğesi için "Private" "false" olarak ayarlanmış olduğundan ve "Private", herhangi bir kaynak öğesi için "true" olarak ayarlanmış olmadığından bu başvuru "CopyLocal" değildir.
         Birincil başvuru: "System.Reflection.Extensions, Version=10.0.0.0, Culture=neutral, PublicKeyToken=b03f5f7f11d50a3a".
             Çözümlenmiş dosya yolu: "C:\Program Files\dotnet\packs\Microsoft.NETCore.App.Ref\10.0.2\ref\net10.0\System.Reflection.Extensions.dll".
             Başvuru, "{RawFileName}" arama yolu konumunda bulundu.
             En az bir kaynak öğesi için "Private" "false" olarak ayarlanmış olduğundan ve "Private", herhangi bir kaynak öğesi için "true" olarak ayarlanmış olmadığından bu başvuru "CopyLocal" değildir.
         Birincil başvuru: "System.Reflection.Metadata, Version=10.0.0.0, Culture=neutral, PublicKeyToken=b03f5f7f11d50a3a".
             Çözümlenmiş dosya yolu: "C:\Program Files\dotnet\packs\Microsoft.NETCore.App.Ref\10.0.2\ref\net10.0\System.Reflection.Metadata.dll".
             Başvuru, "{RawFileName}" arama yolu konumunda bulundu.
             En az bir kaynak öğesi için "Private" "false" olarak ayarlanmış olduğundan ve "Private", herhangi bir kaynak öğesi için "true" olarak ayarlanmış olmadığından bu başvuru "CopyLocal" değildir.
         Birincil başvuru: "System.Reflection.Primitives, Version=10.0.0.0, Culture=neutral, PublicKeyToken=b03f5f7f11d50a3a".
             Çözümlenmiş dosya yolu: "C:\Program Files\dotnet\packs\Microsoft.NETCore.App.Ref\10.0.2\ref\net10.0\System.Reflection.Primitives.dll".
             Başvuru, "{RawFileName}" arama yolu konumunda bulundu.
             En az bir kaynak öğesi için "Private" "false" olarak ayarlanmış olduğundan ve "Private", herhangi bir kaynak öğesi için "true" olarak ayarlanmış olmadığından bu başvuru "CopyLocal" değildir.
         Birincil başvuru: "System.Reflection.TypeExtensions, Version=10.0.0.0, Culture=neutral, PublicKeyToken=b03f5f7f11d50a3a".
             Çözümlenmiş dosya yolu: "C:\Program Files\dotnet\packs\Microsoft.NETCore.App.Ref\10.0.2\ref\net10.0\System.Reflection.TypeExtensions.dll".
             Başvuru, "{RawFileName}" arama yolu konumunda bulundu.
             En az bir kaynak öğesi için "Private" "false" olarak ayarlanmış olduğundan ve "Private", herhangi bir kaynak öğesi için "true" olarak ayarlanmış olmadığından bu başvuru "CopyLocal" değildir.
         Birincil başvuru: "System.Reflection, Version=10.0.0.0, Culture=neutral, PublicKeyToken=b03f5f7f11d50a3a".
             Çözümlenmiş dosya yolu: "C:\Program Files\dotnet\packs\Microsoft.NETCore.App.Ref\10.0.2\ref\net10.0\System.Reflection.dll".
             Başvuru, "{RawFileName}" arama yolu konumunda bulundu.
             En az bir kaynak öğesi için "Private" "false" olarak ayarlanmış olduğundan ve "Private", herhangi bir kaynak öğesi için "true" olarak ayarlanmış olmadığından bu başvuru "CopyLocal" değildir.
         Birincil başvuru: "System.Resources.Reader, Version=10.0.0.0, Culture=neutral, PublicKeyToken=b03f5f7f11d50a3a".
             Çözümlenmiş dosya yolu: "C:\Program Files\dotnet\packs\Microsoft.NETCore.App.Ref\10.0.2\ref\net10.0\System.Resources.Reader.dll".
             Başvuru, "{RawFileName}" arama yolu konumunda bulundu.
             En az bir kaynak öğesi için "Private" "false" olarak ayarlanmış olduğundan ve "Private", herhangi bir kaynak öğesi için "true" olarak ayarlanmış olmadığından bu başvuru "CopyLocal" değildir.
         Birincil başvuru: "System.Resources.ResourceManager, Version=10.0.0.0, Culture=neutral, PublicKeyToken=b03f5f7f11d50a3a".
             Çözümlenmiş dosya yolu: "C:\Program Files\dotnet\packs\Microsoft.NETCore.App.Ref\10.0.2\ref\net10.0\System.Resources.ResourceManager.dll".
             Başvuru, "{RawFileName}" arama yolu konumunda bulundu.
             En az bir kaynak öğesi için "Private" "false" olarak ayarlanmış olduğundan ve "Private", herhangi bir kaynak öğesi için "true" olarak ayarlanmış olmadığından bu başvuru "CopyLocal" değildir.
         Birincil başvuru: "System.Resources.Writer, Version=10.0.0.0, Culture=neutral, PublicKeyToken=b03f5f7f11d50a3a".
             Çözümlenmiş dosya yolu: "C:\Program Files\dotnet\packs\Microsoft.NETCore.App.Ref\10.0.2\ref\net10.0\System.Resources.Writer.dll".
             Başvuru, "{RawFileName}" arama yolu konumunda bulundu.
             En az bir kaynak öğesi için "Private" "false" olarak ayarlanmış olduğundan ve "Private", herhangi bir kaynak öğesi için "true" olarak ayarlanmış olmadığından bu başvuru "CopyLocal" değildir.
         Birincil başvuru: "System.Runtime.CompilerServices.Unsafe, Version=10.0.0.0, Culture=neutral, PublicKeyToken=b03f5f7f11d50a3a".
             Çözümlenmiş dosya yolu: "C:\Program Files\dotnet\packs\Microsoft.NETCore.App.Ref\10.0.2\ref\net10.0\System.Runtime.CompilerServices.Unsafe.dll".
             Başvuru, "{RawFileName}" arama yolu konumunda bulundu.
             En az bir kaynak öğesi için "Private" "false" olarak ayarlanmış olduğundan ve "Private", herhangi bir kaynak öğesi için "true" olarak ayarlanmış olmadığından bu başvuru "CopyLocal" değildir.
         Birincil başvuru: "System.Runtime.CompilerServices.VisualC, Version=10.0.0.0, Culture=neutral, PublicKeyToken=b03f5f7f11d50a3a".
             Çözümlenmiş dosya yolu: "C:\Program Files\dotnet\packs\Microsoft.NETCore.App.Ref\10.0.2\ref\net10.0\System.Runtime.CompilerServices.VisualC.dll".
             Başvuru, "{RawFileName}" arama yolu konumunda bulundu.
             En az bir kaynak öğesi için "Private" "false" olarak ayarlanmış olduğundan ve "Private", herhangi bir kaynak öğesi için "true" olarak ayarlanmış olmadığından bu başvuru "CopyLocal" değildir.
         Birincil başvuru: "System.Runtime.Extensions, Version=10.0.0.0, Culture=neutral, PublicKeyToken=b03f5f7f11d50a3a".
             Çözümlenmiş dosya yolu: "C:\Program Files\dotnet\packs\Microsoft.NETCore.App.Ref\10.0.2\ref\net10.0\System.Runtime.Extensions.dll".
             Başvuru, "{RawFileName}" arama yolu konumunda bulundu.
             En az bir kaynak öğesi için "Private" "false" olarak ayarlanmış olduğundan ve "Private", herhangi bir kaynak öğesi için "true" olarak ayarlanmış olmadığından bu başvuru "CopyLocal" değildir.
         Birincil başvuru: "System.Runtime.Handles, Version=10.0.0.0, Culture=neutral, PublicKeyToken=b03f5f7f11d50a3a".
             Çözümlenmiş dosya yolu: "C:\Program Files\dotnet\packs\Microsoft.NETCore.App.Ref\10.0.2\ref\net10.0\System.Runtime.Handles.dll".
             Başvuru, "{RawFileName}" arama yolu konumunda bulundu.
             En az bir kaynak öğesi için "Private" "false" olarak ayarlanmış olduğundan ve "Private", herhangi bir kaynak öğesi için "true" olarak ayarlanmış olmadığından bu başvuru "CopyLocal" değildir.
         Birincil başvuru: "System.Runtime.InteropServices.JavaScript, Version=10.0.0.0, Culture=neutral, PublicKeyToken=b03f5f7f11d50a3a".
             Çözümlenmiş dosya yolu: "C:\Program Files\dotnet\packs\Microsoft.NETCore.App.Ref\10.0.2\ref\net10.0\System.Runtime.InteropServices.JavaScript.dll".
             Başvuru, "{RawFileName}" arama yolu konumunda bulundu.
             En az bir kaynak öğesi için "Private" "false" olarak ayarlanmış olduğundan ve "Private", herhangi bir kaynak öğesi için "true" olarak ayarlanmış olmadığından bu başvuru "CopyLocal" değildir.
         Birincil başvuru: "System.Runtime.InteropServices.RuntimeInformation, Version=10.0.0.0, Culture=neutral, PublicKeyToken=b03f5f7f11d50a3a".
             Çözümlenmiş dosya yolu: "C:\Program Files\dotnet\packs\Microsoft.NETCore.App.Ref\10.0.2\ref\net10.0\System.Runtime.InteropServices.RuntimeInformation.dll".
             Başvuru, "{RawFileName}" arama yolu konumunda bulundu.
             En az bir kaynak öğesi için "Private" "false" olarak ayarlanmış olduğundan ve "Private", herhangi bir kaynak öğesi için "true" olarak ayarlanmış olmadığından bu başvuru "CopyLocal" değildir.
         Birincil başvuru: "System.Runtime.InteropServices, Version=10.0.0.0, Culture=neutral, PublicKeyToken=b03f5f7f11d50a3a".
             Çözümlenmiş dosya yolu: "C:\Program Files\dotnet\packs\Microsoft.NETCore.App.Ref\10.0.2\ref\net10.0\System.Runtime.InteropServices.dll".
             Başvuru, "{RawFileName}" arama yolu konumunda bulundu.
             En az bir kaynak öğesi için "Private" "false" olarak ayarlanmış olduğundan ve "Private", herhangi bir kaynak öğesi için "true" olarak ayarlanmış olmadığından bu başvuru "CopyLocal" değildir.
         Birincil başvuru: "System.Runtime.Intrinsics, Version=10.0.0.0, Culture=neutral, PublicKeyToken=cc7b13ffcd2ddd51".
             Çözümlenmiş dosya yolu: "C:\Program Files\dotnet\packs\Microsoft.NETCore.App.Ref\10.0.2\ref\net10.0\System.Runtime.Intrinsics.dll".
             Başvuru, "{RawFileName}" arama yolu konumunda bulundu.
             En az bir kaynak öğesi için "Private" "false" olarak ayarlanmış olduğundan ve "Private", herhangi bir kaynak öğesi için "true" olarak ayarlanmış olmadığından bu başvuru "CopyLocal" değildir.
         Birincil başvuru: "System.Runtime.Loader, Version=10.0.0.0, Culture=neutral, PublicKeyToken=b03f5f7f11d50a3a".
             Çözümlenmiş dosya yolu: "C:\Program Files\dotnet\packs\Microsoft.NETCore.App.Ref\10.0.2\ref\net10.0\System.Runtime.Loader.dll".
             Başvuru, "{RawFileName}" arama yolu konumunda bulundu.
             En az bir kaynak öğesi için "Private" "false" olarak ayarlanmış olduğundan ve "Private", herhangi bir kaynak öğesi için "true" olarak ayarlanmış olmadığından bu başvuru "CopyLocal" değildir.
         Birincil başvuru: "System.Runtime.Numerics, Version=10.0.0.0, Culture=neutral, PublicKeyToken=b03f5f7f11d50a3a".
             Çözümlenmiş dosya yolu: "C:\Program Files\dotnet\packs\Microsoft.NETCore.App.Ref\10.0.2\ref\net10.0\System.Runtime.Numerics.dll".
             Başvuru, "{RawFileName}" arama yolu konumunda bulundu.
             En az bir kaynak öğesi için "Private" "false" olarak ayarlanmış olduğundan ve "Private", herhangi bir kaynak öğesi için "true" olarak ayarlanmış olmadığından bu başvuru "CopyLocal" değildir.
         Birincil başvuru: "System.Runtime.Serialization.Formatters, Version=8.1.0.0, Culture=neutral, PublicKeyToken=b03f5f7f11d50a3a".
             Çözümlenmiş dosya yolu: "C:\Program Files\dotnet\packs\Microsoft.NETCore.App.Ref\10.0.2\ref\net10.0\System.Runtime.Serialization.Formatters.dll".
             Başvuru, "{RawFileName}" arama yolu konumunda bulundu.
             En az bir kaynak öğesi için "Private" "false" olarak ayarlanmış olduğundan ve "Private", herhangi bir kaynak öğesi için "true" olarak ayarlanmış olmadığından bu başvuru "CopyLocal" değildir.
         Birincil başvuru: "System.Runtime.Serialization.Json, Version=10.0.0.0, Culture=neutral, PublicKeyToken=b03f5f7f11d50a3a".
             Çözümlenmiş dosya yolu: "C:\Program Files\dotnet\packs\Microsoft.NETCore.App.Ref\10.0.2\ref\net10.0\System.Runtime.Serialization.Json.dll".
             Başvuru, "{RawFileName}" arama yolu konumunda bulundu.
             En az bir kaynak öğesi için "Private" "false" olarak ayarlanmış olduğundan ve "Private", herhangi bir kaynak öğesi için "true" olarak ayarlanmış olmadığından bu başvuru "CopyLocal" değildir.
         Birincil başvuru: "System.Runtime.Serialization.Primitives, Version=10.0.0.0, Culture=neutral, PublicKeyToken=b03f5f7f11d50a3a".
             Çözümlenmiş dosya yolu: "C:\Program Files\dotnet\packs\Microsoft.NETCore.App.Ref\10.0.2\ref\net10.0\System.Runtime.Serialization.Primitives.dll".
             Başvuru, "{RawFileName}" arama yolu konumunda bulundu.
             En az bir kaynak öğesi için "Private" "false" olarak ayarlanmış olduğundan ve "Private", herhangi bir kaynak öğesi için "true" olarak ayarlanmış olmadığından bu başvuru "CopyLocal" değildir.
         Birincil başvuru: "System.Runtime.Serialization.Xml, Version=10.0.0.0, Culture=neutral, PublicKeyToken=b03f5f7f11d50a3a".
             Çözümlenmiş dosya yolu: "C:\Program Files\dotnet\packs\Microsoft.NETCore.App.Ref\10.0.2\ref\net10.0\System.Runtime.Serialization.Xml.dll".
             Başvuru, "{RawFileName}" arama yolu konumunda bulundu.
             En az bir kaynak öğesi için "Private" "false" olarak ayarlanmış olduğundan ve "Private", herhangi bir kaynak öğesi için "true" olarak ayarlanmış olmadığından bu başvuru "CopyLocal" değildir.
         Birincil başvuru: "System.Runtime.Serialization, Version=4.0.0.0, Culture=neutral, PublicKeyToken=b77a5c561934e089".
             Çözümlenmiş dosya yolu: "C:\Program Files\dotnet\packs\Microsoft.NETCore.App.Ref\10.0.2\ref\net10.0\System.Runtime.Serialization.dll".
             Başvuru, "{RawFileName}" arama yolu konumunda bulundu.
             En az bir kaynak öğesi için "Private" "false" olarak ayarlanmış olduğundan ve "Private", herhangi bir kaynak öğesi için "true" olarak ayarlanmış olmadığından bu başvuru "CopyLocal" değildir.
         Birincil başvuru: "System.Runtime, Version=10.0.0.0, Culture=neutral, PublicKeyToken=b03f5f7f11d50a3a".
             Çözümlenmiş dosya yolu: "C:\Program Files\dotnet\packs\Microsoft.NETCore.App.Ref\10.0.2\ref\net10.0\System.Runtime.dll".
             Başvuru, "{RawFileName}" arama yolu konumunda bulundu.
             En az bir kaynak öğesi için "Private" "false" olarak ayarlanmış olduğundan ve "Private", herhangi bir kaynak öğesi için "true" olarak ayarlanmış olmadığından bu başvuru "CopyLocal" değildir.
         Birincil başvuru: "System.Security.AccessControl, Version=10.0.0.0, Culture=neutral, PublicKeyToken=b03f5f7f11d50a3a".
             Çözümlenmiş dosya yolu: "C:\Program Files\dotnet\packs\Microsoft.NETCore.App.Ref\10.0.2\ref\net10.0\System.Security.AccessControl.dll".
             Başvuru, "{RawFileName}" arama yolu konumunda bulundu.
             En az bir kaynak öğesi için "Private" "false" olarak ayarlanmış olduğundan ve "Private", herhangi bir kaynak öğesi için "true" olarak ayarlanmış olmadığından bu başvuru "CopyLocal" değildir.
         Birincil başvuru: "System.Security.Claims, Version=10.0.0.0, Culture=neutral, PublicKeyToken=b03f5f7f11d50a3a".
             Çözümlenmiş dosya yolu: "C:\Program Files\dotnet\packs\Microsoft.NETCore.App.Ref\10.0.2\ref\net10.0\System.Security.Claims.dll".
             Başvuru, "{RawFileName}" arama yolu konumunda bulundu.
             En az bir kaynak öğesi için "Private" "false" olarak ayarlanmış olduğundan ve "Private", herhangi bir kaynak öğesi için "true" olarak ayarlanmış olmadığından bu başvuru "CopyLocal" değildir.
         Birincil başvuru: "System.Security.Cryptography.Algorithms, Version=10.0.0.0, Culture=neutral, PublicKeyToken=b03f5f7f11d50a3a".
             Çözümlenmiş dosya yolu: "C:\Program Files\dotnet\packs\Microsoft.NETCore.App.Ref\10.0.2\ref\net10.0\System.Security.Cryptography.Algorithms.dll".
             Başvuru, "{RawFileName}" arama yolu konumunda bulundu.
             En az bir kaynak öğesi için "Private" "false" olarak ayarlanmış olduğundan ve "Private", herhangi bir kaynak öğesi için "true" olarak ayarlanmış olmadığından bu başvuru "CopyLocal" değildir.
         Birincil başvuru: "System.Security.Cryptography.Cng, Version=10.0.0.0, Culture=neutral, PublicKeyToken=b03f5f7f11d50a3a".
             Çözümlenmiş dosya yolu: "C:\Program Files\dotnet\packs\Microsoft.NETCore.App.Ref\10.0.2\ref\net10.0\System.Security.Cryptography.Cng.dll".
             Başvuru, "{RawFileName}" arama yolu konumunda bulundu.
             En az bir kaynak öğesi için "Private" "false" olarak ayarlanmış olduğundan ve "Private", herhangi bir kaynak öğesi için "true" olarak ayarlanmış olmadığından bu başvuru "CopyLocal" değildir.
         Birincil başvuru: "System.Security.Cryptography.Csp, Version=10.0.0.0, Culture=neutral, PublicKeyToken=b03f5f7f11d50a3a".
             Çözümlenmiş dosya yolu: "C:\Program Files\dotnet\packs\Microsoft.NETCore.App.Ref\10.0.2\ref\net10.0\System.Security.Cryptography.Csp.dll".
             Başvuru, "{RawFileName}" arama yolu konumunda bulundu.
             En az bir kaynak öğesi için "Private" "false" olarak ayarlanmış olduğundan ve "Private", herhangi bir kaynak öğesi için "true" olarak ayarlanmış olmadığından bu başvuru "CopyLocal" değildir.
         Birincil başvuru: "System.Security.Cryptography.Encoding, Version=10.0.0.0, Culture=neutral, PublicKeyToken=b03f5f7f11d50a3a".
             Çözümlenmiş dosya yolu: "C:\Program Files\dotnet\packs\Microsoft.NETCore.App.Ref\10.0.2\ref\net10.0\System.Security.Cryptography.Encoding.dll".
             Başvuru, "{RawFileName}" arama yolu konumunda bulundu.
             En az bir kaynak öğesi için "Private" "false" olarak ayarlanmış olduğundan ve "Private", herhangi bir kaynak öğesi için "true" olarak ayarlanmış olmadığından bu başvuru "CopyLocal" değildir.
         Birincil başvuru: "System.Security.Cryptography.OpenSsl, Version=10.0.0.0, Culture=neutral, PublicKeyToken=b03f5f7f11d50a3a".
             Çözümlenmiş dosya yolu: "C:\Program Files\dotnet\packs\Microsoft.NETCore.App.Ref\10.0.2\ref\net10.0\System.Security.Cryptography.OpenSsl.dll".
             Başvuru, "{RawFileName}" arama yolu konumunda bulundu.
             En az bir kaynak öğesi için "Private" "false" olarak ayarlanmış olduğundan ve "Private", herhangi bir kaynak öğesi için "true" olarak ayarlanmış olmadığından bu başvuru "CopyLocal" değildir.
         Birincil başvuru: "System.Security.Cryptography.Primitives, Version=10.0.0.0, Culture=neutral, PublicKeyToken=b03f5f7f11d50a3a".
             Çözümlenmiş dosya yolu: "C:\Program Files\dotnet\packs\Microsoft.NETCore.App.Ref\10.0.2\ref\net10.0\System.Security.Cryptography.Primitives.dll".
             Başvuru, "{RawFileName}" arama yolu konumunda bulundu.
             En az bir kaynak öğesi için "Private" "false" olarak ayarlanmış olduğundan ve "Private", herhangi bir kaynak öğesi için "true" olarak ayarlanmış olmadığından bu başvuru "CopyLocal" değildir.
         Birincil başvuru: "System.Security.Cryptography.X509Certificates, Version=10.0.0.0, Culture=neutral, PublicKeyToken=b03f5f7f11d50a3a".
             Çözümlenmiş dosya yolu: "C:\Program Files\dotnet\packs\Microsoft.NETCore.App.Ref\10.0.2\ref\net10.0\System.Security.Cryptography.X509Certificates.dll".
             Başvuru, "{RawFileName}" arama yolu konumunda bulundu.
             En az bir kaynak öğesi için "Private" "false" olarak ayarlanmış olduğundan ve "Private", herhangi bir kaynak öğesi için "true" olarak ayarlanmış olmadığından bu başvuru "CopyLocal" değildir.
         Birincil başvuru: "System.Security.Cryptography, Version=10.0.0.0, Culture=neutral, PublicKeyToken=b03f5f7f11d50a3a".
             Çözümlenmiş dosya yolu: "C:\Program Files\dotnet\packs\Microsoft.NETCore.App.Ref\10.0.2\ref\net10.0\System.Security.Cryptography.dll".
             Başvuru, "{RawFileName}" arama yolu konumunda bulundu.
             En az bir kaynak öğesi için "Private" "false" olarak ayarlanmış olduğundan ve "Private", herhangi bir kaynak öğesi için "true" olarak ayarlanmış olmadığından bu başvuru "CopyLocal" değildir.
         Birincil başvuru: "System.Security.Principal.Windows, Version=10.0.0.0, Culture=neutral, PublicKeyToken=b03f5f7f11d50a3a".
             Çözümlenmiş dosya yolu: "C:\Program Files\dotnet\packs\Microsoft.NETCore.App.Ref\10.0.2\ref\net10.0\System.Security.Principal.Windows.dll".
             Başvuru, "{RawFileName}" arama yolu konumunda bulundu.
             En az bir kaynak öğesi için "Private" "false" olarak ayarlanmış olduğundan ve "Private", herhangi bir kaynak öğesi için "true" olarak ayarlanmış olmadığından bu başvuru "CopyLocal" değildir.
         Birincil başvuru: "System.Security.Principal, Version=10.0.0.0, Culture=neutral, PublicKeyToken=b03f5f7f11d50a3a".
             Çözümlenmiş dosya yolu: "C:\Program Files\dotnet\packs\Microsoft.NETCore.App.Ref\10.0.2\ref\net10.0\System.Security.Principal.dll".
             Başvuru, "{RawFileName}" arama yolu konumunda bulundu.
             En az bir kaynak öğesi için "Private" "false" olarak ayarlanmış olduğundan ve "Private", herhangi bir kaynak öğesi için "true" olarak ayarlanmış olmadığından bu başvuru "CopyLocal" değildir.
         Birincil başvuru: "System.Security.SecureString, Version=10.0.0.0, Culture=neutral, PublicKeyToken=b03f5f7f11d50a3a".
             Çözümlenmiş dosya yolu: "C:\Program Files\dotnet\packs\Microsoft.NETCore.App.Ref\10.0.2\ref\net10.0\System.Security.SecureString.dll".
             Başvuru, "{RawFileName}" arama yolu konumunda bulundu.
             En az bir kaynak öğesi için "Private" "false" olarak ayarlanmış olduğundan ve "Private", herhangi bir kaynak öğesi için "true" olarak ayarlanmış olmadığından bu başvuru "CopyLocal" değildir.
         Birincil başvuru: "System.Security, Version=4.0.0.0, Culture=neutral, PublicKeyToken=b03f5f7f11d50a3a".
             Çözümlenmiş dosya yolu: "C:\Program Files\dotnet\packs\Microsoft.NETCore.App.Ref\10.0.2\ref\net10.0\System.Security.dll".
             Başvuru, "{RawFileName}" arama yolu konumunda bulundu.
             En az bir kaynak öğesi için "Private" "false" olarak ayarlanmış olduğundan ve "Private", herhangi bir kaynak öğesi için "true" olarak ayarlanmış olmadığından bu başvuru "CopyLocal" değildir.
         Birincil başvuru: "System.ServiceModel.Web, Version=4.0.0.0, Culture=neutral, PublicKeyToken=31bf3856ad364e35".
             Çözümlenmiş dosya yolu: "C:\Program Files\dotnet\packs\Microsoft.NETCore.App.Ref\10.0.2\ref\net10.0\System.ServiceModel.Web.dll".
             Başvuru, "{RawFileName}" arama yolu konumunda bulundu.
             En az bir kaynak öğesi için "Private" "false" olarak ayarlanmış olduğundan ve "Private", herhangi bir kaynak öğesi için "true" olarak ayarlanmış olmadığından bu başvuru "CopyLocal" değildir.
         Birincil başvuru: "System.ServiceProcess, Version=4.0.0.0, Culture=neutral, PublicKeyToken=b03f5f7f11d50a3a".
             Çözümlenmiş dosya yolu: "C:\Program Files\dotnet\packs\Microsoft.NETCore.App.Ref\10.0.2\ref\net10.0\System.ServiceProcess.dll".
             Başvuru, "{RawFileName}" arama yolu konumunda bulundu.
             En az bir kaynak öğesi için "Private" "false" olarak ayarlanmış olduğundan ve "Private", herhangi bir kaynak öğesi için "true" olarak ayarlanmış olmadığından bu başvuru "CopyLocal" değildir.
         Birincil başvuru: "System.Text.Encoding.CodePages, Version=10.0.0.0, Culture=neutral, PublicKeyToken=b03f5f7f11d50a3a".
             Çözümlenmiş dosya yolu: "C:\Program Files\dotnet\packs\Microsoft.NETCore.App.Ref\10.0.2\ref\net10.0\System.Text.Encoding.CodePages.dll".
             Başvuru, "{RawFileName}" arama yolu konumunda bulundu.
             En az bir kaynak öğesi için "Private" "false" olarak ayarlanmış olduğundan ve "Private", herhangi bir kaynak öğesi için "true" olarak ayarlanmış olmadığından bu başvuru "CopyLocal" değildir.
         Birincil başvuru: "System.Text.Encoding.Extensions, Version=10.0.0.0, Culture=neutral, PublicKeyToken=b03f5f7f11d50a3a".
             Çözümlenmiş dosya yolu: "C:\Program Files\dotnet\packs\Microsoft.NETCore.App.Ref\10.0.2\ref\net10.0\System.Text.Encoding.Extensions.dll".
             Başvuru, "{RawFileName}" arama yolu konumunda bulundu.
             En az bir kaynak öğesi için "Private" "false" olarak ayarlanmış olduğundan ve "Private", herhangi bir kaynak öğesi için "true" olarak ayarlanmış olmadığından bu başvuru "CopyLocal" değildir.
         Birincil başvuru: "System.Text.Encoding, Version=10.0.0.0, Culture=neutral, PublicKeyToken=b03f5f7f11d50a3a".
             Çözümlenmiş dosya yolu: "C:\Program Files\dotnet\packs\Microsoft.NETCore.App.Ref\10.0.2\ref\net10.0\System.Text.Encoding.dll".
             Başvuru, "{RawFileName}" arama yolu konumunda bulundu.
             En az bir kaynak öğesi için "Private" "false" olarak ayarlanmış olduğundan ve "Private", herhangi bir kaynak öğesi için "true" olarak ayarlanmış olmadığından bu başvuru "CopyLocal" değildir.
         Birincil başvuru: "System.Text.Encodings.Web, Version=10.0.0.0, Culture=neutral, PublicKeyToken=cc7b13ffcd2ddd51".
             Çözümlenmiş dosya yolu: "C:\Program Files\dotnet\packs\Microsoft.NETCore.App.Ref\10.0.2\ref\net10.0\System.Text.Encodings.Web.dll".
             Başvuru, "{RawFileName}" arama yolu konumunda bulundu.
             En az bir kaynak öğesi için "Private" "false" olarak ayarlanmış olduğundan ve "Private", herhangi bir kaynak öğesi için "true" olarak ayarlanmış olmadığından bu başvuru "CopyLocal" değildir.
         Birincil başvuru: "System.Text.Json, Version=10.0.0.0, Culture=neutral, PublicKeyToken=cc7b13ffcd2ddd51".
             Çözümlenmiş dosya yolu: "C:\Program Files\dotnet\packs\Microsoft.NETCore.App.Ref\10.0.2\ref\net10.0\System.Text.Json.dll".
             Başvuru, "{RawFileName}" arama yolu konumunda bulundu.
             En az bir kaynak öğesi için "Private" "false" olarak ayarlanmış olduğundan ve "Private", herhangi bir kaynak öğesi için "true" olarak ayarlanmış olmadığından bu başvuru "CopyLocal" değildir.
         Birincil başvuru: "System.Text.RegularExpressions, Version=10.0.0.0, Culture=neutral, PublicKeyToken=b03f5f7f11d50a3a".
             Çözümlenmiş dosya yolu: "C:\Program Files\dotnet\packs\Microsoft.NETCore.App.Ref\10.0.2\ref\net10.0\System.Text.RegularExpressions.dll".
             Başvuru, "{RawFileName}" arama yolu konumunda bulundu.
             En az bir kaynak öğesi için "Private" "false" olarak ayarlanmış olduğundan ve "Private", herhangi bir kaynak öğesi için "true" olarak ayarlanmış olmadığından bu başvuru "CopyLocal" değildir.
         Birincil başvuru: "System.Threading.AccessControl, Version=10.0.0.0, Culture=neutral, PublicKeyToken=b03f5f7f11d50a3a".
             Çözümlenmiş dosya yolu: "C:\Program Files\dotnet\packs\Microsoft.NETCore.App.Ref\10.0.2\ref\net10.0\System.Threading.AccessControl.dll".
             Başvuru, "{RawFileName}" arama yolu konumunda bulundu.
             En az bir kaynak öğesi için "Private" "false" olarak ayarlanmış olduğundan ve "Private", herhangi bir kaynak öğesi için "true" olarak ayarlanmış olmadığından bu başvuru "CopyLocal" değildir.
         Birincil başvuru: "System.Threading.Channels, Version=10.0.0.0, Culture=neutral, PublicKeyToken=cc7b13ffcd2ddd51".
             Çözümlenmiş dosya yolu: "C:\Program Files\dotnet\packs\Microsoft.NETCore.App.Ref\10.0.2\ref\net10.0\System.Threading.Channels.dll".
             Başvuru, "{RawFileName}" arama yolu konumunda bulundu.
             En az bir kaynak öğesi için "Private" "false" olarak ayarlanmış olduğundan ve "Private", herhangi bir kaynak öğesi için "true" olarak ayarlanmış olmadığından bu başvuru "CopyLocal" değildir.
         Birincil başvuru: "System.Threading.Overlapped, Version=10.0.0.0, Culture=neutral, PublicKeyToken=b03f5f7f11d50a3a".
             Çözümlenmiş dosya yolu: "C:\Program Files\dotnet\packs\Microsoft.NETCore.App.Ref\10.0.2\ref\net10.0\System.Threading.Overlapped.dll".
             Başvuru, "{RawFileName}" arama yolu konumunda bulundu.
             En az bir kaynak öğesi için "Private" "false" olarak ayarlanmış olduğundan ve "Private", herhangi bir kaynak öğesi için "true" olarak ayarlanmış olmadığından bu başvuru "CopyLocal" değildir.
         Birincil başvuru: "System.Threading.Tasks.Dataflow, Version=10.0.0.0, Culture=neutral, PublicKeyToken=b03f5f7f11d50a3a".
             Çözümlenmiş dosya yolu: "C:\Program Files\dotnet\packs\Microsoft.NETCore.App.Ref\10.0.2\ref\net10.0\System.Threading.Tasks.Dataflow.dll".
             Başvuru, "{RawFileName}" arama yolu konumunda bulundu.
             En az bir kaynak öğesi için "Private" "false" olarak ayarlanmış olduğundan ve "Private", herhangi bir kaynak öğesi için "true" olarak ayarlanmış olmadığından bu başvuru "CopyLocal" değildir.
         Birincil başvuru: "System.Threading.Tasks.Extensions, Version=10.0.0.0, Culture=neutral, PublicKeyToken=cc7b13ffcd2ddd51".
             Çözümlenmiş dosya yolu: "C:\Program Files\dotnet\packs\Microsoft.NETCore.App.Ref\10.0.2\ref\net10.0\System.Threading.Tasks.Extensions.dll".
             Başvuru, "{RawFileName}" arama yolu konumunda bulundu.
             En az bir kaynak öğesi için "Private" "false" olarak ayarlanmış olduğundan ve "Private", herhangi bir kaynak öğesi için "true" olarak ayarlanmış olmadığından bu başvuru "CopyLocal" değildir.
         Birincil başvuru: "System.Threading.Tasks.Parallel, Version=10.0.0.0, Culture=neutral, PublicKeyToken=b03f5f7f11d50a3a".
             Çözümlenmiş dosya yolu: "C:\Program Files\dotnet\packs\Microsoft.NETCore.App.Ref\10.0.2\ref\net10.0\System.Threading.Tasks.Parallel.dll".
             Başvuru, "{RawFileName}" arama yolu konumunda bulundu.
             En az bir kaynak öğesi için "Private" "false" olarak ayarlanmış olduğundan ve "Private", herhangi bir kaynak öğesi için "true" olarak ayarlanmış olmadığından bu başvuru "CopyLocal" değildir.
         Birincil başvuru: "System.Threading.Tasks, Version=10.0.0.0, Culture=neutral, PublicKeyToken=b03f5f7f11d50a3a".
             Çözümlenmiş dosya yolu: "C:\Program Files\dotnet\packs\Microsoft.NETCore.App.Ref\10.0.2\ref\net10.0\System.Threading.Tasks.dll".
             Başvuru, "{RawFileName}" arama yolu konumunda bulundu.
             En az bir kaynak öğesi için "Private" "false" olarak ayarlanmış olduğundan ve "Private", herhangi bir kaynak öğesi için "true" olarak ayarlanmış olmadığından bu başvuru "CopyLocal" değildir.
         Birincil başvuru: "System.Threading.Thread, Version=10.0.0.0, Culture=neutral, PublicKeyToken=b03f5f7f11d50a3a".
             Çözümlenmiş dosya yolu: "C:\Program Files\dotnet\packs\Microsoft.NETCore.App.Ref\10.0.2\ref\net10.0\System.Threading.Thread.dll".
             Başvuru, "{RawFileName}" arama yolu konumunda bulundu.
             En az bir kaynak öğesi için "Private" "false" olarak ayarlanmış olduğundan ve "Private", herhangi bir kaynak öğesi için "true" olarak ayarlanmış olmadığından bu başvuru "CopyLocal" değildir.
         Birincil başvuru: "System.Threading.ThreadPool, Version=10.0.0.0, Culture=neutral, PublicKeyToken=b03f5f7f11d50a3a".
             Çözümlenmiş dosya yolu: "C:\Program Files\dotnet\packs\Microsoft.NETCore.App.Ref\10.0.2\ref\net10.0\System.Threading.ThreadPool.dll".
             Başvuru, "{RawFileName}" arama yolu konumunda bulundu.
             En az bir kaynak öğesi için "Private" "false" olarak ayarlanmış olduğundan ve "Private", herhangi bir kaynak öğesi için "true" olarak ayarlanmış olmadığından bu başvuru "CopyLocal" değildir.
         Birincil başvuru: "System.Threading.Timer, Version=10.0.0.0, Culture=neutral, PublicKeyToken=b03f5f7f11d50a3a".
             Çözümlenmiş dosya yolu: "C:\Program Files\dotnet\packs\Microsoft.NETCore.App.Ref\10.0.2\ref\net10.0\System.Threading.Timer.dll".
             Başvuru, "{RawFileName}" arama yolu konumunda bulundu.
             En az bir kaynak öğesi için "Private" "false" olarak ayarlanmış olduğundan ve "Private", herhangi bir kaynak öğesi için "true" olarak ayarlanmış olmadığından bu başvuru "CopyLocal" değildir.
         Birincil başvuru: "System.Threading, Version=10.0.0.0, Culture=neutral, PublicKeyToken=b03f5f7f11d50a3a".
             Çözümlenmiş dosya yolu: "C:\Program Files\dotnet\packs\Microsoft.NETCore.App.Ref\10.0.2\ref\net10.0\System.Threading.dll".
             Başvuru, "{RawFileName}" arama yolu konumunda bulundu.
             En az bir kaynak öğesi için "Private" "false" olarak ayarlanmış olduğundan ve "Private", herhangi bir kaynak öğesi için "true" olarak ayarlanmış olmadığından bu başvuru "CopyLocal" değildir.
         Birincil başvuru: "System.Transactions.Local, Version=10.0.0.0, Culture=neutral, PublicKeyToken=cc7b13ffcd2ddd51".
             Çözümlenmiş dosya yolu: "C:\Program Files\dotnet\packs\Microsoft.NETCore.App.Ref\10.0.2\ref\net10.0\System.Transactions.Local.dll".
             Başvuru, "{RawFileName}" arama yolu konumunda bulundu.
             En az bir kaynak öğesi için "Private" "false" olarak ayarlanmış olduğundan ve "Private", herhangi bir kaynak öğesi için "true" olarak ayarlanmış olmadığından bu başvuru "CopyLocal" değildir.
         Birincil başvuru: "System.Transactions, Version=4.0.0.0, Culture=neutral, PublicKeyToken=b77a5c561934e089".
             Çözümlenmiş dosya yolu: "C:\Program Files\dotnet\packs\Microsoft.NETCore.App.Ref\10.0.2\ref\net10.0\System.Transactions.dll".
             Başvuru, "{RawFileName}" arama yolu konumunda bulundu.
             En az bir kaynak öğesi için "Private" "false" olarak ayarlanmış olduğundan ve "Private", herhangi bir kaynak öğesi için "true" olarak ayarlanmış olmadığından bu başvuru "CopyLocal" değildir.
         Birincil başvuru: "System.ValueTuple, Version=10.0.0.0, Culture=neutral, PublicKeyToken=cc7b13ffcd2ddd51".
             Çözümlenmiş dosya yolu: "C:\Program Files\dotnet\packs\Microsoft.NETCore.App.Ref\10.0.2\ref\net10.0\System.ValueTuple.dll".
             Başvuru, "{RawFileName}" arama yolu konumunda bulundu.
             En az bir kaynak öğesi için "Private" "false" olarak ayarlanmış olduğundan ve "Private", herhangi bir kaynak öğesi için "true" olarak ayarlanmış olmadığından bu başvuru "CopyLocal" değildir.
         Birincil başvuru: "System.Web.HttpUtility, Version=10.0.0.0, Culture=neutral, PublicKeyToken=cc7b13ffcd2ddd51".
             Çözümlenmiş dosya yolu: "C:\Program Files\dotnet\packs\Microsoft.NETCore.App.Ref\10.0.2\ref\net10.0\System.Web.HttpUtility.dll".
             Başvuru, "{RawFileName}" arama yolu konumunda bulundu.
             En az bir kaynak öğesi için "Private" "false" olarak ayarlanmış olduğundan ve "Private", herhangi bir kaynak öğesi için "true" olarak ayarlanmış olmadığından bu başvuru "CopyLocal" değildir.
         Birincil başvuru: "System.Web, Version=4.0.0.0, Culture=neutral, PublicKeyToken=b03f5f7f11d50a3a".
             Çözümlenmiş dosya yolu: "C:\Program Files\dotnet\packs\Microsoft.NETCore.App.Ref\10.0.2\ref\net10.0\System.Web.dll".
             Başvuru, "{RawFileName}" arama yolu konumunda bulundu.
             En az bir kaynak öğesi için "Private" "false" olarak ayarlanmış olduğundan ve "Private", herhangi bir kaynak öğesi için "true" olarak ayarlanmış olmadığından bu başvuru "CopyLocal" değildir.
         Birincil başvuru: "System.Windows, Version=4.0.0.0, Culture=neutral, PublicKeyToken=b03f5f7f11d50a3a".
             Çözümlenmiş dosya yolu: "C:\Program Files\dotnet\packs\Microsoft.NETCore.App.Ref\10.0.2\ref\net10.0\System.Windows.dll".
             Başvuru, "{RawFileName}" arama yolu konumunda bulundu.
             En az bir kaynak öğesi için "Private" "false" olarak ayarlanmış olduğundan ve "Private", herhangi bir kaynak öğesi için "true" olarak ayarlanmış olmadığından bu başvuru "CopyLocal" değildir.
         Birincil başvuru: "System.Xml.Linq, Version=4.0.0.0, Culture=neutral, PublicKeyToken=b77a5c561934e089".
             Çözümlenmiş dosya yolu: "C:\Program Files\dotnet\packs\Microsoft.NETCore.App.Ref\10.0.2\ref\net10.0\System.Xml.Linq.dll".
             Başvuru, "{RawFileName}" arama yolu konumunda bulundu.
             En az bir kaynak öğesi için "Private" "false" olarak ayarlanmış olduğundan ve "Private", herhangi bir kaynak öğesi için "true" olarak ayarlanmış olmadığından bu başvuru "CopyLocal" değildir.
         Birincil başvuru: "System.Xml.ReaderWriter, Version=10.0.0.0, Culture=neutral, PublicKeyToken=b03f5f7f11d50a3a".
             Çözümlenmiş dosya yolu: "C:\Program Files\dotnet\packs\Microsoft.NETCore.App.Ref\10.0.2\ref\net10.0\System.Xml.ReaderWriter.dll".
             Başvuru, "{RawFileName}" arama yolu konumunda bulundu.
             En az bir kaynak öğesi için "Private" "false" olarak ayarlanmış olduğundan ve "Private", herhangi bir kaynak öğesi için "true" olarak ayarlanmış olmadığından bu başvuru "CopyLocal" değildir.
         Birincil başvuru: "System.Xml.Serialization, Version=4.0.0.0, Culture=neutral, PublicKeyToken=b77a5c561934e089".
             Çözümlenmiş dosya yolu: "C:\Program Files\dotnet\packs\Microsoft.NETCore.App.Ref\10.0.2\ref\net10.0\System.Xml.Serialization.dll".
             Başvuru, "{RawFileName}" arama yolu konumunda bulundu.
             En az bir kaynak öğesi için "Private" "false" olarak ayarlanmış olduğundan ve "Private", herhangi bir kaynak öğesi için "true" olarak ayarlanmış olmadığından bu başvuru "CopyLocal" değildir.
         Birincil başvuru: "System.Xml.XDocument, Version=10.0.0.0, Culture=neutral, PublicKeyToken=b03f5f7f11d50a3a".
             Çözümlenmiş dosya yolu: "C:\Program Files\dotnet\packs\Microsoft.NETCore.App.Ref\10.0.2\ref\net10.0\System.Xml.XDocument.dll".
             Başvuru, "{RawFileName}" arama yolu konumunda bulundu.
             En az bir kaynak öğesi için "Private" "false" olarak ayarlanmış olduğundan ve "Private", herhangi bir kaynak öğesi için "true" olarak ayarlanmış olmadığından bu başvuru "CopyLocal" değildir.
         Birincil başvuru: "System.Xml.XPath.XDocument, Version=10.0.0.0, Culture=neutral, PublicKeyToken=b03f5f7f11d50a3a".
             Çözümlenmiş dosya yolu: "C:\Program Files\dotnet\packs\Microsoft.NETCore.App.Ref\10.0.2\ref\net10.0\System.Xml.XPath.XDocument.dll".
             Başvuru, "{RawFileName}" arama yolu konumunda bulundu.
             En az bir kaynak öğesi için "Private" "false" olarak ayarlanmış olduğundan ve "Private", herhangi bir kaynak öğesi için "true" olarak ayarlanmış olmadığından bu başvuru "CopyLocal" değildir.
         Birincil başvuru: "System.Xml.XPath, Version=10.0.0.0, Culture=neutral, PublicKeyToken=b03f5f7f11d50a3a".
             Çözümlenmiş dosya yolu: "C:\Program Files\dotnet\packs\Microsoft.NETCore.App.Ref\10.0.2\ref\net10.0\System.Xml.XPath.dll".
             Başvuru, "{RawFileName}" arama yolu konumunda bulundu.
             En az bir kaynak öğesi için "Private" "false" olarak ayarlanmış olduğundan ve "Private", herhangi bir kaynak öğesi için "true" olarak ayarlanmış olmadığından bu başvuru "CopyLocal" değildir.
         Birincil başvuru: "System.Xml.XmlDocument, Version=10.0.0.0, Culture=neutral, PublicKeyToken=b03f5f7f11d50a3a".
             Çözümlenmiş dosya yolu: "C:\Program Files\dotnet\packs\Microsoft.NETCore.App.Ref\10.0.2\ref\net10.0\System.Xml.XmlDocument.dll".
             Başvuru, "{RawFileName}" arama yolu konumunda bulundu.
             En az bir kaynak öğesi için "Private" "false" olarak ayarlanmış olduğundan ve "Private", herhangi bir kaynak öğesi için "true" olarak ayarlanmış olmadığından bu başvuru "CopyLocal" değildir.
         Birincil başvuru: "System.Xml.XmlSerializer, Version=10.0.0.0, Culture=neutral, PublicKeyToken=b03f5f7f11d50a3a".
             Çözümlenmiş dosya yolu: "C:\Program Files\dotnet\packs\Microsoft.NETCore.App.Ref\10.0.2\ref\net10.0\System.Xml.XmlSerializer.dll".
             Başvuru, "{RawFileName}" arama yolu konumunda bulundu.
             En az bir kaynak öğesi için "Private" "false" olarak ayarlanmış olduğundan ve "Private", herhangi bir kaynak öğesi için "true" olarak ayarlanmış olmadığından bu başvuru "CopyLocal" değildir.
         Birincil başvuru: "System.Xml, Version=4.0.0.0, Culture=neutral, PublicKeyToken=b77a5c561934e089".
             Çözümlenmiş dosya yolu: "C:\Program Files\dotnet\packs\Microsoft.NETCore.App.Ref\10.0.2\ref\net10.0\System.Xml.dll".
             Başvuru, "{RawFileName}" arama yolu konumunda bulundu.
             En az bir kaynak öğesi için "Private" "false" olarak ayarlanmış olduğundan ve "Private", herhangi bir kaynak öğesi için "true" olarak ayarlanmış olmadığından bu başvuru "CopyLocal" değildir.
         Birincil başvuru: "System, Version=4.0.0.0, Culture=neutral, PublicKeyToken=b77a5c561934e089".
             Çözümlenmiş dosya yolu: "C:\Program Files\dotnet\packs\Microsoft.NETCore.App.Ref\10.0.2\ref\net10.0\System.dll".
             Başvuru, "{RawFileName}" arama yolu konumunda bulundu.
             En az bir kaynak öğesi için "Private" "false" olarak ayarlanmış olduğundan ve "Private", herhangi bir kaynak öğesi için "true" olarak ayarlanmış olmadığından bu başvuru "CopyLocal" değildir.
         Birincil başvuru: "WindowsBase, Version=4.0.0.0, Culture=neutral, PublicKeyToken=31bf3856ad364e35".
             Çözümlenmiş dosya yolu: "C:\Program Files\dotnet\packs\Microsoft.NETCore.App.Ref\10.0.2\ref\net10.0\WindowsBase.dll".
             Başvuru, "{RawFileName}" arama yolu konumunda bulundu.
             En az bir kaynak öğesi için "Private" "false" olarak ayarlanmış olduğundan ve "Private", herhangi bir kaynak öğesi için "true" olarak ayarlanmış olmadığından bu başvuru "CopyLocal" değildir.
         Birincil başvuru: "mscorlib, Version=4.0.0.0, Culture=neutral, PublicKeyToken=b77a5c561934e089".
             Çözümlenmiş dosya yolu: "C:\Program Files\dotnet\packs\Microsoft.NETCore.App.Ref\10.0.2\ref\net10.0\mscorlib.dll".
             Başvuru, "{RawFileName}" arama yolu konumunda bulundu.
             En az bir kaynak öğesi için "Private" "false" olarak ayarlanmış olduğundan ve "Private", herhangi bir kaynak öğesi için "true" olarak ayarlanmış olmadığından bu başvuru "CopyLocal" değildir.
         Birincil başvuru: "netstandard, Version=2.1.0.0, Culture=neutral, PublicKeyToken=cc7b13ffcd2ddd51".
             Çözümlenmiş dosya yolu: "C:\Program Files\dotnet\packs\Microsoft.NETCore.App.Ref\10.0.2\ref\net10.0\netstandard.dll".
             Başvuru, "{RawFileName}" arama yolu konumunda bulundu.
             En az bir kaynak öğesi için "Private" "false" olarak ayarlanmış olduğundan ve "Private", herhangi bir kaynak öğesi için "true" olarak ayarlanmış olmadığından bu başvuru "CopyLocal" değildir.
       "ResolveAssemblyReference" görevini yürütme tamamlandı.
   2:7>"Buddy.Domain.csproj" projesinde "ResolveAssemblyReferences" hedefini oluşturma tamamlandı.
   2:7>"c:\Users\ilhan\source\repos\StudyBuddy\StudyBuddy\Buddy.Domain\Buddy.Domain.csproj" projesinin "C:\Program Files\dotnet\sdk\10.0.200-preview.0.26103.119\Microsoft.Common.CurrentVersion.targets" dosyasındaki "AfterResolveReferences" hedefi ("ResolveReferences" hedefi buna bağımlı):
   2:7>"Buddy.Domain.csproj" projesinde "AfterResolveReferences" hedefini oluşturma tamamlandı.
   2:7>"c:\Users\ilhan\source\repos\StudyBuddy\StudyBuddy\Buddy.Domain\Buddy.Domain.csproj" projesinin "C:\Program Files\dotnet\sdk\10.0.200-preview.0.26103.119\Microsoft.Common.CurrentVersion.targets" dosyasındaki "ResolveReferences" hedefi ("_BlockWinMDsOnUnsupportedTFMs" hedefi buna bağımlı):
   2:7>"Buddy.Domain.csproj" projesinde "ResolveReferences" hedefini oluşturma tamamlandı.
   2:7>"c:\Users\ilhan\source\repos\StudyBuddy\StudyBuddy\Buddy.Domain\Buddy.Domain.csproj" projesinin "C:\Program Files\dotnet\sdk\10.0.200-preview.0.26103.119\Sdks\Microsoft.NET.Sdk\targets\Microsoft.NET.Sdk.targets" dosyasındaki "_BlockWinMDsOnUnsupportedTFMs" hedefi ("CoreBuild" hedefi buna bağımlı):
       "C:\Program Files\dotnet\sdk\10.0.200-preview.0.26103.119\Sdks\Microsoft.NET.Sdk\targets\..\tools\net10.0\Microsoft.NET.Build.Tasks.dll" derlemesindeki "CheckForUnsupportedWinMDReferences" görevi kullanılıyor.
       "CheckForUnsupportedWinMDReferences" görevi
       "CheckForUnsupportedWinMDReferences" görevini yürütme tamamlandı.
   2:7>"Buddy.Domain.csproj" projesinde "_BlockWinMDsOnUnsupportedTFMs" hedefini oluşturma tamamlandı.
       "ResolveReferences" hedefi atlandı. Önceden başarılı bir şekilde derlenmişti.
       "ResolvePackageDependenciesForBuild" hedefi atlandı. Önceden başarılı bir şekilde derlenmişti.
       "_HandlePackageFileConflicts" hedefi atlandı. Önceden başarılı bir şekilde derlenmişti.
   2:7>"c:\Users\ilhan\source\repos\StudyBuddy\StudyBuddy\Buddy.Domain\Buddy.Domain.csproj" projesinin "C:\Program Files\dotnet\sdk\10.0.200-preview.0.26103.119\Roslyn\Microsoft.Managed.Core.targets" dosyasındaki "CopyAdditionalFiles" hedefi ("AssignTargetPaths" hedefi buna bağımlı):
   2:7>"Buddy.Domain.csproj" projesinde "CopyAdditionalFiles" hedefini oluşturma tamamlandı.
   2:7>"c:\Users\ilhan\source\repos\StudyBuddy\StudyBuddy\Buddy.Domain\Buddy.Domain.csproj" projesinin "C:\Program Files\dotnet\sdk\10.0.200-preview.0.26103.119\Sdks\Microsoft.NET.Sdk\targets\Microsoft.NET.Sdk.targets" dosyasındaki "_ComputeNETCoreBuildOutputFiles" hedefi ("AssignTargetPaths" hedefi buna bağımlı):
   2:7>"Buddy.Domain.csproj" projesinde "_ComputeNETCoreBuildOutputFiles" hedefini oluşturma tamamlandı.
   2:7>"c:\Users\ilhan\source\repos\StudyBuddy\StudyBuddy\Buddy.Domain\Buddy.Domain.csproj" projesinin "C:\Program Files\dotnet\sdk\10.0.200-preview.0.26103.119\Microsoft.Common.CurrentVersion.targets" dosyasındaki "AssignTargetPaths" hedefi ("PrepareResourceNames" hedefi buna bağımlı):
       "Microsoft.Build.Tasks.Core, Version=15.1.0.0, Culture=neutral, PublicKeyToken=b03f5f7f11d50a3a" derlemesindeki "AssignTargetPath" görevi kullanılıyor.
       "AssignTargetPath" görevi
       "AssignTargetPath" görevini yürütme tamamlandı.
       "AssignTargetPath" görevi
       "AssignTargetPath" görevini yürütme tamamlandı.
       "AssignTargetPath" görevi
       "AssignTargetPath" görevini yürütme tamamlandı.
       "AssignTargetPath" görevi
       "AssignTargetPath" görevini yürütme tamamlandı.
   2:7>"Buddy.Domain.csproj" projesinde "AssignTargetPaths" hedefini oluşturma tamamlandı.
   2:7>"c:\Users\ilhan\source\repos\StudyBuddy\StudyBuddy\Buddy.Domain\Buddy.Domain.csproj" projesinin "C:\Program Files\dotnet\sdk\10.0.200-preview.0.26103.119\Sdks\Microsoft.NET.Sdk\targets\Microsoft.NET.Publish.targets" dosyasındaki "_IncludeContentItemsWithOnlyPublishMetadata" hedefi ("PrepareResourceNames" hedefi buna bağımlı):
   2:7>"Buddy.Domain.csproj" projesinde "_IncludeContentItemsWithOnlyPublishMetadata" hedefini oluşturma tamamlandı.
       "AssignTargetPaths" hedefi atlandı. Önceden başarılı bir şekilde derlenmişti.
   2:7>"c:\Users\ilhan\source\repos\StudyBuddy\StudyBuddy\Buddy.Domain\Buddy.Domain.csproj" projesinin "C:\Program Files\dotnet\sdk\10.0.200-preview.0.26103.119\Microsoft.Common.CurrentVersion.targets" dosyasındaki "SplitResourcesByCulture" hedefi ("PrepareResourceNames" hedefi buna bağımlı):
       "Microsoft.Build.Tasks.Core, Version=15.1.0.0, Culture=neutral, PublicKeyToken=b03f5f7f11d50a3a" derlemesindeki "AssignCulture" görevi kullanılıyor.
       "AssignCulture" görevi
       "AssignCulture" görevini yürütme tamamlandı.
   2:7>"Buddy.Domain.csproj" projesinde "SplitResourcesByCulture" hedefini oluşturma tamamlandı.
   2:7>"c:\Users\ilhan\source\repos\StudyBuddy\StudyBuddy\Buddy.Domain\Buddy.Domain.csproj" projesinin "C:\Program Files\dotnet\sdk\10.0.200-preview.0.26103.119\Microsoft.Common.CurrentVersion.targets" dosyasındaki "CreateCustomManifestResourceNames" hedefi ("PrepareResourceNames" hedefi buna bağımlı):
   2:7>"Buddy.Domain.csproj" projesinde "CreateCustomManifestResourceNames" hedefini oluşturma tamamlandı.
   2:7>"c:\Users\ilhan\source\repos\StudyBuddy\StudyBuddy\Buddy.Domain\Buddy.Domain.csproj" projesinin "C:\Program Files\dotnet\sdk\10.0.200-preview.0.26103.119\Microsoft.Common.CurrentVersion.targets" dosyasındaki "PrepareResourceNames" hedefi ("PrepareResources" hedefi buna bağımlı):
   2:7>"Buddy.Domain.csproj" projesinde "PrepareResourceNames" hedefini oluşturma tamamlandı.
       "ResolveAssemblyReferences" hedefi atlandı. Önceden başarılı bir şekilde derlenmişti.
       "SplitResourcesByCulture" hedefi atlandı. Önceden başarılı bir şekilde derlenmişti.
   2:7>"c:\Users\ilhan\source\repos\StudyBuddy\StudyBuddy\Buddy.Domain\Buddy.Domain.csproj" projesinin "C:\Program Files\dotnet\sdk\10.0.200-preview.0.26103.119\Microsoft.Common.CurrentVersion.targets" dosyasındaki "BeforeResGen" hedefi ("ResGen" hedefi buna bağımlı):
   2:7>"Buddy.Domain.csproj" projesinde "BeforeResGen" hedefini oluşturma tamamlandı.
       "ResolveReferences" hedefi atlandı. Önceden başarılı bir şekilde derlenmişti.
   2:7>"c:\Users\ilhan\source\repos\StudyBuddy\StudyBuddy\Buddy.Domain\Buddy.Domain.csproj" projesinin "C:\Program Files\dotnet\sdk\10.0.200-preview.0.26103.119\Microsoft.Common.CurrentVersion.targets" dosyasındaki "FindReferenceAssembliesForReferences" hedefi ("CoreResGen" hedefi buna bağımlı):
   2:7>"Buddy.Domain.csproj" projesinde "FindReferenceAssembliesForReferences" hedefini oluşturma tamamlandı.
   2:7>"c:\Users\ilhan\source\repos\StudyBuddy\StudyBuddy\Buddy.Domain\Buddy.Domain.csproj" projesinin "C:\Program Files\dotnet\sdk\10.0.200-preview.0.26103.119\Microsoft.Common.CurrentVersion.targets" dosyasındaki "CoreResGen" hedefi ("ResGen" hedefi buna bağımlı):
   2:7>"Buddy.Domain.csproj" projesinde "CoreResGen" hedefini oluşturma tamamlandı.
   2:7>"c:\Users\ilhan\source\repos\StudyBuddy\StudyBuddy\Buddy.Domain\Buddy.Domain.csproj" projesinin "C:\Program Files\dotnet\sdk\10.0.200-preview.0.26103.119\Microsoft.Common.CurrentVersion.targets" dosyasındaki "AfterResGen" hedefi ("ResGen" hedefi buna bağımlı):
   2:7>"Buddy.Domain.csproj" projesinde "AfterResGen" hedefini oluşturma tamamlandı.
   2:7>"c:\Users\ilhan\source\repos\StudyBuddy\StudyBuddy\Buddy.Domain\Buddy.Domain.csproj" projesinin "C:\Program Files\dotnet\sdk\10.0.200-preview.0.26103.119\Microsoft.Common.CurrentVersion.targets" dosyasındaki "ResGen" hedefi ("PrepareResources" hedefi buna bağımlı):
   2:7>"Buddy.Domain.csproj" projesinde "ResGen" hedefini oluşturma tamamlandı.
   2:7>"c:\Users\ilhan\source\repos\StudyBuddy\StudyBuddy\Buddy.Domain\Buddy.Domain.csproj" projesinin "C:\Program Files\dotnet\sdk\10.0.200-preview.0.26103.119\Microsoft.Common.CurrentVersion.targets" dosyasındaki "PrepareResources" hedefi ("CoreBuild" hedefi buna bağımlı):
   2:7>"Buddy.Domain.csproj" projesinde "PrepareResources" hedefini oluşturma tamamlandı.
       "ResolveReferences" hedefi atlandı. Önceden başarılı bir şekilde derlenmişti.
   2:7>"c:\Users\ilhan\source\repos\StudyBuddy\StudyBuddy\Buddy.Domain\Buddy.Domain.csproj" projesinin "C:\Program Files\dotnet\sdk\10.0.200-preview.0.26103.119\Microsoft.Common.CurrentVersion.targets" dosyasındaki "_SetEmbeddedWin32ManifestProperties" hedefi ("SetWin32ManifestProperties" hedefi buna bağımlı):
       "Microsoft.Build.Tasks.Core, Version=15.1.0.0, Culture=neutral, PublicKeyToken=b03f5f7f11d50a3a" derlemesindeki "GetFrameworkPath" görevi kullanılıyor.
       "GetFrameworkPath" görevi
       "GetFrameworkPath" görevini yürütme tamamlandı.
   2:7>"Buddy.Domain.csproj" projesinde "_SetEmbeddedWin32ManifestProperties" hedefini oluşturma tamamlandı.
   2:7>"c:\Users\ilhan\source\repos\StudyBuddy\StudyBuddy\Buddy.Domain\Buddy.Domain.csproj" projesinin "C:\Program Files\dotnet\sdk\10.0.200-preview.0.26103.119\Microsoft.Common.CurrentVersion.targets" dosyasındaki "SetWin32ManifestProperties" hedefi ("Compile" hedefi buna bağımlı):
   2:7>"Buddy.Domain.csproj" projesinde "SetWin32ManifestProperties" hedefini oluşturma tamamlandı.
       "FindReferenceAssembliesForReferences" hedefi atlandı. Önceden başarılı bir şekilde derlenmişti.
   2:7>"c:\Users\ilhan\source\repos\StudyBuddy\StudyBuddy\Buddy.Domain\Buddy.Domain.csproj" projesinin "C:\Program Files\dotnet\sdk\10.0.200-preview.0.26103.119\Microsoft.Common.CurrentVersion.targets" dosyasındaki "_GenerateCompileInputs" hedefi ("Compile" hedefi buna bağımlı):
   2:7>"Buddy.Domain.csproj" projesinde "_GenerateCompileInputs" hedefini oluşturma tamamlandı.
       "PrepareForBuild" hedefi atlandı. Önceden başarılı bir şekilde derlenmişti.
   2:7>"c:\Users\ilhan\source\repos\StudyBuddy\StudyBuddy\Buddy.Domain\Buddy.Domain.csproj" projesinin "C:\Program Files\dotnet\sdk\10.0.200-preview.0.26103.119\Roslyn\Microsoft.Managed.Core.targets" dosyasındaki "GenerateMSBuildEditorConfigFileShouldRun" hedefi ("GenerateMSBuildEditorConfigFile" hedefi buna bağımlı):
   2:7>"Buddy.Domain.csproj" projesinde "GenerateMSBuildEditorConfigFileShouldRun" hedefini oluşturma tamamlandı.
   2:7>"c:\Users\ilhan\source\repos\StudyBuddy\StudyBuddy\Buddy.Domain\Buddy.Domain.csproj" projesinin "C:\Program Files\dotnet\sdk\10.0.200-preview.0.26103.119\Sdks\Microsoft.NET.Sdk\codestyle\cs\build\Microsoft.CodeAnalysis.CSharp.CodeStyle.targets" dosyasındaki "AddGlobalAnalyzerConfigForPackage_MicrosoftCodeAnalysisCSharpCodeStyle" hedefi ("GenerateMSBuildEditorConfigFileCore" hedefi buna bağımlı):
   2:7>"Buddy.Domain.csproj" projesinde "AddGlobalAnalyzerConfigForPackage_MicrosoftCodeAnalysisCSharpCodeStyle" hedefini oluşturma tamamlandı.
   2:7>"c:\Users\ilhan\source\repos\StudyBuddy\StudyBuddy\Buddy.Domain\Buddy.Domain.csproj" projesinin "C:\Program Files\dotnet\sdk\10.0.200-preview.0.26103.119\Roslyn\Microsoft.Managed.Core.targets" dosyasındaki "GenerateMSBuildEditorConfigFileCore" hedefi ("GenerateMSBuildEditorConfigFile" hedefi buna bağımlı):
       "GenerateMSBuildEditorConfigFileCore" hedefi tam olarak oluşturuluyor.
       Giriş dosyası belirtilmedi.
       "C:\Program Files\dotnet\sdk\10.0.200-preview.0.26103.119\Sdks\Microsoft.NET.Sdk\targets\..\..\..\Roslyn\Microsoft.Build.Tasks.CodeAnalysis.dll" derlemesindeki "GenerateMSBuildEditorConfig" görevi kullanılıyor.
       "GenerateMSBuildEditorConfig" görevi
       "GenerateMSBuildEditorConfig" görevini yürütme tamamlandı.
   2:7>"Buddy.Domain.csproj" projesinde "GenerateMSBuildEditorConfigFileCore" hedefini oluşturma tamamlandı.
   2:7>"c:\Users\ilhan\source\repos\StudyBuddy\StudyBuddy\Buddy.Domain\Buddy.Domain.csproj" projesinin "C:\Program Files\dotnet\sdk\10.0.200-preview.0.26103.119\Roslyn\Microsoft.Managed.Core.targets" dosyasındaki "GenerateMSBuildEditorConfigFile" hedefi ("BeforeCompile" hedefi buna bağımlı):
   2:7>"Buddy.Domain.csproj" projesinde "GenerateMSBuildEditorConfigFile" hedefini oluşturma tamamlandı.
       "PrepareForBuild" hedefi atlandı. Önceden başarılı bir şekilde derlenmişti.
       "GetReferenceAssemblyPaths" hedefi atlandı. Önceden başarılı bir şekilde derlenmişti.
   2:7>"c:\Users\ilhan\source\repos\StudyBuddy\StudyBuddy\Buddy.Domain\Buddy.Domain.csproj" projesinin "C:\Program Files\dotnet\sdk\10.0.200-preview.0.26103.119\Microsoft.CSharp.CurrentVersion.targets" dosyasındaki "_SetTargetFrameworkMonikerAttribute" hedefi ("GenerateTargetFrameworkMonikerAttribute" hedefi buna bağımlı):
   2:7>"Buddy.Domain.csproj" projesinde "_SetTargetFrameworkMonikerAttribute" hedefini oluşturma tamamlandı.
   2:7>"c:\Users\ilhan\source\repos\StudyBuddy\StudyBuddy\Buddy.Domain\Buddy.Domain.csproj" projesinin "C:\Program Files\dotnet\sdk\10.0.200-preview.0.26103.119\Microsoft.Common.CurrentVersion.targets" dosyasındaki "GenerateTargetFrameworkMonikerAttribute" hedefi ("BeforeCompile" hedefi buna bağımlı):
       Tüm çıkış dosyaları, giriş dosyalarına göre güncel durumda olduğundan "GenerateTargetFrameworkMonikerAttribute" hedefi atlanıyor.
       Giriş dosyaları: C:\Program Files\dotnet\sdk\10.0.200-preview.0.26103.119\Microsoft.Common.targets
       Çıkış dosyaları: obj\Debug\net10.0\.NETCoreApp,Version=v10.0.AssemblyAttributes.cs
   2:7>"Buddy.Domain.csproj" projesinde "GenerateTargetFrameworkMonikerAttribute" hedefini oluşturma tamamlandı.
       "PrepareForBuild" hedefi atlandı. Önceden başarılı bir şekilde derlenmişti.
   2:7>"c:\Users\ilhan\source\repos\StudyBuddy\StudyBuddy\Buddy.Domain\Buddy.Domain.csproj" projesinin "C:\Program Files\dotnet\sdk\10.0.200-preview.0.26103.119\Sdks\Microsoft.NET.Sdk\targets\Microsoft.NET.GenerateAssemblyInfo.targets" dosyasındaki "GetAssemblyVersion" hedefi ("GetAssemblyAttributes" hedefi buna bağımlı):
       "C:\Program Files\dotnet\sdk\10.0.200-preview.0.26103.119\Sdks\Microsoft.NET.Sdk\targets\..\tools\net10.0\Microsoft.NET.Build.Tasks.dll" derlemesindeki "GetAssemblyVersion" görevi kullanılıyor.
       "GetAssemblyVersion" görevi
       "GetAssemblyVersion" görevini yürütme tamamlandı.
   2:7>"Buddy.Domain.csproj" projesinde "GetAssemblyVersion" hedefini oluşturma tamamlandı.
   2:7>"c:\Users\ilhan\source\repos\StudyBuddy\StudyBuddy\Buddy.Domain\Buddy.Domain.csproj" projesinin "C:\Program Files\dotnet\sdk\10.0.200-preview.0.26103.119\Sdks\Microsoft.Build.Tasks.Git\build\Microsoft.Build.Tasks.Git.targets" dosyasındaki "InitializeSourceControlInformationFromSourceControlManager" hedefi ("_InitializeSourceControlInformationFromSourceControlManager" hedefi buna bağımlı):
       "C:\Program Files\dotnet\sdk\10.0.200-preview.0.26103.119\Sdks\Microsoft.Build.Tasks.Git\build\..\tools\net\Microsoft.Build.Tasks.Git.dll" derlemesindeki "Microsoft.Build.Tasks.Git.LocateRepository" görevi kullanılıyor.
       "Microsoft.Build.Tasks.Git.LocateRepository" görevi
       "Microsoft.Build.Tasks.Git.LocateRepository" görevini yürütme tamamlandı.
   2:7>"Buddy.Domain.csproj" projesinde "InitializeSourceControlInformationFromSourceControlManager" hedefini oluşturma tamamlandı.
   2:7>"c:\Users\ilhan\source\repos\StudyBuddy\StudyBuddy\Buddy.Domain\Buddy.Domain.csproj" projesinin "C:\Program Files\dotnet\sdk\10.0.200-preview.0.26103.119\Sdks\Microsoft.SourceLink.Common\build\InitializeSourceControlInformation.targets" dosyasındaki "_SourceLinkHasSingleProvider" hedefi ("_InitializeSourceControlInformationFromSourceControlManager" hedefi buna bağımlı):
       Derleme TaskRun sırasında yüklendi: Microsoft.SourceLink.Common, Version=10.0.14.10419, Culture=neutral, PublicKeyToken=31bf3856ad364e35 (konum: C:\Program Files\dotnet\sdk\10.0.200-preview.0.26103.119\Sdks\Microsoft.SourceLink.Common\tools\net\Microsoft.SourceLink.Common.dll, MVID: 3cde55a2-93c5-4297-919f-df45e7a6bfce, AssemblyLoadContext: MSBuild plugin C:\Program Files\dotnet\sdk\10.0.200-preview.0.26103.119\Sdks\Microsoft.SourceLink.Common\tools\net\Microsoft.SourceLink.Common.dll)
       "C:\Program Files\dotnet\sdk\10.0.200-preview.0.26103.119\Sdks\Microsoft.SourceLink.Common\build\..\tools\net\Microsoft.SourceLink.Common.dll" derlemesindeki "Microsoft.SourceLink.Common.SourceLinkHasSingleProvider" görevi kullanılıyor.
       "Microsoft.SourceLink.Common.SourceLinkHasSingleProvider" görevi
       "Microsoft.SourceLink.Common.SourceLinkHasSingleProvider" görevini yürütme tamamlandı.
   2:7>"Buddy.Domain.csproj" projesinde "_SourceLinkHasSingleProvider" hedefini oluşturma tamamlandı.
   2:7>"c:\Users\ilhan\source\repos\StudyBuddy\StudyBuddy\Buddy.Domain\Buddy.Domain.csproj" projesinin "C:\Program Files\dotnet\sdk\10.0.200-preview.0.26103.119\Sdks\Microsoft.SourceLink.GitHub\build\Microsoft.SourceLink.GitHub.targets" dosyasındaki "TranslateGitHubUrlsInSourceControlInformation" hedefi ("_InitializeSourceControlInformationFromSourceControlManager" hedefi buna bağımlı):
       Derleme TaskRun sırasında yüklendi: Microsoft.SourceLink.GitHub, Version=10.0.14.10419, Culture=neutral, PublicKeyToken=31bf3856ad364e35 (konum: C:\Program Files\dotnet\sdk\10.0.200-preview.0.26103.119\Sdks\Microsoft.SourceLink.GitHub\tools\net\Microsoft.SourceLink.GitHub.dll, MVID: 0e8fac37-4b81-4a38-b9f7-6242550bbb84, AssemblyLoadContext: MSBuild plugin C:\Program Files\dotnet\sdk\10.0.200-preview.0.26103.119\Sdks\Microsoft.SourceLink.GitHub\tools\net\Microsoft.SourceLink.GitHub.dll)
       "C:\Program Files\dotnet\sdk\10.0.200-preview.0.26103.119\Sdks\Microsoft.SourceLink.GitHub\build\..\tools\net\Microsoft.SourceLink.GitHub.dll" derlemesindeki "Microsoft.SourceLink.GitHub.TranslateRepositoryUrls" görevi kullanılıyor.
       "Microsoft.SourceLink.GitHub.TranslateRepositoryUrls" görevi
       "Microsoft.SourceLink.GitHub.TranslateRepositoryUrls" görevini yürütme tamamlandı.
   2:7>"Buddy.Domain.csproj" projesinde "TranslateGitHubUrlsInSourceControlInformation" hedefini oluşturma tamamlandı.
   2:7>"c:\Users\ilhan\source\repos\StudyBuddy\StudyBuddy\Buddy.Domain\Buddy.Domain.csproj" projesinin "C:\Program Files\dotnet\sdk\10.0.200-preview.0.26103.119\Sdks\Microsoft.SourceLink.GitLab\build\Microsoft.SourceLink.GitLab.targets" dosyasındaki "TranslateGitLabUrlsInSourceControlInformation" hedefi ("_InitializeSourceControlInformationFromSourceControlManager" hedefi buna bağımlı):
       Derleme TaskRun sırasında yüklendi: Microsoft.SourceLink.GitLab, Version=10.0.14.10419, Culture=neutral, PublicKeyToken=31bf3856ad364e35 (konum: C:\Program Files\dotnet\sdk\10.0.200-preview.0.26103.119\Sdks\Microsoft.SourceLink.GitLab\tools\net\Microsoft.SourceLink.GitLab.dll, MVID: d278929d-d481-456f-aeb8-4844c3dea367, AssemblyLoadContext: MSBuild plugin C:\Program Files\dotnet\sdk\10.0.200-preview.0.26103.119\Sdks\Microsoft.SourceLink.GitLab\tools\net\Microsoft.SourceLink.GitLab.dll)
       "C:\Program Files\dotnet\sdk\10.0.200-preview.0.26103.119\Sdks\Microsoft.SourceLink.GitLab\build\..\tools\net\Microsoft.SourceLink.GitLab.dll" derlemesindeki "Microsoft.SourceLink.GitLab.TranslateRepositoryUrls" görevi kullanılıyor.
       "Microsoft.SourceLink.GitLab.TranslateRepositoryUrls" görevi
       "Microsoft.SourceLink.GitLab.TranslateRepositoryUrls" görevini yürütme tamamlandı.
   2:7>"Buddy.Domain.csproj" projesinde "TranslateGitLabUrlsInSourceControlInformation" hedefini oluşturma tamamlandı.
   2:7>"c:\Users\ilhan\source\repos\StudyBuddy\StudyBuddy\Buddy.Domain\Buddy.Domain.csproj" projesinin "C:\Program Files\dotnet\sdk\10.0.200-preview.0.26103.119\Sdks\Microsoft.SourceLink.AzureRepos.Git\build\Microsoft.SourceLink.AzureRepos.Git.targets" dosyasındaki "TranslateAzureReposGitUrlsInSourceControlInformation" hedefi ("_InitializeSourceControlInformationFromSourceControlManager" hedefi buna bağımlı):
       Derleme TaskRun sırasında yüklendi: Microsoft.SourceLink.AzureRepos.Git, Version=10.0.14.10419, Culture=neutral, PublicKeyToken=31bf3856ad364e35 (konum: C:\Program Files\dotnet\sdk\10.0.200-preview.0.26103.119\Sdks\Microsoft.SourceLink.AzureRepos.Git\tools\net\Microsoft.SourceLink.AzureRepos.Git.dll, MVID: c0219f6d-20ab-48ad-90b7-ec1d640599c8, AssemblyLoadContext: MSBuild plugin C:\Program Files\dotnet\sdk\10.0.200-preview.0.26103.119\Sdks\Microsoft.SourceLink.AzureRepos.Git\tools\net\Microsoft.SourceLink.AzureRepos.Git.dll)
       "C:\Program Files\dotnet\sdk\10.0.200-preview.0.26103.119\Sdks\Microsoft.SourceLink.AzureRepos.Git\build\..\tools\net\Microsoft.SourceLink.AzureRepos.Git.dll" derlemesindeki "Microsoft.SourceLink.AzureRepos.Git.TranslateRepositoryUrls" görevi kullanılıyor.
       "Microsoft.SourceLink.AzureRepos.Git.TranslateRepositoryUrls" görevi
       "Microsoft.SourceLink.AzureRepos.Git.TranslateRepositoryUrls" görevini yürütme tamamlandı.
   2:7>"Buddy.Domain.csproj" projesinde "TranslateAzureReposGitUrlsInSourceControlInformation" hedefini oluşturma tamamlandı.
   2:7>"c:\Users\ilhan\source\repos\StudyBuddy\StudyBuddy\Buddy.Domain\Buddy.Domain.csproj" projesinin "C:\Program Files\dotnet\sdk\10.0.200-preview.0.26103.119\Sdks\Microsoft.SourceLink.Bitbucket.Git\build\Microsoft.SourceLink.Bitbucket.Git.targets" dosyasındaki "TranslateBitbucketGitUrlsInSourceControlInformation" hedefi ("_InitializeSourceControlInformationFromSourceControlManager" hedefi buna bağımlı):
       Derleme TaskRun sırasında yüklendi: Microsoft.SourceLink.Bitbucket.Git, Version=10.0.14.10419, Culture=neutral, PublicKeyToken=31bf3856ad364e35 (konum: C:\Program Files\dotnet\sdk\10.0.200-preview.0.26103.119\Sdks\Microsoft.SourceLink.Bitbucket.Git\tools\net\Microsoft.SourceLink.Bitbucket.Git.dll, MVID: 8bd647bd-1de5-445d-9db3-6fa3e7d72858, AssemblyLoadContext: MSBuild plugin C:\Program Files\dotnet\sdk\10.0.200-preview.0.26103.119\Sdks\Microsoft.SourceLink.Bitbucket.Git\tools\net\Microsoft.SourceLink.Bitbucket.Git.dll)
       "C:\Program Files\dotnet\sdk\10.0.200-preview.0.26103.119\Sdks\Microsoft.SourceLink.Bitbucket.Git\build\..\tools\net\Microsoft.SourceLink.Bitbucket.Git.dll" derlemesindeki "Microsoft.SourceLink.Bitbucket.Git.TranslateRepositoryUrls" görevi kullanılıyor.
       "Microsoft.SourceLink.Bitbucket.Git.TranslateRepositoryUrls" görevi
       "Microsoft.SourceLink.Bitbucket.Git.TranslateRepositoryUrls" görevini yürütme tamamlandı.
   2:7>"Buddy.Domain.csproj" projesinde "TranslateBitbucketGitUrlsInSourceControlInformation" hedefini oluşturma tamamlandı.
   2:7>"c:\Users\ilhan\source\repos\StudyBuddy\StudyBuddy\Buddy.Domain\Buddy.Domain.csproj" projesinin "C:\Program Files\dotnet\sdk\10.0.200-preview.0.26103.119\Sdks\Microsoft.SourceLink.Common\build\InitializeSourceControlInformation.targets" dosyasındaki "SourceControlManagerPublishTranslatedUrls" hedefi ("_InitializeSourceControlInformationFromSourceControlManager" hedefi buna bağımlı):
   2:7>"Buddy.Domain.csproj" projesinde "SourceControlManagerPublishTranslatedUrls" hedefini oluşturma tamamlandı.
   2:7>"c:\Users\ilhan\source\repos\StudyBuddy\StudyBuddy\Buddy.Domain\Buddy.Domain.csproj" projesinin "C:\Program Files\dotnet\sdk\10.0.200-preview.0.26103.119\Sdks\Microsoft.SourceLink.Common\build\InitializeSourceControlInformation.targets" dosyasındaki "_InitializeSourceControlInformationFromSourceControlManager" hedefi ("InitializeSourceControlInformation" hedefi buna bağımlı):
   2:7>"Buddy.Domain.csproj" projesinde "_InitializeSourceControlInformationFromSourceControlManager" hedefini oluşturma tamamlandı.
   2:7>"c:\Users\ilhan\source\repos\StudyBuddy\StudyBuddy\Buddy.Domain\Buddy.Domain.csproj" projesinin "C:\Program Files\dotnet\sdk\10.0.200-preview.0.26103.119\Microsoft.Common.CurrentVersion.targets" dosyasındaki "InitializeSourceControlInformation" hedefi ("GetAssemblyAttributes" hedefi buna bağımlı):
   2:7>"Buddy.Domain.csproj" projesinde "InitializeSourceControlInformation" hedefini oluşturma tamamlandı.
       "GetAssemblyVersion" hedefi atlandı. Önceden başarılı bir şekilde derlenmişti.
       "InitializeSourceControlInformation" hedefi atlandı. Önceden başarılı bir şekilde derlenmişti.
   2:7>"c:\Users\ilhan\source\repos\StudyBuddy\StudyBuddy\Buddy.Domain\Buddy.Domain.csproj" projesinin "C:\Program Files\dotnet\sdk\10.0.200-preview.0.26103.119\Sdks\Microsoft.NET.Sdk\targets\Microsoft.NET.GenerateAssemblyInfo.targets" dosyasındaki "AddSourceRevisionToInformationalVersion" hedefi ("GetAssemblyAttributes" hedefi buna bağımlı):
   2:7>"Buddy.Domain.csproj" projesinde "AddSourceRevisionToInformationalVersion" hedefini oluşturma tamamlandı.
   2:7>"c:\Users\ilhan\source\repos\StudyBuddy\StudyBuddy\Buddy.Domain\Buddy.Domain.csproj" projesinin "C:\Program Files\dotnet\sdk\10.0.200-preview.0.26103.119\Sdks\Microsoft.NET.Sdk\targets\Microsoft.NET.GenerateAssemblyInfo.targets" dosyasındaki "GetAssemblyAttributes" hedefi ("CreateGeneratedAssemblyInfoInputsCacheFile" hedefi buna bağımlı):
   2:7>"Buddy.Domain.csproj" projesinde "GetAssemblyAttributes" hedefini oluşturma tamamlandı.
   2:7>"c:\Users\ilhan\source\repos\StudyBuddy\StudyBuddy\Buddy.Domain\Buddy.Domain.csproj" projesinin "C:\Program Files\dotnet\sdk\10.0.200-preview.0.26103.119\Sdks\Microsoft.NET.Sdk\targets\Microsoft.NET.GenerateAssemblyInfo.targets" dosyasındaki "CreateGeneratedAssemblyInfoInputsCacheFile" hedefi ("CoreGenerateAssemblyInfo" hedefi buna bağımlı):
       "Microsoft.Build.Tasks.Core, Version=15.1.0.0, Culture=neutral, PublicKeyToken=b03f5f7f11d50a3a" derlemesindeki "Hash" görevi kullanılıyor.
       "Hash" görevi
       "Hash" görevini yürütme tamamlandı.
       "WriteLinesToFile" görevi
       "WriteLinesToFile" görevini yürütme tamamlandı.
   2:7>"Buddy.Domain.csproj" projesinde "CreateGeneratedAssemblyInfoInputsCacheFile" hedefini oluşturma tamamlandı.
   2:7>"c:\Users\ilhan\source\repos\StudyBuddy\StudyBuddy\Buddy.Domain\Buddy.Domain.csproj" projesinin "C:\Program Files\dotnet\sdk\10.0.200-preview.0.26103.119\Sdks\Microsoft.NET.Sdk\targets\Microsoft.NET.GenerateAssemblyInfo.targets" dosyasındaki "CoreGenerateAssemblyInfo" hedefi ("GenerateAssemblyInfo" hedefi buna bağımlı):
       "CoreGenerateAssemblyInfo" hedefi tam olarak oluşturuluyor.
       "obj\Debug\net10.0\Buddy.Domain.AssemblyInfo.cs" çıkış dosyası yok.
       "Microsoft.Build.Tasks.Core, Version=15.1.0.0, Culture=neutral, PublicKeyToken=b03f5f7f11d50a3a" derlemesindeki "WriteCodeFragment" görevi kullanılıyor.
       "WriteCodeFragment" görevi
         Belirtilen kod "obj\Debug\net10.0\Buddy.Domain.AssemblyInfo.cs" içine verildi.
       "WriteCodeFragment" görevini yürütme tamamlandı.
   2:7>"Buddy.Domain.csproj" projesinde "CoreGenerateAssemblyInfo" hedefini oluşturma tamamlandı.
   2:7>"c:\Users\ilhan\source\repos\StudyBuddy\StudyBuddy\Buddy.Domain\Buddy.Domain.csproj" projesinin "C:\Program Files\dotnet\sdk\10.0.200-preview.0.26103.119\Sdks\Microsoft.NET.Sdk\targets\Microsoft.NET.GenerateAssemblyInfo.targets" dosyasındaki "GenerateAssemblyInfo" hedefi ("BeforeCompile" hedefi buna bağımlı):
   2:7>"Buddy.Domain.csproj" projesinde "GenerateAssemblyInfo" hedefini oluşturma tamamlandı.
   2:7>"c:\Users\ilhan\source\repos\StudyBuddy\StudyBuddy\Buddy.Domain\Buddy.Domain.csproj" projesinin "C:\Program Files\dotnet\sdk\10.0.200-preview.0.26103.119\Microsoft.Common.CurrentVersion.targets" dosyasındaki "BeforeCompile" hedefi ("Compile" hedefi buna bağımlı):
   2:7>"Buddy.Domain.csproj" projesinde "BeforeCompile" hedefini oluşturma tamamlandı.
       "ResolveAssemblyReferences" hedefi atlandı. Önceden başarılı bir şekilde derlenmişti.
       "_GenerateCompileInputs" hedefi atlandı. Önceden başarılı bir şekilde derlenmişti.
   2:7>"c:\Users\ilhan\source\repos\StudyBuddy\StudyBuddy\Buddy.Domain\Buddy.Domain.csproj" projesinin "C:\Program Files\dotnet\sdk\10.0.200-preview.0.26103.119\Microsoft.Common.CurrentVersion.targets" dosyasındaki "_GenerateCompileDependencyCache" hedefi ("Compile" hedefi buna bağımlı):
       "Hash" görevi
       "Hash" görevini yürütme tamamlandı.
       "WriteLinesToFile" görevi
       "WriteLinesToFile" görevini yürütme tamamlandı.
   2:7>"Buddy.Domain.csproj" projesinde "_GenerateCompileDependencyCache" hedefini oluşturma tamamlandı.
   2:7>"c:\Users\ilhan\source\repos\StudyBuddy\StudyBuddy\Buddy.Domain\Buddy.Domain.csproj" projesinin "C:\Program Files\dotnet\sdk\10.0.200-preview.0.26103.119\Roslyn\Microsoft.Managed.Core.targets" dosyasındaki "_BeforeVBCSCoreCompile" hedefi ("CoreCompile" hedefi buna bağımlı):
   2:7>"Buddy.Domain.csproj" projesinde "_BeforeVBCSCoreCompile" hedefini oluşturma tamamlandı.
   2:7>"c:\Users\ilhan\source\repos\StudyBuddy\StudyBuddy\Buddy.Domain\Buddy.Domain.csproj" projesinin "C:\Program Files\dotnet\sdk\10.0.200-preview.0.26103.119\Roslyn\Microsoft.Managed.Core.targets" dosyasındaki "_ComputeSkipAnalyzers" hedefi ("CoreCompile" hedefi buna bağımlı):
   2:7>"Buddy.Domain.csproj" projesinde "_ComputeSkipAnalyzers" hedefini oluşturma tamamlandı.
       "BeforeCompile" hedefi atlandı. Önceden başarılı bir şekilde derlenmişti.
       "InitializeSourceControlInformationFromSourceControlManager" hedefi atlandı. Önceden başarılı bir şekilde derlenmişti.
   2:7>"c:\Users\ilhan\source\repos\StudyBuddy\StudyBuddy\Buddy.Domain\Buddy.Domain.csproj" projesinin "C:\Program Files\dotnet\sdk\10.0.200-preview.0.26103.119\Sdks\Microsoft.Build.Tasks.Git\build\Microsoft.Build.Tasks.Git.targets" dosyasındaki "SetEmbeddedFilesFromSourceControlManagerUntrackedFiles" hedefi ("_SetEmbeddedFilesFromSourceControlManagerUntrackedFiles" hedefi buna bağımlı):
   2:7>"Buddy.Domain.csproj" projesinde "SetEmbeddedFilesFromSourceControlManagerUntrackedFiles" hedefini oluşturma tamamlandı.
   2:7>"c:\Users\ilhan\source\repos\StudyBuddy\StudyBuddy\Buddy.Domain\Buddy.Domain.csproj" projesinin "C:\Program Files\dotnet\sdk\10.0.200-preview.0.26103.119\Sdks\Microsoft.SourceLink.Common\build\Microsoft.SourceLink.Common.targets" dosyasındaki "_SetEmbeddedFilesFromSourceControlManagerUntrackedFiles" hedefi ("CoreCompile" hedefi buna bağımlı):
   2:7>"Buddy.Domain.csproj" projesinde "_SetEmbeddedFilesFromSourceControlManagerUntrackedFiles" hedefini oluşturma tamamlandı.
       "InitializeSourceControlInformation" hedefi atlandı. Önceden başarılı bir şekilde derlenmişti.
   2:7>"c:\Users\ilhan\source\repos\StudyBuddy\StudyBuddy\Buddy.Domain\Buddy.Domain.csproj" projesinin "C:\Program Files\dotnet\sdk\10.0.200-preview.0.26103.119\Sdks\Microsoft.SourceLink.Common\build\Microsoft.SourceLink.Common.targets" dosyasındaki "_SetSourceLinkFilePath" hedefi ("_GenerateSourceLinkFile" hedefi buna bağımlı):
   2:7>"Buddy.Domain.csproj" projesinde "_SetSourceLinkFilePath" hedefini oluşturma tamamlandı.
       "InitializeSourceControlInformation" hedefi atlandı. Önceden başarılı bir şekilde derlenmişti.
   2:7>"c:\Users\ilhan\source\repos\StudyBuddy\StudyBuddy\Buddy.Domain\Buddy.Domain.csproj" projesinin "C:\Program Files\dotnet\sdk\10.0.200-preview.0.26103.119\Roslyn\Microsoft.Managed.Core.targets" dosyasındaki "_InitializeSourceRootMappedPathsFromSourceControl" hedefi ("InitializeSourceRootMappedPaths" hedefi buna bağımlı):
   2:7>"Buddy.Domain.csproj" projesinde "_InitializeSourceRootMappedPathsFromSourceControl" hedefini oluşturma tamamlandı.
   2:7>"c:\Users\ilhan\source\repos\StudyBuddy\StudyBuddy\Buddy.Domain\Buddy.Domain.csproj" projesinin "C:\Program Files\dotnet\sdk\10.0.200-preview.0.26103.119\Roslyn\Microsoft.Managed.Core.targets" dosyasındaki "InitializeSourceRootMappedPaths" hedefi ("_InitializeSourceRootMappedPathsOpt" hedefi buna bağımlı):
       "C:\Program Files\dotnet\sdk\10.0.200-preview.0.26103.119\Sdks\Microsoft.NET.Sdk\targets\..\..\..\Roslyn\Microsoft.Build.Tasks.CodeAnalysis.dll" derlemesindeki "Microsoft.CodeAnalysis.BuildTasks.MapSourceRoots" görevi kullanılıyor.
       "Microsoft.CodeAnalysis.BuildTasks.MapSourceRoots" görevi
       "Microsoft.CodeAnalysis.BuildTasks.MapSourceRoots" görevini yürütme tamamlandı.
   2:7>"Buddy.Domain.csproj" projesinde "InitializeSourceRootMappedPaths" hedefini oluşturma tamamlandı.
   2:7>"c:\Users\ilhan\source\repos\StudyBuddy\StudyBuddy\Buddy.Domain\Buddy.Domain.csproj" projesinin "C:\Program Files\dotnet\sdk\10.0.200-preview.0.26103.119\Sdks\Microsoft.SourceLink.Common\build\Microsoft.SourceLink.Common.targets" dosyasındaki "_InitializeSourceRootMappedPathsOpt" hedefi ("_GenerateSourceLinkFile" hedefi buna bağımlı):
   2:7>"Buddy.Domain.csproj" projesinde "_InitializeSourceRootMappedPathsOpt" hedefini oluşturma tamamlandı.
   2:7>"c:\Users\ilhan\source\repos\StudyBuddy\StudyBuddy\Buddy.Domain\Buddy.Domain.csproj" projesinin "C:\Program Files\dotnet\sdk\10.0.200-preview.0.26103.119\Sdks\Microsoft.SourceLink.GitHub\build\Microsoft.SourceLink.GitHub.targets" dosyasındaki "_InitializeGitHubSourceLinkUrl" hedefi ("_GenerateSourceLinkFile" hedefi buna bağımlı):
       "_InitializeGitHubSourceLinkUrl" hedefi tam olarak oluşturuluyor.
       Giriş dosyası belirtilmedi.
       "C:\Program Files\dotnet\sdk\10.0.200-preview.0.26103.119\Sdks\Microsoft.SourceLink.GitHub\build\..\tools\net\Microsoft.SourceLink.GitHub.dll" derlemesindeki "Microsoft.SourceLink.GitHub.GetSourceLinkUrl" görevi kullanılıyor.
       "Microsoft.SourceLink.GitHub.GetSourceLinkUrl" görevi
       "Microsoft.SourceLink.GitHub.GetSourceLinkUrl" görevini yürütme tamamlandı.
   2:7>"Buddy.Domain.csproj" projesinde "_InitializeGitHubSourceLinkUrl" hedefini oluşturma tamamlandı.
   2:7>"c:\Users\ilhan\source\repos\StudyBuddy\StudyBuddy\Buddy.Domain\Buddy.Domain.csproj" projesinin "C:\Program Files\dotnet\sdk\10.0.200-preview.0.26103.119\Sdks\Microsoft.SourceLink.GitHub\build\Microsoft.SourceLink.GitHub.targets" dosyasındaki "_InitializeGitHubSourceLinkUrl" hedefi ("_GenerateSourceLinkFile" hedefi buna bağımlı):
       "_InitializeGitHubSourceLinkUrl" hedefi tam olarak oluşturuluyor.
       Giriş dosyası belirtilmedi.
       "Microsoft.SourceLink.GitHub.GetSourceLinkUrl" görevi
       "Microsoft.SourceLink.GitHub.GetSourceLinkUrl" görevini yürütme tamamlandı.
   2:7>"Buddy.Domain.csproj" projesinde "_InitializeGitHubSourceLinkUrl" hedefini oluşturma tamamlandı.
   2:7>"c:\Users\ilhan\source\repos\StudyBuddy\StudyBuddy\Buddy.Domain\Buddy.Domain.csproj" projesinin "C:\Program Files\dotnet\sdk\10.0.200-preview.0.26103.119\Sdks\Microsoft.SourceLink.GitLab\build\Microsoft.SourceLink.GitLab.targets" dosyasındaki "_InitializeGitLabSourceLinkUrl" hedefi ("_GenerateSourceLinkFile" hedefi buna bağımlı):
       "_InitializeGitLabSourceLinkUrl" hedefi tam olarak oluşturuluyor.
       Giriş dosyası belirtilmedi.
       "C:\Program Files\dotnet\sdk\10.0.200-preview.0.26103.119\Sdks\Microsoft.SourceLink.GitLab\build\..\tools\net\Microsoft.SourceLink.GitLab.dll" derlemesindeki "Microsoft.SourceLink.GitLab.GetSourceLinkUrl" görevi kullanılıyor.
       "Microsoft.SourceLink.GitLab.GetSourceLinkUrl" görevi
       "Microsoft.SourceLink.GitLab.GetSourceLinkUrl" görevini yürütme tamamlandı.
   2:7>"Buddy.Domain.csproj" projesinde "_InitializeGitLabSourceLinkUrl" hedefini oluşturma tamamlandı.
   2:7>"c:\Users\ilhan\source\repos\StudyBuddy\StudyBuddy\Buddy.Domain\Buddy.Domain.csproj" projesinin "C:\Program Files\dotnet\sdk\10.0.200-preview.0.26103.119\Sdks\Microsoft.SourceLink.GitLab\build\Microsoft.SourceLink.GitLab.targets" dosyasındaki "_InitializeGitLabSourceLinkUrl" hedefi ("_GenerateSourceLinkFile" hedefi buna bağımlı):
       "_InitializeGitLabSourceLinkUrl" hedefi tam olarak oluşturuluyor.
       Giriş dosyası belirtilmedi.
       "Microsoft.SourceLink.GitLab.GetSourceLinkUrl" görevi
       "Microsoft.SourceLink.GitLab.GetSourceLinkUrl" görevini yürütme tamamlandı.
   2:7>"Buddy.Domain.csproj" projesinde "_InitializeGitLabSourceLinkUrl" hedefini oluşturma tamamlandı.
   2:7>"c:\Users\ilhan\source\repos\StudyBuddy\StudyBuddy\Buddy.Domain\Buddy.Domain.csproj" projesinin "C:\Program Files\dotnet\sdk\10.0.200-preview.0.26103.119\Sdks\Microsoft.SourceLink.AzureRepos.Git\build\Microsoft.SourceLink.AzureRepos.Git.targets" dosyasındaki "_InitializeAzureReposGitSourceLinkUrl" hedefi ("_GenerateSourceLinkFile" hedefi buna bağımlı):
       "_InitializeAzureReposGitSourceLinkUrl" hedefi tam olarak oluşturuluyor.
       Giriş dosyası belirtilmedi.
       "C:\Program Files\dotnet\sdk\10.0.200-preview.0.26103.119\Sdks\Microsoft.SourceLink.AzureRepos.Git\build\..\tools\net\Microsoft.SourceLink.AzureRepos.Git.dll" derlemesindeki "Microsoft.SourceLink.AzureRepos.Git.GetSourceLinkUrl" görevi kullanılıyor.
       "Microsoft.SourceLink.AzureRepos.Git.GetSourceLinkUrl" görevi
       "Microsoft.SourceLink.AzureRepos.Git.GetSourceLinkUrl" görevini yürütme tamamlandı.
   2:7>"Buddy.Domain.csproj" projesinde "_InitializeAzureReposGitSourceLinkUrl" hedefini oluşturma tamamlandı.
   2:7>"c:\Users\ilhan\source\repos\StudyBuddy\StudyBuddy\Buddy.Domain\Buddy.Domain.csproj" projesinin "C:\Program Files\dotnet\sdk\10.0.200-preview.0.26103.119\Sdks\Microsoft.SourceLink.AzureRepos.Git\build\Microsoft.SourceLink.AzureRepos.Git.targets" dosyasındaki "_InitializeAzureReposGitSourceLinkUrl" hedefi ("_GenerateSourceLinkFile" hedefi buna bağımlı):
       "_InitializeAzureReposGitSourceLinkUrl" hedefi tam olarak oluşturuluyor.
       Giriş dosyası belirtilmedi.
       "Microsoft.SourceLink.AzureRepos.Git.GetSourceLinkUrl" görevi
       "Microsoft.SourceLink.AzureRepos.Git.GetSourceLinkUrl" görevini yürütme tamamlandı.
   2:7>"Buddy.Domain.csproj" projesinde "_InitializeAzureReposGitSourceLinkUrl" hedefini oluşturma tamamlandı.
   2:7>"c:\Users\ilhan\source\repos\StudyBuddy\StudyBuddy\Buddy.Domain\Buddy.Domain.csproj" projesinin "C:\Program Files\dotnet\sdk\10.0.200-preview.0.26103.119\Sdks\Microsoft.SourceLink.Bitbucket.Git\build\Microsoft.SourceLink.Bitbucket.Git.targets" dosyasındaki "_InitializeBitbucketGitSourceLinkUrl" hedefi ("_GenerateSourceLinkFile" hedefi buna bağımlı):
       "_InitializeBitbucketGitSourceLinkUrl" hedefi tam olarak oluşturuluyor.
       Giriş dosyası belirtilmedi.
       "C:\Program Files\dotnet\sdk\10.0.200-preview.0.26103.119\Sdks\Microsoft.SourceLink.Bitbucket.Git\build\..\tools\net\Microsoft.SourceLink.Bitbucket.Git.dll" derlemesindeki "Microsoft.SourceLink.Bitbucket.Git.GetSourceLinkUrl" görevi kullanılıyor.
       "Microsoft.SourceLink.Bitbucket.Git.GetSourceLinkUrl" görevi
       "Microsoft.SourceLink.Bitbucket.Git.GetSourceLinkUrl" görevini yürütme tamamlandı.
   2:7>"Buddy.Domain.csproj" projesinde "_InitializeBitbucketGitSourceLinkUrl" hedefini oluşturma tamamlandı.
   2:7>"c:\Users\ilhan\source\repos\StudyBuddy\StudyBuddy\Buddy.Domain\Buddy.Domain.csproj" projesinin "C:\Program Files\dotnet\sdk\10.0.200-preview.0.26103.119\Sdks\Microsoft.SourceLink.Bitbucket.Git\build\Microsoft.SourceLink.Bitbucket.Git.targets" dosyasındaki "_InitializeBitbucketGitSourceLinkUrl" hedefi ("_GenerateSourceLinkFile" hedefi buna bağımlı):
       "_InitializeBitbucketGitSourceLinkUrl" hedefi tam olarak oluşturuluyor.
       Giriş dosyası belirtilmedi.
       "Microsoft.SourceLink.Bitbucket.Git.GetSourceLinkUrl" görevi
       "Microsoft.SourceLink.Bitbucket.Git.GetSourceLinkUrl" görevini yürütme tamamlandı.
   2:7>"Buddy.Domain.csproj" projesinde "_InitializeBitbucketGitSourceLinkUrl" hedefini oluşturma tamamlandı.
   2:7>"c:\Users\ilhan\source\repos\StudyBuddy\StudyBuddy\Buddy.Domain\Buddy.Domain.csproj" projesinin "C:\Program Files\dotnet\sdk\10.0.200-preview.0.26103.119\Sdks\Microsoft.SourceLink.Common\build\Microsoft.SourceLink.Common.targets" dosyasındaki "_GenerateSourceLinkFile" hedefi ("GenerateSourceLinkFile" hedefi buna bağımlı):
       "_GenerateSourceLinkFile" hedefi tam olarak oluşturuluyor.
       Giriş dosyası belirtilmedi.
       "C:\Program Files\dotnet\sdk\10.0.200-preview.0.26103.119\Sdks\Microsoft.SourceLink.Common\build\..\tools\net\Microsoft.SourceLink.Common.dll" derlemesindeki "Microsoft.SourceLink.Common.GenerateSourceLinkFile" görevi kullanılıyor.
       "Microsoft.SourceLink.Common.GenerateSourceLinkFile" görevi
         Derleme TaskRun (Microsoft.SourceLink.Common.GenerateSourceLinkFile) sırasında yüklendi: Microsoft.SourceLink.Common.resources, Version=10.0.14.10419, Culture=tr, PublicKeyToken=31bf3856ad364e35 (konum: C:\Program Files\dotnet\sdk\10.0.200-preview.0.26103.119\Sdks\Microsoft.SourceLink.Common\tools\net\tr\Microsoft.SourceLink.Common.resources.dll, MVID: 068d39e4-884c-480e-a560-0035c7aff84e, AssemblyLoadContext: MSBuild plugin C:\Program Files\dotnet\sdk\10.0.200-preview.0.26103.119\Sdks\Microsoft.SourceLink.Common\tools\net\Microsoft.SourceLink.Common.dll)
         Source Link boş, 'obj\Debug\net10.0\Buddy.Domain.sourcelink.json' dosyası yok.
       "Microsoft.SourceLink.Common.GenerateSourceLinkFile" görevini yürütme tamamlandı.
   2:7>"Buddy.Domain.csproj" projesinde "_GenerateSourceLinkFile" hedefini oluşturma tamamlandı.
   2:7>"c:\Users\ilhan\source\repos\StudyBuddy\StudyBuddy\Buddy.Domain\Buddy.Domain.csproj" projesinin "C:\Program Files\dotnet\sdk\10.0.200-preview.0.26103.119\Sdks\Microsoft.SourceLink.Common\build\Microsoft.SourceLink.Common.targets" dosyasındaki "GenerateSourceLinkFile" hedefi ("CoreCompile" hedefi buna bağımlı):
   2:7>"Buddy.Domain.csproj" projesinde "GenerateSourceLinkFile" hedefini oluşturma tamamlandı.
   2:7>"c:\Users\ilhan\source\repos\StudyBuddy\StudyBuddy\Buddy.Domain\Buddy.Domain.csproj" projesinin "C:\Program Files\dotnet\sdk\10.0.200-preview.0.26103.119\Sdks\Microsoft.NET.Sdk\analyzers\build\Microsoft.CodeAnalysis.NetAnalyzers.targets" dosyasındaki "AddGlobalAnalyzerConfigForPackage_MicrosoftCodeAnalysisNetAnalyzers" hedefi ("CoreCompile" hedefi buna bağımlı):
   2:7>"Buddy.Domain.csproj" projesinde "AddGlobalAnalyzerConfigForPackage_MicrosoftCodeAnalysisNetAnalyzers" hedefini oluşturma tamamlandı.
   2:7>"c:\Users\ilhan\source\repos\StudyBuddy\StudyBuddy\Buddy.Domain\Buddy.Domain.csproj" projesinin "C:\Program Files\dotnet\sdk\10.0.200-preview.0.26103.119\Roslyn\Microsoft.CSharp.Core.targets" dosyasındaki "CoreCompile" hedefi ("Compile" hedefi buna bağımlı):
       "CoreCompile" hedefi tam olarak oluşturuluyor.
       "obj\Debug\net10.0\Buddy.Domain.dll" çıkış dosyası yok.
       C:\Program Files\dotnet\sdk\10.0.200-preview.0.26103.119\Roslyn\Microsoft.CSharp.Core.targets(66,7): message : Özellik yeniden ataması: $(NoWarn)="1701;1702;1701;1702" (önceki değer: "1701;1702") konum: C:\Program Files\dotnet\sdk\10.0.200-preview.0.26103.119\Roslyn\Microsoft.CSharp.Core.targets (66,7) [c:\Users\ilhan\source\repos\StudyBuddy\StudyBuddy\Buddy.Domain\Buddy.Domain.csproj]
       C:\Program Files\dotnet\sdk\10.0.200-preview.0.26103.119\Roslyn\Microsoft.CSharp.Core.targets(76,7): message : Özellik yeniden ataması: $(NoWarn)="1701;1702;1701;1702;8002" (önceki değer: "1701;1702") konum: C:\Program Files\dotnet\sdk\10.0.200-preview.0.26103.119\Roslyn\Microsoft.CSharp.Core.targets (76,7) [c:\Users\ilhan\source\repos\StudyBuddy\StudyBuddy\Buddy.Domain\Buddy.Domain.csproj]
       "C:\Program Files\dotnet\sdk\10.0.200-preview.0.26103.119\Sdks\Microsoft.NET.Sdk\targets\..\..\..\Roslyn\Microsoft.Build.Tasks.CodeAnalysis.dll" derlemesindeki "Csc" görevi kullanılıyor.
       "Csc" görevi
         Setting DOTNET_ROOT to 'C:\Program Files\dotnet'
         Derleme TaskRun (Microsoft.CodeAnalysis.BuildTasks.Csc) sırasında yüklendi: Microsoft.Build.Utilities.Core.resources, Version=15.1.0.0, Culture=tr, PublicKeyToken=b03f5f7f11d50a3a (konum: C:\Program Files\dotnet\sdk\10.0.200-preview.0.26103.119\tr\Microsoft.Build.Utilities.Core.resources.dll, MVID: ec6530c4-e900-4896-9f3a-c844b7b685d6, AssemblyLoadContext: Default)
         Araca geçirilen Ortam Değişkenleri:
           DOTNET_ROOT=C:\Program Files\dotnet
         C:\Program Files\dotnet\sdk\10.0.200-preview.0.26103.119\Roslyn\bincore\csc.exe /noconfig /unsafe- /checked- /nowarn:1701,1702,1701,1702,8002 /fullpaths /nostdlib+ /errorreport:prompt /warn:10 /define:TRACE;DEBUG;NET;NET10_0;NETCOREAPP;NET5_0_OR_GREATER;NET6_0_OR_GREATER;NET7_0_OR_GREATER;NET8_0_OR_GREATER;NET9_0_OR_GREATER;NET10_0_OR_GREATER;NETCOREAPP1_0_OR_GREATER;NETCOREAPP1_1_OR_GREATER;NETCOREAPP2_0_OR_GREATER;NETCOREAPP2_1_OR_GREATER;NETCOREAPP2_2_OR_GREATER;NETCOREAPP3_0_OR_GREATER;NETCOREAPP3_1_OR_GREATER /highentropyva+ /nullable:enable /reference:"C:\Program Files\dotnet\packs\Microsoft.NETCore.App.Ref\10.0.2\ref\net10.0\Microsoft.CSharp.dll" /reference:"C:\Program Files\dotnet\packs\Microsoft.NETCore.App.Ref\10.0.2\ref\net10.0\Microsoft.VisualBasic.Core.dll" /reference:"C:\Program Files\dotnet\packs\Microsoft.NETCore.App.Ref\10.0.2\ref\net10.0\Microsoft.VisualBasic.dll" /reference:"C:\Program Files\dotnet\packs\Microsoft.NETCore.App.Ref\10.0.2\ref\net10.0\Microsoft.Win32.Primitives.dll" /reference:"C:\Program Files\dotnet\packs\Microsoft.NETCore.App.Ref\10.0.2\ref\net10.0\Microsoft.Win32.Registry.dll" /reference:"C:\Program Files\dotnet\packs\Microsoft.NETCore.App.Ref\10.0.2\ref\net10.0\mscorlib.dll" /reference:"C:\Program Files\dotnet\packs\Microsoft.NETCore.App.Ref\10.0.2\ref\net10.0\netstandard.dll" /reference:"C:\Program Files\dotnet\packs\Microsoft.NETCore.App.Ref\10.0.2\ref\net10.0\System.AppContext.dll" /reference:"C:\Program Files\dotnet\packs\Microsoft.NETCore.App.Ref\10.0.2\ref\net10.0\System.Buffers.dll" /reference:"C:\Program Files\dotnet\packs\Microsoft.NETCore.App.Ref\10.0.2\ref\net10.0\System.Collections.Concurrent.dll" /reference:"C:\Program Files\dotnet\packs\Microsoft.NETCore.App.Ref\10.0.2\ref\net10.0\System.Collections.dll" /reference:"C:\Program Files\dotnet\packs\Microsoft.NETCore.App.Ref\10.0.2\ref\net10.0\System.Collections.Immutable.dll" /reference:"C:\Program Files\dotnet\packs\Microsoft.NETCore.App.Ref\10.0.2\ref\net10.0\System.Collections.NonGeneric.dll" /reference:"C:\Program Files\dotnet\packs\Microsoft.NETCore.App.Ref\10.0.2\ref\net10.0\System.Collections.Specialized.dll" /reference:"C:\Program Files\dotnet\packs\Microsoft.NETCore.App.Ref\10.0.2\ref\net10.0\System.ComponentModel.Annotations.dll" /reference:"C:\Program Files\dotnet\packs\Microsoft.NETCore.App.Ref\10.0.2\ref\net10.0\System.ComponentModel.DataAnnotations.dll" /reference:"C:\Program Files\dotnet\packs\Microsoft.NETCore.App.Ref\10.0.2\ref\net10.0\System.ComponentModel.dll" /reference:"C:\Program Files\dotnet\packs\Microsoft.NETCore.App.Ref\10.0.2\ref\net10.0\System.ComponentModel.EventBasedAsync.dll" /reference:"C:\Program Files\dotnet\packs\Microsoft.NETCore.App.Ref\10.0.2\ref\net10.0\System.ComponentModel.Primitives.dll" /reference:"C:\Program Files\dotnet\packs\Microsoft.NETCore.App.Ref\10.0.2\ref\net10.0\System.ComponentModel.TypeConverter.dll" /reference:"C:\Program Files\dotnet\packs\Microsoft.NETCore.App.Ref\10.0.2\ref\net10.0\System.Configuration.dll" /reference:"C:\Program Files\dotnet\packs\Microsoft.NETCore.App.Ref\10.0.2\ref\net10.0\System.Console.dll" /reference:"C:\Program Files\dotnet\packs\Microsoft.NETCore.App.Ref\10.0.2\ref\net10.0\System.Core.dll" /reference:"C:\Program Files\dotnet\packs\Microsoft.NETCore.App.Ref\10.0.2\ref\net10.0\System.Data.Common.dll" /reference:"C:\Program Files\dotnet\packs\Microsoft.NETCore.App.Ref\10.0.2\ref\net10.0\System.Data.DataSetExtensions.dll" /reference:"C:\Program Files\dotnet\packs\Microsoft.NETCore.App.Ref\10.0.2\ref\net10.0\System.Data.dll" /reference:"C:\Program Files\dotnet\packs\Microsoft.NETCore.App.Ref\10.0.2\ref\net10.0\System.Diagnostics.Contracts.dll" /reference:"C:\Program Files\dotnet\packs\Microsoft.NETCore.App.Ref\10.0.2\ref\net10.0\System.Diagnostics.Debug.dll" /reference:"C:\Program Files\dotnet\packs\Microsoft.NETCore.App.Ref\10.0.2\ref\net10.0\System.Diagnostics.DiagnosticSource.dll" /reference:"C:\Program Files\dotnet\packs\Microsoft.NETCore.App.Ref\10.0.2\ref\net10.0\System.Diagnostics.FileVersionInfo.dll" /reference:"C:\Program Files\dotnet\packs\Microsoft.NETCore.App.Ref\10.0.2\ref\net10.0\System.Diagnostics.Process.dll" /reference:"C:\Program Files\dotnet\packs\Microsoft.NETCore.App.Ref\10.0.2\ref\net10.0\System.Diagnostics.StackTrace.dll" /reference:"C:\Program Files\dotnet\packs\Microsoft.NETCore.App.Ref\10.0.2\ref\net10.0\System.Diagnostics.TextWriterTraceListener.dll" /reference:"C:\Program Files\dotnet\packs\Microsoft.NETCore.App.Ref\10.0.2\ref\net10.0\System.Diagnostics.Tools.dll" /reference:"C:\Program Files\dotnet\packs\Microsoft.NETCore.App.Ref\10.0.2\ref\net10.0\System.Diagnostics.TraceSource.dll" /reference:"C:\Program Files\dotnet\packs\Microsoft.NETCore.App.Ref\10.0.2\ref\net10.0\System.Diagnostics.Tracing.dll" /reference:"C:\Program Files\dotnet\packs\Microsoft.NETCore.App.Ref\10.0.2\ref\net10.0\System.dll" /reference:"C:\Program Files\dotnet\packs\Microsoft.NETCore.App.Ref\10.0.2\ref\net10.0\System.Drawing.dll" /reference:"C:\Program Files\dotnet\packs\Microsoft.NETCore.App.Ref\10.0.2\ref\net10.0\System.Drawing.Primitives.dll" /reference:"C:\Program Files\dotnet\packs\Microsoft.NETCore.App.Ref\10.0.2\ref\net10.0\System.Dynamic.Runtime.dll" /reference:"C:\Program Files\dotnet\packs\Microsoft.NETCore.App.Ref\10.0.2\ref\net10.0\System.Formats.Asn1.dll" /reference:"C:\Program Files\dotnet\packs\Microsoft.NETCore.App.Ref\10.0.2\ref\net10.0\System.Formats.Tar.dll" /reference:"C:\Program Files\dotnet\packs\Microsoft.NETCore.App.Ref\10.0.2\ref\net10.0\System.Globalization.Calendars.dll" /reference:"C:\Program Files\dotnet\packs\Microsoft.NETCore.App.Ref\10.0.2\ref\net10.0\System.Globalization.dll" /reference:"C:\Program Files\dotnet\packs\Microsoft.NETCore.App.Ref\10.0.2\ref\net10.0\System.Globalization.Extensions.dll" /reference:"C:\Program Files\dotnet\packs\Microsoft.NETCore.App.Ref\10.0.2\ref\net10.0\System.IO.Compression.Brotli.dll" /reference:"C:\Program Files\dotnet\packs\Microsoft.NETCore.App.Ref\10.0.2\ref\net10.0\System.IO.Compression.dll" /reference:"C:\Program Files\dotnet\packs\Microsoft.NETCore.App.Ref\10.0.2\ref\net10.0\System.IO.Compression.FileSystem.dll" /reference:"C:\Program Files\dotnet\packs\Microsoft.NETCore.App.Ref\10.0.2\ref\net10.0\System.IO.Compression.ZipFile.dll" /reference:"C:\Program Files\dotnet\packs\Microsoft.NETCore.App.Ref\10.0.2\ref\net10.0\System.IO.dll" /reference:"C:\Program Files\dotnet\packs\Microsoft.NETCore.App.Ref\10.0.2\ref\net10.0\System.IO.FileSystem.AccessControl.dll" /reference:"C:\Program Files\dotnet\packs\Microsoft.NETCore.App.Ref\10.0.2\ref\net10.0\System.IO.FileSystem.dll" /reference:"C:\Program Files\dotnet\packs\Microsoft.NETCore.App.Ref\10.0.2\ref\net10.0\System.IO.FileSystem.DriveInfo.dll" /reference:"C:\Program Files\dotnet\packs\Microsoft.NETCore.App.Ref\10.0.2\ref\net10.0\System.IO.FileSystem.Primitives.dll" /reference:"C:\Program Files\dotnet\packs\Microsoft.NETCore.App.Ref\10.0.2\ref\net10.0\System.IO.FileSystem.Watcher.dll" /reference:"C:\Program Files\dotnet\packs\Microsoft.NETCore.App.Ref\10.0.2\ref\net10.0\System.IO.IsolatedStorage.dll" /reference:"C:\Program Files\dotnet\packs\Microsoft.NETCore.App.Ref\10.0.2\ref\net10.0\System.IO.MemoryMappedFiles.dll" /reference:"C:\Program Files\dotnet\packs\Microsoft.NETCore.App.Ref\10.0.2\ref\net10.0\System.IO.Pipelines.dll" /reference:"C:\Program Files\dotnet\packs\Microsoft.NETCore.App.Ref\10.0.2\ref\net10.0\System.IO.Pipes.AccessControl.dll" /reference:"C:\Program Files\dotnet\packs\Microsoft.NETCore.App.Ref\10.0.2\ref\net10.0\System.IO.Pipes.dll" /reference:"C:\Program Files\dotnet\packs\Microsoft.NETCore.App.Ref\10.0.2\ref\net10.0\System.IO.UnmanagedMemoryStream.dll" /reference:"C:\Program Files\dotnet\packs\Microsoft.NETCore.App.Ref\10.0.2\ref\net10.0\System.Linq.AsyncEnumerable.dll" /reference:"C:\Program Files\dotnet\packs\Microsoft.NETCore.App.Ref\10.0.2\ref\net10.0\System.Linq.dll" /reference:"C:\Program Files\dotnet\packs\Microsoft.NETCore.App.Ref\10.0.2\ref\net10.0\System.Linq.Expressions.dll" /reference:"C:\Program Files\dotnet\packs\Microsoft.NETCore.App.Ref\10.0.2\ref\net10.0\System.Linq.Parallel.dll" /reference:"C:\Program Files\dotnet\packs\Microsoft.NETCore.App.Ref\10.0.2\ref\net10.0\System.Linq.Queryable.dll" /reference:"C:\Program Files\dotnet\packs\Microsoft.NETCore.App.Ref\10.0.2\ref\net10.0\System.Memory.dll" /reference:"C:\Program Files\dotnet\packs\Microsoft.NETCore.App.Ref\10.0.2\ref\net10.0\System.Net.dll" /reference:"C:\Program Files\dotnet\packs\Microsoft.NETCore.App.Ref\10.0.2\ref\net10.0\System.Net.Http.dll" /reference:"C:\Program Files\dotnet\packs\Microsoft.NETCore.App.Ref\10.0.2\ref\net10.0\System.Net.Http.Json.dll" /reference:"C:\Program Files\dotnet\packs\Microsoft.NETCore.App.Ref\10.0.2\ref\net10.0\System.Net.HttpListener.dll" /reference:"C:\Program Files\dotnet\packs\Microsoft.NETCore.App.Ref\10.0.2\ref\net10.0\System.Net.Mail.dll" /reference:"C:\Program Files\dotnet\packs\Microsoft.NETCore.App.Ref\10.0.2\ref\net10.0\System.Net.NameResolution.dll" /reference:"C:\Program Files\dotnet\packs\Microsoft.NETCore.App.Ref\10.0.2\ref\net10.0\System.Net.NetworkInformation.dll" /reference:"C:\Program Files\dotnet\packs\Microsoft.NETCore.App.Ref\10.0.2\ref\net10.0\System.Net.Ping.dll" /reference:"C:\Program Files\dotnet\packs\Microsoft.NETCore.App.Ref\10.0.2\ref\net10.0\System.Net.Primitives.dll" /reference:"C:\Program Files\dotnet\packs\Microsoft.NETCore.App.Ref\10.0.2\ref\net10.0\System.Net.Quic.dll" /reference:"C:\Program Files\dotnet\packs\Microsoft.NETCore.App.Ref\10.0.2\ref\net10.0\System.Net.Requests.dll" /reference:"C:\Program Files\dotnet\packs\Microsoft.NETCore.App.Ref\10.0.2\ref\net10.0\System.Net.Security.dll" /reference:"C:\Program Files\dotnet\packs\Microsoft.NETCore.App.Ref\10.0.2\ref\net10.0\System.Net.ServerSentEvents.dll" /reference:"C:\Program Files\dotnet\packs\Microsoft.NETCore.App.Ref\10.0.2\ref\net10.0\System.Net.ServicePoint.dll" /reference:"C:\Program Files\dotnet\packs\Microsoft.NETCore.App.Ref\10.0.2\ref\net10.0\System.Net.Sockets.dll" /reference:"C:\Program Files\dotnet\packs\Microsoft.NETCore.App.Ref\10.0.2\ref\net10.0\System.Net.WebClient.dll" /reference:"C:\Program Files\dotnet\packs\Microsoft.NETCore.App.Ref\10.0.2\ref\net10.0\System.Net.WebHeaderCollection.dll" /reference:"C:\Program Files\dotnet\packs\Microsoft.NETCore.App.Ref\10.0.2\ref\net10.0\System.Net.WebProxy.dll" /reference:"C:\Program Files\dotnet\packs\Microsoft.NETCore.App.Ref\10.0.2\ref\net10.0\System.Net.WebSockets.Client.dll" /reference:"C:\Program Files\dotnet\packs\Microsoft.NETCore.App.Ref\10.0.2\ref\net10.0\System.Net.WebSockets.dll" /reference:"C:\Program Files\dotnet\packs\Microsoft.NETCore.App.Ref\10.0.2\ref\net10.0\System.Numerics.dll" /reference:"C:\Program Files\dotnet\packs\Microsoft.NETCore.App.Ref\10.0.2\ref\net10.0\System.Numerics.Vectors.dll" /reference:"C:\Program Files\dotnet\packs\Microsoft.NETCore.App.Ref\10.0.2\ref\net10.0\System.ObjectModel.dll" /reference:"C:\Program Files\dotnet\packs\Microsoft.NETCore.App.Ref\10.0.2\ref\net10.0\System.Reflection.DispatchProxy.dll" /reference:"C:\Program Files\dotnet\packs\Microsoft.NETCore.App.Ref\10.0.2\ref\net10.0\System.Reflection.dll" /reference:"C:\Program Files\dotnet\packs\Microsoft.NETCore.App.Ref\10.0.2\ref\net10.0\System.Reflection.Emit.dll" /reference:"C:\Program Files\dotnet\packs\Microsoft.NETCore.App.Ref\10.0.2\ref\net10.0\System.Reflection.Emit.ILGeneration.dll" /reference:"C:\Program Files\dotnet\packs\Microsoft.NETCore.App.Ref\10.0.2\ref\net10.0\System.Reflection.Emit.Lightweight.dll" /reference:"C:\Program Files\dotnet\packs\Microsoft.NETCore.App.Ref\10.0.2\ref\net10.0\System.Reflection.Extensions.dll" /reference:"C:\Program Files\dotnet\packs\Microsoft.NETCore.App.Ref\10.0.2\ref\net10.0\System.Reflection.Metadata.dll" /reference:"C:\Program Files\dotnet\packs\Microsoft.NETCore.App.Ref\10.0.2\ref\net10.0\System.Reflection.Primitives.dll" /reference:"C:\Program Files\dotnet\packs\Microsoft.NETCore.App.Ref\10.0.2\ref\net10.0\System.Reflection.TypeExtensions.dll" /reference:"C:\Program Files\dotnet\packs\Microsoft.NETCore.App.Ref\10.0.2\ref\net10.0\System.Resources.Reader.dll" /reference:"C:\Program Files\dotnet\packs\Microsoft.NETCore.App.Ref\10.0.2\ref\net10.0\System.Resources.ResourceManager.dll" /reference:"C:\Program Files\dotnet\packs\Microsoft.NETCore.App.Ref\10.0.2\ref\net10.0\System.Resources.Writer.dll" /reference:"C:\Program Files\dotnet\packs\Microsoft.NETCore.App.Ref\10.0.2\ref\net10.0\System.Runtime.CompilerServices.Unsafe.dll" /reference:"C:\Program Files\dotnet\packs\Microsoft.NETCore.App.Ref\10.0.2\ref\net10.0\System.Runtime.CompilerServices.VisualC.dll" /reference:"C:\Program Files\dotnet\packs\Microsoft.NETCore.App.Ref\10.0.2\ref\net10.0\System.Runtime.dll" /reference:"C:\Program Files\dotnet\packs\Microsoft.NETCore.App.Ref\10.0.2\ref\net10.0\System.Runtime.Extensions.dll" /reference:"C:\Program Files\dotnet\packs\Microsoft.NETCore.App.Ref\10.0.2\ref\net10.0\System.Runtime.Handles.dll" /reference:"C:\Program Files\dotnet\packs\Microsoft.NETCore.App.Ref\10.0.2\ref\net10.0\System.Runtime.InteropServices.dll" /reference:"C:\Program Files\dotnet\packs\Microsoft.NETCore.App.Ref\10.0.2\ref\net10.0\System.Runtime.InteropServices.JavaScript.dll" /reference:"C:\Program Files\dotnet\packs\Microsoft.NETCore.App.Ref\10.0.2\ref\net10.0\System.Runtime.InteropServices.RuntimeInformation.dll" /reference:"C:\Program Files\dotnet\packs\Microsoft.NETCore.App.Ref\10.0.2\ref\net10.0\System.Runtime.Intrinsics.dll" /reference:"C:\Program Files\dotnet\packs\Microsoft.NETCore.App.Ref\10.0.2\ref\net10.0\System.Runtime.Loader.dll" /reference:"C:\Program Files\dotnet\packs\Microsoft.NETCore.App.Ref\10.0.2\ref\net10.0\System.Runtime.Numerics.dll" /reference:"C:\Program Files\dotnet\packs\Microsoft.NETCore.App.Ref\10.0.2\ref\net10.0\System.Runtime.Serialization.dll" /reference:"C:\Program Files\dotnet\packs\Microsoft.NETCore.App.Ref\10.0.2\ref\net10.0\System.Runtime.Serialization.Formatters.dll" /reference:"C:\Program Files\dotnet\packs\Microsoft.NETCore.App.Ref\10.0.2\ref\net10.0\System.Runtime.Serialization.Json.dll" /reference:"C:\Program Files\dotnet\packs\Microsoft.NETCore.App.Ref\10.0.2\ref\net10.0\System.Runtime.Serialization.Primitives.dll" /reference:"C:\Program Files\dotnet\packs\Microsoft.NETCore.App.Ref\10.0.2\ref\net10.0\System.Runtime.Serialization.Xml.dll" /reference:"C:\Program Files\dotnet\packs\Microsoft.NETCore.App.Ref\10.0.2\ref\net10.0\System.Security.AccessControl.dll" /reference:"C:\Program Files\dotnet\packs\Microsoft.NETCore.App.Ref\10.0.2\ref\net10.0\System.Security.Claims.dll" /reference:"C:\Program Files\dotnet\packs\Microsoft.NETCore.App.Ref\10.0.2\ref\net10.0\System.Security.Cryptography.Algorithms.dll" /reference:"C:\Program Files\dotnet\packs\Microsoft.NETCore.App.Ref\10.0.2\ref\net10.0\System.Security.Cryptography.Cng.dll" /reference:"C:\Program Files\dotnet\packs\Microsoft.NETCore.App.Ref\10.0.2\ref\net10.0\System.Security.Cryptography.Csp.dll" /reference:"C:\Program Files\dotnet\packs\Microsoft.NETCore.App.Ref\10.0.2\ref\net10.0\System.Security.Cryptography.dll" /reference:"C:\Program Files\dotnet\packs\Microsoft.NETCore.App.Ref\10.0.2\ref\net10.0\System.Security.Cryptography.Encoding.dll" /reference:"C:\Program Files\dotnet\packs\Microsoft.NETCore.App.Ref\10.0.2\ref\net10.0\System.Security.Cryptography.OpenSsl.dll" /reference:"C:\Program Files\dotnet\packs\Microsoft.NETCore.App.Ref\10.0.2\ref\net10.0\System.Security.Cryptography.Primitives.dll" /reference:"C:\Program Files\dotnet\packs\Microsoft.NETCore.App.Ref\10.0.2\ref\net10.0\System.Security.Cryptography.X509Certificates.dll" /reference:"C:\Program Files\dotnet\packs\Microsoft.NETCore.App.Ref\10.0.2\ref\net10.0\System.Security.dll" /reference:"C:\Program Files\dotnet\packs\Microsoft.NETCore.App.Ref\10.0.2\ref\net10.0\System.Security.Principal.dll" /reference:"C:\Program Files\dotnet\packs\Microsoft.NETCore.App.Ref\10.0.2\ref\net10.0\System.Security.Principal.Windows.dll" /reference:"C:\Program Files\dotnet\packs\Microsoft.NETCore.App.Ref\10.0.2\ref\net10.0\System.Security.SecureString.dll" /reference:"C:\Program Files\dotnet\packs\Microsoft.NETCore.App.Ref\10.0.2\ref\net10.0\System.ServiceModel.Web.dll" /reference:"C:\Program Files\dotnet\packs\Microsoft.NETCore.App.Ref\10.0.2\ref\net10.0\System.ServiceProcess.dll" /reference:"C:\Program Files\dotnet\packs\Microsoft.NETCore.App.Ref\10.0.2\ref\net10.0\System.Text.Encoding.CodePages.dll" /reference:"C:\Program Files\dotnet\packs\Microsoft.NETCore.App.Ref\10.0.2\ref\net10.0\System.Text.Encoding.dll" /reference:"C:\Program Files\dotnet\packs\Microsoft.NETCore.App.Ref\10.0.2\ref\net10.0\System.Text.Encoding.Extensions.dll" /reference:"C:\Program Files\dotnet\packs\Microsoft.NETCore.App.Ref\10.0.2\ref\net10.0\System.Text.Encodings.Web.dll" /reference:"C:\Program Files\dotnet\packs\Microsoft.NETCore.App.Ref\10.0.2\ref\net10.0\System.Text.Json.dll" /reference:"C:\Program Files\dotnet\packs\Microsoft.NETCore.App.Ref\10.0.2\ref\net10.0\System.Text.RegularExpressions.dll" /reference:"C:\Program Files\dotnet\packs\Microsoft.NETCore.App.Ref\10.0.2\ref\net10.0\System.Threading.AccessControl.dll" /reference:"C:\Program Files\dotnet\packs\Microsoft.NETCore.App.Ref\10.0.2\ref\net10.0\System.Threading.Channels.dll" /reference:"C:\Program Files\dotnet\packs\Microsoft.NETCore.App.Ref\10.0.2\ref\net10.0\System.Threading.dll" /reference:"C:\Program Files\dotnet\packs\Microsoft.NETCore.App.Ref\10.0.2\ref\net10.0\System.Threading.Overlapped.dll" /reference:"C:\Program Files\dotnet\packs\Microsoft.NETCore.App.Ref\10.0.2\ref\net10.0\System.Threading.Tasks.Dataflow.dll" /reference:"C:\Program Files\dotnet\packs\Microsoft.NETCore.App.Ref\10.0.2\ref\net10.0\System.Threading.Tasks.dll" /reference:"C:\Program Files\dotnet\packs\Microsoft.NETCore.App.Ref\10.0.2\ref\net10.0\System.Threading.Tasks.Extensions.dll" /reference:"C:\Program Files\dotnet\packs\Microsoft.NETCore.App.Ref\10.0.2\ref\net10.0\System.Threading.Tasks.Parallel.dll" /reference:"C:\Program Files\dotnet\packs\Microsoft.NETCore.App.Ref\10.0.2\ref\net10.0\System.Threading.Thread.dll" /reference:"C:\Program Files\dotnet\packs\Microsoft.NETCore.App.Ref\10.0.2\ref\net10.0\System.Threading.ThreadPool.dll" /reference:"C:\Program Files\dotnet\packs\Microsoft.NETCore.App.Ref\10.0.2\ref\net10.0\System.Threading.Timer.dll" /reference:"C:\Program Files\dotnet\packs\Microsoft.NETCore.App.Ref\10.0.2\ref\net10.0\System.Transactions.dll" /reference:"C:\Program Files\dotnet\packs\Microsoft.NETCore.App.Ref\10.0.2\ref\net10.0\System.Transactions.Local.dll" /reference:"C:\Program Files\dotnet\packs\Microsoft.NETCore.App.Ref\10.0.2\ref\net10.0\System.ValueTuple.dll" /reference:"C:\Program Files\dotnet\packs\Microsoft.NETCore.App.Ref\10.0.2\ref\net10.0\System.Web.dll" /reference:"C:\Program Files\dotnet\packs\Microsoft.NETCore.App.Ref\10.0.2\ref\net10.0\System.Web.HttpUtility.dll" /reference:"C:\Program Files\dotnet\packs\Microsoft.NETCore.App.Ref\10.0.2\ref\net10.0\System.Windows.dll" /reference:"C:\Program Files\dotnet\packs\Microsoft.NETCore.App.Ref\10.0.2\ref\net10.0\System.Xml.dll" /reference:"C:\Program Files\dotnet\packs\Microsoft.NETCore.App.Ref\10.0.2\ref\net10.0\System.Xml.Linq.dll" /reference:"C:\Program Files\dotnet\packs\Microsoft.NETCore.App.Ref\10.0.2\ref\net10.0\System.Xml.ReaderWriter.dll" /reference:"C:\Program Files\dotnet\packs\Microsoft.NETCore.App.Ref\10.0.2\ref\net10.0\System.Xml.Serialization.dll" /reference:"C:\Program Files\dotnet\packs\Microsoft.NETCore.App.Ref\10.0.2\ref\net10.0\System.Xml.XDocument.dll" /reference:"C:\Program Files\dotnet\packs\Microsoft.NETCore.App.Ref\10.0.2\ref\net10.0\System.Xml.XmlDocument.dll" /reference:"C:\Program Files\dotnet\packs\Microsoft.NETCore.App.Ref\10.0.2\ref\net10.0\System.Xml.XmlSerializer.dll" /reference:"C:\Program Files\dotnet\packs\Microsoft.NETCore.App.Ref\10.0.2\ref\net10.0\System.Xml.XPath.dll" /reference:"C:\Program Files\dotnet\packs\Microsoft.NETCore.App.Ref\10.0.2\ref\net10.0\System.Xml.XPath.XDocument.dll" /reference:"C:\Program Files\dotnet\packs\Microsoft.NETCore.App.Ref\10.0.2\ref\net10.0\WindowsBase.dll" /features:"InterceptorsNamespaces=;Microsoft.Extensions.Validation.Generated" /debug+ /debug:portable /filealign:512 /optimize- /out:obj\Debug\net10.0\Buddy.Domain.dll /refout:obj\Debug\net10.0\refint\Buddy.Domain.dll /target:library /warnaserror- /utf8output /deterministic+ /langversion:14.0 /analyzerconfig:obj\Debug\net10.0\Buddy.Domain.GeneratedMSBuildEditorConfig.editorconfig /analyzerconfig:"C:\Program Files\dotnet\sdk\10.0.200-preview.0.26103.119\Sdks\Microsoft.NET.Sdk\analyzers\build\config\analysislevel_10_default.globalconfig" /analyzer:"C:\Program Files\dotnet\sdk\10.0.200-preview.0.26103.119\Sdks\Microsoft.NET.Sdk\targets\..\analyzers\Microsoft.CodeAnalysis.CSharp.NetAnalyzers.dll" /analyzer:"C:\Program Files\dotnet\sdk\10.0.200-preview.0.26103.119\Sdks\Microsoft.NET.Sdk\targets\..\analyzers\Microsoft.CodeAnalysis.NetAnalyzers.dll" /analyzer:"C:\Program Files\dotnet\packs\Microsoft.NETCore.App.Ref\10.0.2\analyzers/dotnet/cs/Microsoft.Interop.ComInterfaceGenerator.dll" /analyzer:"C:\Program Files\dotnet\packs\Microsoft.NETCore.App.Ref\10.0.2\analyzers/dotnet/cs/Microsoft.Interop.JavaScript.JSImportGenerator.dll" /analyzer:"C:\Program Files\dotnet\packs\Microsoft.NETCore.App.Ref\10.0.2\analyzers/dotnet/cs/Microsoft.Interop.LibraryImportGenerator.dll" /analyzer:"C:\Program Files\dotnet\packs\Microsoft.NETCore.App.Ref\10.0.2\analyzers/dotnet/cs/Microsoft.Interop.SourceGeneration.dll" /analyzer:"C:\Program Files\dotnet\packs\Microsoft.NETCore.App.Ref\10.0.2\analyzers/dotnet/cs/System.Text.Json.SourceGeneration.dll" /analyzer:"C:\Program Files\dotnet\packs\Microsoft.NETCore.App.Ref\10.0.2\analyzers/dotnet/cs/System.Text.RegularExpressions.Generator.dll" Entities\BaseEntity.cs Entities\Conversation.cs Entities\InterviewAnswer.cs Entities\InterviewQuestion.cs Entities\InterviewSession.cs Entities\Message.cs Entities\Quiz.cs Entities\QuizAnswer.cs Entities\QuizQuestion.cs Entities\User.cs Enums\DifficultyLevel.cs Enums\InterviewLevel.cs Enums\InterviewQuestionType.cs Enums\MessageType.cs Enums\QuizStatus.cs obj\Debug\net10.0\Buddy.Domain.GlobalUsings.g.cs "obj\Debug\net10.0\.NETCoreApp,Version=v10.0.AssemblyAttributes.cs" obj\Debug\net10.0\Buddy.Domain.AssemblyInfo.cs /warnaserror+:NU1605,SYSLIB0011
         Compilation request Buddy.Domain (net10.0), PathToTool=C:\Program Files\dotnet\sdk\10.0.200-preview.0.26103.119\Roslyn\bincore\csc.exe
         CommandLine = ' /noconfig'
         BuildResponseFile = '/unsafe- /checked- /nowarn:1701,1702,1701,1702,8002 /fullpaths /nostdlib+ /errorreport:prompt /warn:10 /define:TRACE;DEBUG;NET;NET10_0;NETCOREAPP;NET5_0_OR_GREATER;NET6_0_OR_GREATER;NET7_0_OR_GREATER;NET8_0_OR_GREATER;NET9_0_OR_GREATER;NET10_0_OR_GREATER;NETCOREAPP1_0_OR_GREATER;NETCOREAPP1_1_OR_GREATER;NETCOREAPP2_0_OR_GREATER;NETCOREAPP2_1_OR_GREATER;NETCOREAPP2_2_OR_GREATER;NETCOREAPP3_0_OR_GREATER;NETCOREAPP3_1_OR_GREATER /highentropyva+ /nullable:enable /reference:"C:\Program Files\dotnet\packs\Microsoft.NETCore.App.Ref\10.0.2\ref\net10.0\Microsoft.CSharp.dll" /reference:"C:\Program Files\dotnet\packs\Microsoft.NETCore.App.Ref\10.0.2\ref\net10.0\Microsoft.VisualBasic.Core.dll" /reference:"C:\Program Files\dotnet\packs\Microsoft.NETCore.App.Ref\10.0.2\ref\net10.0\Microsoft.VisualBasic.dll" /reference:"C:\Program Files\dotnet\packs\Microsoft.NETCore.App.Ref\10.0.2\ref\net10.0\Microsoft.Win32.Primitives.dll" /reference:"C:\Program Files\dotnet\packs\Microsoft.NETCore.App.Ref\10.0.2\ref\net10.0\Microsoft.Win32.Registry.dll" /reference:"C:\Program Files\dotnet\packs\Microsoft.NETCore.App.Ref\10.0.2\ref\net10.0\mscorlib.dll" /reference:"C:\Program Files\dotnet\packs\Microsoft.NETCore.App.Ref\10.0.2\ref\net10.0\netstandard.dll" /reference:"C:\Program Files\dotnet\packs\Microsoft.NETCore.App.Ref\10.0.2\ref\net10.0\System.AppContext.dll" /reference:"C:\Program Files\dotnet\packs\Microsoft.NETCore.App.Ref\10.0.2\ref\net10.0\System.Buffers.dll" /reference:"C:\Program Files\dotnet\packs\Microsoft.NETCore.App.Ref\10.0.2\ref\net10.0\System.Collections.Concurrent.dll" /reference:"C:\Program Files\dotnet\packs\Microsoft.NETCore.App.Ref\10.0.2\ref\net10.0\System.Collections.dll" /reference:"C:\Program Files\dotnet\packs\Microsoft.NETCore.App.Ref\10.0.2\ref\net10.0\System.Collections.Immutable.dll" /reference:"C:\Program Files\dotnet\packs\Microsoft.NETCore.App.Ref\10.0.2\ref\net10.0\System.Collections.NonGeneric.dll" /reference:"C:\Program Files\dotnet\packs\Microsoft.NETCore.App.Ref\10.0.2\ref\net10.0\System.Collections.Specialized.dll" /reference:"C:\Program Files\dotnet\packs\Microsoft.NETCore.App.Ref\10.0.2\ref\net10.0\System.ComponentModel.Annotations.dll" /reference:"C:\Program Files\dotnet\packs\Microsoft.NETCore.App.Ref\10.0.2\ref\net10.0\System.ComponentModel.DataAnnotations.dll" /reference:"C:\Program Files\dotnet\packs\Microsoft.NETCore.App.Ref\10.0.2\ref\net10.0\System.ComponentModel.dll" /reference:"C:\Program Files\dotnet\packs\Microsoft.NETCore.App.Ref\10.0.2\ref\net10.0\System.ComponentModel.EventBasedAsync.dll" /reference:"C:\Program Files\dotnet\packs\Microsoft.NETCore.App.Ref\10.0.2\ref\net10.0\System.ComponentModel.Primitives.dll" /reference:"C:\Program Files\dotnet\packs\Microsoft.NETCore.App.Ref\10.0.2\ref\net10.0\System.ComponentModel.TypeConverter.dll" /reference:"C:\Program Files\dotnet\packs\Microsoft.NETCore.App.Ref\10.0.2\ref\net10.0\System.Configuration.dll" /reference:"C:\Program Files\dotnet\packs\Microsoft.NETCore.App.Ref\10.0.2\ref\net10.0\System.Console.dll" /reference:"C:\Program Files\dotnet\packs\Microsoft.NETCore.App.Ref\10.0.2\ref\net10.0\System.Core.dll" /reference:"C:\Program Files\dotnet\packs\Microsoft.NETCore.App.Ref\10.0.2\ref\net10.0\System.Data.Common.dll" /reference:"C:\Program Files\dotnet\packs\Microsoft.NETCore.App.Ref\10.0.2\ref\net10.0\System.Data.DataSetExtensions.dll" /reference:"C:\Program Files\dotnet\packs\Microsoft.NETCore.App.Ref\10.0.2\ref\net10.0\System.Data.dll" /reference:"C:\Program Files\dotnet\packs\Microsoft.NETCore.App.Ref\10.0.2\ref\net10.0\System.Diagnostics.Contracts.dll" /reference:"C:\Program Files\dotnet\packs\Microsoft.NETCore.App.Ref\10.0.2\ref\net10.0\System.Diagnostics.Debug.dll" /reference:"C:\Program Files\dotnet\packs\Microsoft.NETCore.App.Ref\10.0.2\ref\net10.0\System.Diagnostics.DiagnosticSource.dll" /reference:"C:\Program Files\dotnet\packs\Microsoft.NETCore.App.Ref\10.0.2\ref\net10.0\System.Diagnostics.FileVersionInfo.dll" /reference:"C:\Program Files\dotnet\packs\Microsoft.NETCore.App.Ref\10.0.2\ref\net10.0\System.Diagnostics.Process.dll" /reference:"C:\Program Files\dotnet\packs\Microsoft.NETCore.App.Ref\10.0.2\ref\net10.0\System.Diagnostics.StackTrace.dll" /reference:"C:\Program Files\dotnet\packs\Microsoft.NETCore.App.Ref\10.0.2\ref\net10.0\System.Diagnostics.TextWriterTraceListener.dll" /reference:"C:\Program Files\dotnet\packs\Microsoft.NETCore.App.Ref\10.0.2\ref\net10.0\System.Diagnostics.Tools.dll" /reference:"C:\Program Files\dotnet\packs\Microsoft.NETCore.App.Ref\10.0.2\ref\net10.0\System.Diagnostics.TraceSource.dll" /reference:"C:\Program Files\dotnet\packs\Microsoft.NETCore.App.Ref\10.0.2\ref\net10.0\System.Diagnostics.Tracing.dll" /reference:"C:\Program Files\dotnet\packs\Microsoft.NETCore.App.Ref\10.0.2\ref\net10.0\System.dll" /reference:"C:\Program Files\dotnet\packs\Microsoft.NETCore.App.Ref\10.0.2\ref\net10.0\System.Drawing.dll" /reference:"C:\Program Files\dotnet\packs\Microsoft.NETCore.App.Ref\10.0.2\ref\net10.0\System.Drawing.Primitives.dll" /reference:"C:\Program Files\dotnet\packs\Microsoft.NETCore.App.Ref\10.0.2\ref\net10.0\System.Dynamic.Runtime.dll" /reference:"C:\Program Files\dotnet\packs\Microsoft.NETCore.App.Ref\10.0.2\ref\net10.0\System.Formats.Asn1.dll" /reference:"C:\Program Files\dotnet\packs\Microsoft.NETCore.App.Ref\10.0.2\ref\net10.0\System.Formats.Tar.dll" /reference:"C:\Program Files\dotnet\packs\Microsoft.NETCore.App.Ref\10.0.2\ref\net10.0\System.Globalization.Calendars.dll" /reference:"C:\Program Files\dotnet\packs\Microsoft.NETCore.App.Ref\10.0.2\ref\net10.0\System.Globalization.dll" /reference:"C:\Program Files\dotnet\packs\Microsoft.NETCore.App.Ref\10.0.2\ref\net10.0\System.Globalization.Extensions.dll" /reference:"C:\Program Files\dotnet\packs\Microsoft.NETCore.App.Ref\10.0.2\ref\net10.0\System.IO.Compression.Brotli.dll" /reference:"C:\Program Files\dotnet\packs\Microsoft.NETCore.App.Ref\10.0.2\ref\net10.0\System.IO.Compression.dll" /reference:"C:\Program Files\dotnet\packs\Microsoft.NETCore.App.Ref\10.0.2\ref\net10.0\System.IO.Compression.FileSystem.dll" /reference:"C:\Program Files\dotnet\packs\Microsoft.NETCore.App.Ref\10.0.2\ref\net10.0\System.IO.Compression.ZipFile.dll" /reference:"C:\Program Files\dotnet\packs\Microsoft.NETCore.App.Ref\10.0.2\ref\net10.0\System.IO.dll" /reference:"C:\Program Files\dotnet\packs\Microsoft.NETCore.App.Ref\10.0.2\ref\net10.0\System.IO.FileSystem.AccessControl.dll" /reference:"C:\Program Files\dotnet\packs\Microsoft.NETCore.App.Ref\10.0.2\ref\net10.0\System.IO.FileSystem.dll" /reference:"C:\Program Files\dotnet\packs\Microsoft.NETCore.App.Ref\10.0.2\ref\net10.0\System.IO.FileSystem.DriveInfo.dll" /reference:"C:\Program Files\dotnet\packs\Microsoft.NETCore.App.Ref\10.0.2\ref\net10.0\System.IO.FileSystem.Primitives.dll" /reference:"C:\Program Files\dotnet\packs\Microsoft.NETCore.App.Ref\10.0.2\ref\net10.0\System.IO.FileSystem.Watcher.dll" /reference:"C:\Program Files\dotnet\packs\Microsoft.NETCore.App.Ref\10.0.2\ref\net10.0\System.IO.IsolatedStorage.dll" /reference:"C:\Program Files\dotnet\packs\Microsoft.NETCore.App.Ref\10.0.2\ref\net10.0\System.IO.MemoryMappedFiles.dll" /reference:"C:\Program Files\dotnet\packs\Microsoft.NETCore.App.Ref\10.0.2\ref\net10.0\System.IO.Pipelines.dll" /reference:"C:\Program Files\dotnet\packs\Microsoft.NETCore.App.Ref\10.0.2\ref\net10.0\System.IO.Pipes.AccessControl.dll" /reference:"C:\Program Files\dotnet\packs\Microsoft.NETCore.App.Ref\10.0.2\ref\net10.0\System.IO.Pipes.dll" /reference:"C:\Program Files\dotnet\packs\Microsoft.NETCore.App.Ref\10.0.2\ref\net10.0\System.IO.UnmanagedMemoryStream.dll" /reference:"C:\Program Files\dotnet\packs\Microsoft.NETCore.App.Ref\10.0.2\ref\net10.0\System.Linq.AsyncEnumerable.dll" /reference:"C:\Program Files\dotnet\packs\Microsoft.NETCore.App.Ref\10.0.2\ref\net10.0\System.Linq.dll" /reference:"C:\Program Files\dotnet\packs\Microsoft.NETCore.App.Ref\10.0.2\ref\net10.0\System.Linq.Expressions.dll" /reference:"C:\Program Files\dotnet\packs\Microsoft.NETCore.App.Ref\10.0.2\ref\net10.0\System.Linq.Parallel.dll" /reference:"C:\Program Files\dotnet\packs\Microsoft.NETCore.App.Ref\10.0.2\ref\net10.0\System.Linq.Queryable.dll" /reference:"C:\Program Files\dotnet\packs\Microsoft.NETCore.App.Ref\10.0.2\ref\net10.0\System.Memory.dll" /reference:"C:\Program Files\dotnet\packs\Microsoft.NETCore.App.Ref\10.0.2\ref\net10.0\System.Net.dll" /reference:"C:\Program Files\dotnet\packs\Microsoft.NETCore.App.Ref\10.0.2\ref\net10.0\System.Net.Http.dll" /reference:"C:\Program Files\dotnet\packs\Microsoft.NETCore.App.Ref\10.0.2\ref\net10.0\System.Net.Http.Json.dll" /reference:"C:\Program Files\dotnet\packs\Microsoft.NETCore.App.Ref\10.0.2\ref\net10.0\System.Net.HttpListener.dll" /reference:"C:\Program Files\dotnet\packs\Microsoft.NETCore.App.Ref\10.0.2\ref\net10.0\System.Net.Mail.dll" /reference:"C:\Program Files\dotnet\packs\Microsoft.NETCore.App.Ref\10.0.2\ref\net10.0\System.Net.NameResolution.dll" /reference:"C:\Program Files\dotnet\packs\Microsoft.NETCore.App.Ref\10.0.2\ref\net10.0\System.Net.NetworkInformation.dll" /reference:"C:\Program Files\dotnet\packs\Microsoft.NETCore.App.Ref\10.0.2\ref\net10.0\System.Net.Ping.dll" /reference:"C:\Program Files\dotnet\packs\Microsoft.NETCore.App.Ref\10.0.2\ref\net10.0\System.Net.Primitives.dll" /reference:"C:\Program Files\dotnet\packs\Microsoft.NETCore.App.Ref\10.0.2\ref\net10.0\System.Net.Quic.dll" /reference:"C:\Program Files\dotnet\packs\Microsoft.NETCore.App.Ref\10.0.2\ref\net10.0\System.Net.Requests.dll" /reference:"C:\Program Files\dotnet\packs\Microsoft.NETCore.App.Ref\10.0.2\ref\net10.0\System.Net.Security.dll" /reference:"C:\Program Files\dotnet\packs\Microsoft.NETCore.App.Ref\10.0.2\ref\net10.0\System.Net.ServerSentEvents.dll" /reference:"C:\Program Files\dotnet\packs\Microsoft.NETCore.App.Ref\10.0.2\ref\net10.0\System.Net.ServicePoint.dll" /reference:"C:\Program Files\dotnet\packs\Microsoft.NETCore.App.Ref\10.0.2\ref\net10.0\System.Net.Sockets.dll" /reference:"C:\Program Files\dotnet\packs\Microsoft.NETCore.App.Ref\10.0.2\ref\net10.0\System.Net.WebClient.dll" /reference:"C:\Program Files\dotnet\packs\Microsoft.NETCore.App.Ref\10.0.2\ref\net10.0\System.Net.WebHeaderCollection.dll" /reference:"C:\Program Files\dotnet\packs\Microsoft.NETCore.App.Ref\10.0.2\ref\net10.0\System.Net.WebProxy.dll" /reference:"C:\Program Files\dotnet\packs\Microsoft.NETCore.App.Ref\10.0.2\ref\net10.0\System.Net.WebSockets.Client.dll" /reference:"C:\Program Files\dotnet\packs\Microsoft.NETCore.App.Ref\10.0.2\ref\net10.0\System.Net.WebSockets.dll" /reference:"C:\Program Files\dotnet\packs\Microsoft.NETCore.App.Ref\10.0.2\ref\net10.0\System.Numerics.dll" /reference:"C:\Program Files\dotnet\packs\Microsoft.NETCore.App.Ref\10.0.2\ref\net10.0\System.Numerics.Vectors.dll" /reference:"C:\Program Files\dotnet\packs\Microsoft.NETCore.App.Ref\10.0.2\ref\net10.0\System.ObjectModel.dll" /reference:"C:\Program Files\dotnet\packs\Microsoft.NETCore.App.Ref\10.0.2\ref\net10.0\System.Reflection.DispatchProxy.dll" /reference:"C:\Program Files\dotnet\packs\Microsoft.NETCore.App.Ref\10.0.2\ref\net10.0\System.Reflection.dll" /reference:"C:\Program Files\dotnet\packs\Microsoft.NETCore.App.Ref\10.0.2\ref\net10.0\System.Reflection.Emit.dll" /reference:"C:\Program Files\dotnet\packs\Microsoft.NETCore.App.Ref\10.0.2\ref\net10.0\System.Reflection.Emit.ILGeneration.dll" /reference:"C:\Program Files\dotnet\packs\Microsoft.NETCore.App.Ref\10.0.2\ref\net10.0\System.Reflection.Emit.Lightweight.dll" /reference:"C:\Program Files\dotnet\packs\Microsoft.NETCore.App.Ref\10.0.2\ref\net10.0\System.Reflection.Extensions.dll" /reference:"C:\Program Files\dotnet\packs\Microsoft.NETCore.App.Ref\10.0.2\ref\net10.0\System.Reflection.Metadata.dll" /reference:"C:\Program Files\dotnet\packs\Microsoft.NETCore.App.Ref\10.0.2\ref\net10.0\System.Reflection.Primitives.dll" /reference:"C:\Program Files\dotnet\packs\Microsoft.NETCore.App.Ref\10.0.2\ref\net10.0\System.Reflection.TypeExtensions.dll" /reference:"C:\Program Files\dotnet\packs\Microsoft.NETCore.App.Ref\10.0.2\ref\net10.0\System.Resources.Reader.dll" /reference:"C:\Program Files\dotnet\packs\Microsoft.NETCore.App.Ref\10.0.2\ref\net10.0\System.Resources.ResourceManager.dll" /reference:"C:\Program Files\dotnet\packs\Microsoft.NETCore.App.Ref\10.0.2\ref\net10.0\System.Resources.Writer.dll" /reference:"C:\Program Files\dotnet\packs\Microsoft.NETCore.App.Ref\10.0.2\ref\net10.0\System.Runtime.CompilerServices.Unsafe.dll" /reference:"C:\Program Files\dotnet\packs\Microsoft.NETCore.App.Ref\10.0.2\ref\net10.0\System.Runtime.CompilerServices.VisualC.dll" /reference:"C:\Program Files\dotnet\packs\Microsoft.NETCore.App.Ref\10.0.2\ref\net10.0\System.Runtime.dll" /reference:"C:\Program Files\dotnet\packs\Microsoft.NETCore.App.Ref\10.0.2\ref\net10.0\System.Runtime.Extensions.dll" /reference:"C:\Program Files\dotnet\packs\Microsoft.NETCore.App.Ref\10.0.2\ref\net10.0\System.Runtime.Handles.dll" /reference:"C:\Program Files\dotnet\packs\Microsoft.NETCore.App.Ref\10.0.2\ref\net10.0\System.Runtime.InteropServices.dll" /reference:"C:\Program Files\dotnet\packs\Microsoft.NETCore.App.Ref\10.0.2\ref\net10.0\System.Runtime.InteropServices.JavaScript.dll" /reference:"C:\Program Files\dotnet\packs\Microsoft.NETCore.App.Ref\10.0.2\ref\net10.0\System.Runtime.InteropServices.RuntimeInformation.dll" /reference:"C:\Program Files\dotnet\packs\Microsoft.NETCore.App.Ref\10.0.2\ref\net10.0\System.Runtime.Intrinsics.dll" /reference:"C:\Program Files\dotnet\packs\Microsoft.NETCore.App.Ref\10.0.2\ref\net10.0\System.Runtime.Loader.dll" /reference:"C:\Program Files\dotnet\packs\Microsoft.NETCore.App.Ref\10.0.2\ref\net10.0\System.Runtime.Numerics.dll" /reference:"C:\Program Files\dotnet\packs\Microsoft.NETCore.App.Ref\10.0.2\ref\net10.0\System.Runtime.Serialization.dll" /reference:"C:\Program Files\dotnet\packs\Microsoft.NETCore.App.Ref\10.0.2\ref\net10.0\System.Runtime.Serialization.Formatters.dll" /reference:"C:\Program Files\dotnet\packs\Microsoft.NETCore.App.Ref\10.0.2\ref\net10.0\System.Runtime.Serialization.Json.dll" /reference:"C:\Program Files\dotnet\packs\Microsoft.NETCore.App.Ref\10.0.2\ref\net10.0\System.Runtime.Serialization.Primitives.dll" /reference:"C:\Program Files\dotnet\packs\Microsoft.NETCore.App.Ref\10.0.2\ref\net10.0\System.Runtime.Serialization.Xml.dll" /reference:"C:\Program Files\dotnet\packs\Microsoft.NETCore.App.Ref\10.0.2\ref\net10.0\System.Security.AccessControl.dll" /reference:"C:\Program Files\dotnet\packs\Microsoft.NETCore.App.Ref\10.0.2\ref\net10.0\System.Security.Claims.dll" /reference:"C:\Program Files\dotnet\packs\Microsoft.NETCore.App.Ref\10.0.2\ref\net10.0\System.Security.Cryptography.Algorithms.dll" /reference:"C:\Program Files\dotnet\packs\Microsoft.NETCore.App.Ref\10.0.2\ref\net10.0\System.Security.Cryptography.Cng.dll" /reference:"C:\Program Files\dotnet\packs\Microsoft.NETCore.App.Ref\10.0.2\ref\net10.0\System.Security.Cryptography.Csp.dll" /reference:"C:\Program Files\dotnet\packs\Microsoft.NETCore.App.Ref\10.0.2\ref\net10.0\System.Security.Cryptography.dll" /reference:"C:\Program Files\dotnet\packs\Microsoft.NETCore.App.Ref\10.0.2\ref\net10.0\System.Security.Cryptography.Encoding.dll" /reference:"C:\Program Files\dotnet\packs\Microsoft.NETCore.App.Ref\10.0.2\ref\net10.0\System.Security.Cryptography.OpenSsl.dll" /reference:"C:\Program Files\dotnet\packs\Microsoft.NETCore.App.Ref\10.0.2\ref\net10.0\System.Security.Cryptography.Primitives.dll" /reference:"C:\Program Files\dotnet\packs\Microsoft.NETCore.App.Ref\10.0.2\ref\net10.0\System.Security.Cryptography.X509Certificates.dll" /reference:"C:\Program Files\dotnet\packs\Microsoft.NETCore.App.Ref\10.0.2\ref\net10.0\System.Security.dll" /reference:"C:\Program Files\dotnet\packs\Microsoft.NETCore.App.Ref\10.0.2\ref\net10.0\System.Security.Principal.dll" /reference:"C:\Program Files\dotnet\packs\Microsoft.NETCore.App.Ref\10.0.2\ref\net10.0\System.Security.Principal.Windows.dll" /reference:"C:\Program Files\dotnet\packs\Microsoft.NETCore.App.Ref\10.0.2\ref\net10.0\System.Security.SecureString.dll" /reference:"C:\Program Files\dotnet\packs\Microsoft.NETCore.App.Ref\10.0.2\ref\net10.0\System.ServiceModel.Web.dll" /reference:"C:\Program Files\dotnet\packs\Microsoft.NETCore.App.Ref\10.0.2\ref\net10.0\System.ServiceProcess.dll" /reference:"C:\Program Files\dotnet\packs\Microsoft.NETCore.App.Ref\10.0.2\ref\net10.0\System.Text.Encoding.CodePages.dll" /reference:"C:\Program Files\dotnet\packs\Microsoft.NETCore.App.Ref\10.0.2\ref\net10.0\System.Text.Encoding.dll" /reference:"C:\Program Files\dotnet\packs\Microsoft.NETCore.App.Ref\10.0.2\ref\net10.0\System.Text.Encoding.Extensions.dll" /reference:"C:\Program Files\dotnet\packs\Microsoft.NETCore.App.Ref\10.0.2\ref\net10.0\System.Text.Encodings.Web.dll" /reference:"C:\Program Files\dotnet\packs\Microsoft.NETCore.App.Ref\10.0.2\ref\net10.0\System.Text.Json.dll" /reference:"C:\Program Files\dotnet\packs\Microsoft.NETCore.App.Ref\10.0.2\ref\net10.0\System.Text.RegularExpressions.dll" /reference:"C:\Program Files\dotnet\packs\Microsoft.NETCore.App.Ref\10.0.2\ref\net10.0\System.Threading.AccessControl.dll" /reference:"C:\Program Files\dotnet\packs\Microsoft.NETCore.App.Ref\10.0.2\ref\net10.0\System.Threading.Channels.dll" /reference:"C:\Program Files\dotnet\packs\Microsoft.NETCore.App.Ref\10.0.2\ref\net10.0\System.Threading.dll" /reference:"C:\Program Files\dotnet\packs\Microsoft.NETCore.App.Ref\10.0.2\ref\net10.0\System.Threading.Overlapped.dll" /reference:"C:\Program Files\dotnet\packs\Microsoft.NETCore.App.Ref\10.0.2\ref\net10.0\System.Threading.Tasks.Dataflow.dll" /reference:"C:\Program Files\dotnet\packs\Microsoft.NETCore.App.Ref\10.0.2\ref\net10.0\System.Threading.Tasks.dll" /reference:"C:\Program Files\dotnet\packs\Microsoft.NETCore.App.Ref\10.0.2\ref\net10.0\System.Threading.Tasks.Extensions.dll" /reference:"C:\Program Files\dotnet\packs\Microsoft.NETCore.App.Ref\10.0.2\ref\net10.0\System.Threading.Tasks.Parallel.dll" /reference:"C:\Program Files\dotnet\packs\Microsoft.NETCore.App.Ref\10.0.2\ref\net10.0\System.Threading.Thread.dll" /reference:"C:\Program Files\dotnet\packs\Microsoft.NETCore.App.Ref\10.0.2\ref\net10.0\System.Threading.ThreadPool.dll" /reference:"C:\Program Files\dotnet\packs\Microsoft.NETCore.App.Ref\10.0.2\ref\net10.0\System.Threading.Timer.dll" /reference:"C:\Program Files\dotnet\packs\Microsoft.NETCore.App.Ref\10.0.2\ref\net10.0\System.Transactions.dll" /reference:"C:\Program Files\dotnet\packs\Microsoft.NETCore.App.Ref\10.0.2\ref\net10.0\System.Transactions.Local.dll" /reference:"C:\Program Files\dotnet\packs\Microsoft.NETCore.App.Ref\10.0.2\ref\net10.0\System.ValueTuple.dll" /reference:"C:\Program Files\dotnet\packs\Microsoft.NETCore.App.Ref\10.0.2\ref\net10.0\System.Web.dll" /reference:"C:\Program Files\dotnet\packs\Microsoft.NETCore.App.Ref\10.0.2\ref\net10.0\System.Web.HttpUtility.dll" /reference:"C:\Program Files\dotnet\packs\Microsoft.NETCore.App.Ref\10.0.2\ref\net10.0\System.Windows.dll" /reference:"C:\Program Files\dotnet\packs\Microsoft.NETCore.App.Ref\10.0.2\ref\net10.0\System.Xml.dll" /reference:"C:\Program Files\dotnet\packs\Microsoft.NETCore.App.Ref\10.0.2\ref\net10.0\System.Xml.Linq.dll" /reference:"C:\Program Files\dotnet\packs\Microsoft.NETCore.App.Ref\10.0.2\ref\net10.0\System.Xml.ReaderWriter.dll" /reference:"C:\Program Files\dotnet\packs\Microsoft.NETCore.App.Ref\10.0.2\ref\net10.0\System.Xml.Serialization.dll" /reference:"C:\Program Files\dotnet\packs\Microsoft.NETCore.App.Ref\10.0.2\ref\net10.0\System.Xml.XDocument.dll" /reference:"C:\Program Files\dotnet\packs\Microsoft.NETCore.App.Ref\10.0.2\ref\net10.0\System.Xml.XmlDocument.dll" /reference:"C:\Program Files\dotnet\packs\Microsoft.NETCore.App.Ref\10.0.2\ref\net10.0\System.Xml.XmlSerializer.dll" /reference:"C:\Program Files\dotnet\packs\Microsoft.NETCore.App.Ref\10.0.2\ref\net10.0\System.Xml.XPath.dll" /reference:"C:\Program Files\dotnet\packs\Microsoft.NETCore.App.Ref\10.0.2\ref\net10.0\System.Xml.XPath.XDocument.dll" /reference:"C:\Program Files\dotnet\packs\Microsoft.NETCore.App.Ref\10.0.2\ref\net10.0\WindowsBase.dll" /features:"InterceptorsNamespaces=;Microsoft.Extensions.Validation.Generated" /debug+ /debug:portable /filealign:512 /optimize- /out:obj\Debug\net10.0\Buddy.Domain.dll /refout:obj\Debug\net10.0\refint\Buddy.Domain.dll /target:library /warnaserror- /utf8output /deterministic+ /langversion:14.0 /analyzerconfig:obj\Debug\net10.0\Buddy.Domain.GeneratedMSBuildEditorConfig.editorconfig /analyzerconfig:"C:\Program Files\dotnet\sdk\10.0.200-preview.0.26103.119\Sdks\Microsoft.NET.Sdk\analyzers\build\config\analysislevel_10_default.globalconfig" /analyzer:"C:\Program Files\dotnet\sdk\10.0.200-preview.0.26103.119\Sdks\Microsoft.NET.Sdk\targets\..\analyzers\Microsoft.CodeAnalysis.CSharp.NetAnalyzers.dll" /analyzer:"C:\Program Files\dotnet\sdk\10.0.200-preview.0.26103.119\Sdks\Microsoft.NET.Sdk\targets\..\analyzers\Microsoft.CodeAnalysis.NetAnalyzers.dll" /analyzer:"C:\Program Files\dotnet\packs\Microsoft.NETCore.App.Ref\10.0.2\analyzers/dotnet/cs/Microsoft.Interop.ComInterfaceGenerator.dll" /analyzer:"C:\Program Files\dotnet\packs\Microsoft.NETCore.App.Ref\10.0.2\analyzers/dotnet/cs/Microsoft.Interop.JavaScript.JSImportGenerator.dll" /analyzer:"C:\Program Files\dotnet\packs\Microsoft.NETCore.App.Ref\10.0.2\analyzers/dotnet/cs/Microsoft.Interop.LibraryImportGenerator.dll" /analyzer:"C:\Program Files\dotnet\packs\Microsoft.NETCore.App.Ref\10.0.2\analyzers/dotnet/cs/Microsoft.Interop.SourceGeneration.dll" /analyzer:"C:\Program Files\dotnet\packs\Microsoft.NETCore.App.Ref\10.0.2\analyzers/dotnet/cs/System.Text.Json.SourceGeneration.dll" /analyzer:"C:\Program Files\dotnet\packs\Microsoft.NETCore.App.Ref\10.0.2\analyzers/dotnet/cs/System.Text.RegularExpressions.Generator.dll" Entities\BaseEntity.cs Entities\Conversation.cs Entities\InterviewAnswer.cs Entities\InterviewQuestion.cs Entities\InterviewSession.cs Entities\Message.cs Entities\Quiz.cs Entities\QuizAnswer.cs Entities\QuizQuestion.cs Entities\User.cs Enums\DifficultyLevel.cs Enums\InterviewLevel.cs Enums\InterviewQuestionType.cs Enums\MessageType.cs Enums\QuizStatus.cs obj\Debug\net10.0\Buddy.Domain.GlobalUsings.g.cs "obj\Debug\net10.0\.NETCoreApp,Version=v10.0.AssemblyAttributes.cs" obj\Debug\net10.0\Buddy.Domain.AssemblyInfo.cs /warnaserror+:NU1605,SYSLIB0011'
         Derleme TaskRun (Microsoft.CodeAnalysis.BuildTasks.Csc) sırasında yüklendi: System.IO.Pipes, Version=10.0.0.0, Culture=neutral, PublicKeyToken=b03f5f7f11d50a3a (konum: C:\Program Files\dotnet\shared\Microsoft.NETCore.App\10.0.2\System.IO.Pipes.dll, MVID: 879194cf-a07a-488b-a4ba-fcb665bcea2a, AssemblyLoadContext: Default)
         Attempt to open named pipe 'Jk7+nUNkc9bTC7ccnOIRqbFFwEW7YGOh6wrBHq8D7is'
         Attempt to connect named pipe 'Jk7+nUNkc9bTC7ccnOIRqbFFwEW7YGOh6wrBHq8D7is'
         Derleme TaskRun (Microsoft.CodeAnalysis.BuildTasks.Csc) sırasında yüklendi: System.Security.AccessControl, Version=10.0.0.0, Culture=neutral, PublicKeyToken=b03f5f7f11d50a3a (konum: C:\Program Files\dotnet\shared\Microsoft.NETCore.App\10.0.2\System.Security.AccessControl.dll, MVID: 02a0c108-9520-40ca-89a5-b6d6d5addac0, AssemblyLoadContext: Default)
         Named pipe 'Jk7+nUNkc9bTC7ccnOIRqbFFwEW7YGOh6wrBHq8D7is' connected
         Begin writing request for Buddy.Domain (net10.0)
         End writing request for Buddy.Domain (net10.0)
         Begin reading response for Buddy.Domain (net10.0)
         End reading response for Buddy.Domain (net10.0)
         Microsoft (R) Visual C# Derleyicisi sürüm 5.3.0-2.26103.119 (a2bfa4671c2a489b874fb53ff7d5ad54cbd9c80f)
         Telif hakkı (C) Microsoft Corporation. Tüm hakları saklıdır.
         CompilerServer: server - server processed compilation - Buddy.Domain (net10.0)
       "Csc" görevini yürütme tamamlandı.
   2:7>"Buddy.Domain.csproj" projesinde "CoreCompile" hedefini oluşturma tamamlandı.
   2:7>"c:\Users\ilhan\source\repos\StudyBuddy\StudyBuddy\Buddy.Domain\Buddy.Domain.csproj" projesinin "C:\Program Files\dotnet\sdk\10.0.200-preview.0.26103.119\Microsoft.Common.CurrentVersion.targets" dosyasındaki "AfterCompile" hedefi ("Compile" hedefi buna bağımlı):
   2:7>"Buddy.Domain.csproj" projesinde "AfterCompile" hedefini oluşturma tamamlandı.
   2:7>"c:\Users\ilhan\source\repos\StudyBuddy\StudyBuddy\Buddy.Domain\Buddy.Domain.csproj" projesinin "C:\Program Files\dotnet\sdk\10.0.200-preview.0.26103.119\Microsoft.Common.CurrentVersion.targets" dosyasındaki "Compile" hedefi ("CoreBuild" hedefi buna bağımlı):
   2:7>"Buddy.Domain.csproj" projesinde "Compile" hedefini oluşturma tamamlandı.
   2:7>"c:\Users\ilhan\source\repos\StudyBuddy\StudyBuddy\Buddy.Domain\Buddy.Domain.csproj" projesinin "C:\Program Files\dotnet\sdk\10.0.200-preview.0.26103.119\Microsoft.Common.CurrentVersion.targets" dosyasındaki "_GenerateSatelliteAssemblyInputs" hedefi ("CreateSatelliteAssemblies" hedefi buna bağımlı):
   2:7>"Buddy.Domain.csproj" projesinde "_GenerateSatelliteAssemblyInputs" hedefini oluşturma tamamlandı.
   2:7>"c:\Users\ilhan\source\repos\StudyBuddy\StudyBuddy\Buddy.Domain\Buddy.Domain.csproj" projesinin "C:\Program Files\dotnet\sdk\10.0.200-preview.0.26103.119\Microsoft.Common.CurrentVersion.targets" dosyasındaki "CreateSatelliteAssemblies" hedefi ("CoreBuild" hedefi buna bağımlı):
   2:7>"Buddy.Domain.csproj" projesinde "CreateSatelliteAssemblies" hedefini oluşturma tamamlandı.
   2:7>"c:\Users\ilhan\source\repos\StudyBuddy\StudyBuddy\Buddy.Domain\Buddy.Domain.csproj" projesinin "C:\Program Files\dotnet\sdk\10.0.200-preview.0.26103.119\Microsoft.Common.CurrentVersion.targets" dosyasındaki "GetTargetPathWithTargetPlatformMoniker" hedefi ("GetTargetPath" hedefi buna bağımlı):
   2:7>"Buddy.Domain.csproj" projesinde "GetTargetPathWithTargetPlatformMoniker" hedefini oluşturma tamamlandı.
   2:7>"c:\Users\ilhan\source\repos\StudyBuddy\StudyBuddy\Buddy.Domain\Buddy.Domain.csproj" projesinin "C:\Program Files\dotnet\sdk\10.0.200-preview.0.26103.119\Microsoft.Common.CurrentVersion.targets" dosyasındaki "GetTargetPath" hedefi ("CoreBuild" hedefi buna bağımlı):
   2:7>"Buddy.Domain.csproj" projesinde "GetTargetPath" hedefini oluşturma tamamlandı.
       "AssignTargetPaths" hedefi atlandı. Önceden başarılı bir şekilde derlenmişti.
       "_SplitProjectReferencesByFileExistence" hedefi atlandı. Önceden başarılı bir şekilde derlenmişti.
       "_GetProjectReferenceTargetFrameworkProperties" hedefi atlandı. Önceden başarılı bir şekilde derlenmişti.
   2:7>"c:\Users\ilhan\source\repos\StudyBuddy\StudyBuddy\Buddy.Domain\Buddy.Domain.csproj" projesinin "C:\Program Files\dotnet\sdk\10.0.200-preview.0.26103.119\Microsoft.Common.CurrentVersion.targets" dosyasındaki "_PopulateCommonStateForGetCopyToOutputDirectoryItems" hedefi ("GetCopyToOutputDirectoryItems" hedefi buna bağımlı):
   2:7>"Buddy.Domain.csproj" projesinde "_PopulateCommonStateForGetCopyToOutputDirectoryItems" hedefini oluşturma tamamlandı.
   2:7>"c:\Users\ilhan\source\repos\StudyBuddy\StudyBuddy\Buddy.Domain\Buddy.Domain.csproj" projesinin "C:\Program Files\dotnet\sdk\10.0.200-preview.0.26103.119\Microsoft.Common.CurrentVersion.targets" dosyasındaki "GetCopyToOutputDirectoryItems" hedefi ("_CopySourceItemsToOutputDirectory" hedefi buna bağımlı):
       "Microsoft.Build.Tasks.Core, Version=15.1.0.0, Culture=neutral, PublicKeyToken=b03f5f7f11d50a3a" derlemesindeki "CallTarget" görevi kullanılıyor.
       "CallTarget" görevi
       "_PopulateCommonStateForGetCopyToOutputDirectoryItems" hedefi atlandı. Önceden başarılı bir şekilde derlenmişti.
       "_AddOutputPathToGlobalPropertiesToRemove" hedefi atlandı. Önceden başarılı bir şekilde derlenmişti.
   2:7>"c:\Users\ilhan\source\repos\StudyBuddy\StudyBuddy\Buddy.Domain\Buddy.Domain.csproj" projesinin "C:\Program Files\dotnet\sdk\10.0.200-preview.0.26103.119\Microsoft.Common.CurrentVersion.targets" dosyasındaki "_GetCopyToOutputDirectoryItemsFromTransitiveProjectReferences" hedefi ("GetCopyToOutputDirectoryItems" hedefi buna bağımlı):
       "AssignTargetPath" görevi
       "AssignTargetPath" görevini yürütme tamamlandı.
   2:7>"Buddy.Domain.csproj" projesinde "_GetCopyToOutputDirectoryItemsFromTransitiveProjectReferences" hedefini oluşturma tamamlandı.
       "CallTarget" görevini yürütme tamamlandı.
       "CallTarget" görevi
       "AssignTargetPaths" hedefi atlandı. Önceden başarılı bir şekilde derlenmişti.
       "_PopulateCommonStateForGetCopyToOutputDirectoryItems" hedefi atlandı. Önceden başarılı bir şekilde derlenmişti.
   2:7>"c:\Users\ilhan\source\repos\StudyBuddy\StudyBuddy\Buddy.Domain\Buddy.Domain.csproj" projesinin "C:\Program Files\dotnet\sdk\10.0.200-preview.0.26103.119\Microsoft.Common.CurrentVersion.targets" dosyasındaki "_GetCopyToOutputDirectoryItemsFromThisProject" hedefi ("GetCopyToOutputDirectoryItems" hedefi buna bağımlı):
       "AssignTargetPath" görevi
       "AssignTargetPath" görevini yürütme tamamlandı.
   2:7>"Buddy.Domain.csproj" projesinde "_GetCopyToOutputDirectoryItemsFromThisProject" hedefini oluşturma tamamlandı.
       "CallTarget" görevini yürütme tamamlandı.
   2:7>"Buddy.Domain.csproj" projesinde "GetCopyToOutputDirectoryItems" hedefini oluşturma tamamlandı.
   2:7>"c:\Users\ilhan\source\repos\StudyBuddy\StudyBuddy\Buddy.Domain\Buddy.Domain.csproj" projesinin "C:\Program Files\dotnet\sdk\10.0.200-preview.0.26103.119\Microsoft.Common.CurrentVersion.targets" dosyasındaki "_CopySourceItemsToOutputDirectory" hedefi ("CopyFilesToOutputDirectory" hedefi buna bağımlı):
   2:7>"Buddy.Domain.csproj" projesinde "_CopySourceItemsToOutputDirectory" hedefini oluşturma tamamlandı.
   2:7>"c:\Users\ilhan\source\repos\StudyBuddy\StudyBuddy\Buddy.Domain\Buddy.Domain.csproj" projesinin "C:\Program Files\dotnet\sdk\10.0.200-preview.0.26103.119\Microsoft.Common.CurrentVersion.targets" dosyasındaki "_CheckForCompileOutputs" hedefi ("CopyFilesToOutputDirectory" hedefi buna bağımlı):
   2:7>"Buddy.Domain.csproj" projesinde "_CheckForCompileOutputs" hedefini oluşturma tamamlandı.
       "_DefaultMicrosoftNETPlatformLibrary" hedefi atlandı. Önceden başarılı bir şekilde derlenmişti.
       "_HandlePackageFileConflicts" hedefi atlandı. Önceden başarılı bir şekilde derlenmişti.
       "ResolveAssemblyReferences" hedefi atlandı. Önceden başarılı bir şekilde derlenmişti.
   2:7>"c:\Users\ilhan\source\repos\StudyBuddy\StudyBuddy\Buddy.Domain\Buddy.Domain.csproj" projesinin "C:\Program Files\dotnet\sdk\10.0.200-preview.0.26103.119\Sdks\Microsoft.NET.Sdk\targets\Microsoft.NET.Sdk.targets" dosyasındaki "_ComputeReferenceAssemblies" hedefi ("GenerateBuildDependencyFile" hedefi buna bağımlı):
   2:7>"Buddy.Domain.csproj" projesinde "_ComputeReferenceAssemblies" hedefini oluşturma tamamlandı.
   2:7>"c:\Users\ilhan\source\repos\StudyBuddy\StudyBuddy\Buddy.Domain\Buddy.Domain.csproj" projesinin "C:\Program Files\dotnet\sdk\10.0.200-preview.0.26103.119\Sdks\Microsoft.NET.Sdk\targets\Microsoft.NET.Sdk.targets" dosyasındaki "_ComputeUserRuntimeAssemblies" hedefi ("GenerateBuildDependencyFile" hedefi buna bağımlı):
   2:7>"Buddy.Domain.csproj" projesinde "_ComputeUserRuntimeAssemblies" hedefini oluşturma tamamlandı.
       "_ComputePackageReferencePublish" hedefi atlandı. Önceden başarılı bir şekilde derlenmişti.
   2:7>"c:\Users\ilhan\source\repos\StudyBuddy\StudyBuddy\Buddy.Domain\Buddy.Domain.csproj" projesinin "C:\Program Files\dotnet\sdk\10.0.200-preview.0.26103.119\Sdks\Microsoft.NET.Sdk\targets\Microsoft.NET.Sdk.targets" dosyasındaki "GenerateBuildDependencyFile" hedefi ("CopyFilesToOutputDirectory" hedefi buna bağımlı):
       "GenerateBuildDependencyFile" hedefi tam olarak oluşturuluyor.
       "c:\Users\ilhan\source\repos\StudyBuddy\StudyBuddy\Buddy.Domain\bin\Debug\net10.0\Buddy.Domain.deps.json" çıkış dosyası yok.
       "C:\Program Files\dotnet\sdk\10.0.200-preview.0.26103.119\Sdks\Microsoft.NET.Sdk\targets\..\tools\net10.0\Microsoft.NET.Build.Tasks.dll" derlemesindeki "GenerateDepsFile" görevi kullanılıyor.
       "GenerateDepsFile" görevi
       "GenerateDepsFile" görevini yürütme tamamlandı.
   2:7>"Buddy.Domain.csproj" projesinde "GenerateBuildDependencyFile" hedefini oluşturma tamamlandı.
   2:7>"c:\Users\ilhan\source\repos\StudyBuddy\StudyBuddy\Buddy.Domain\Buddy.Domain.csproj" projesinin "C:\Program Files\dotnet\sdk\10.0.200-preview.0.26103.119\Microsoft.Common.CurrentVersion.targets" dosyasındaki "CopyFilesToOutputDirectory" hedefi ("PrepareForRun" hedefi buna bağımlı):
       "Microsoft.Build.Tasks.Core, Version=15.1.0.0, Culture=neutral, PublicKeyToken=b03f5f7f11d50a3a" derlemesindeki "Copy" görevi kullanılıyor.
       "Copy" görevi
         Dosya "c:\Users\ilhan\source\repos\StudyBuddy\StudyBuddy\Buddy.Domain\obj\Debug\net10.0\Buddy.Domain.dll" konumundan "c:\Users\ilhan\source\repos\StudyBuddy\StudyBuddy\Buddy.Domain\bin\Debug\net10.0\Buddy.Domain.dll" konumuna kopyalanıyor.
       "Copy" görevini yürütme tamamlandı.
       "C:\Program Files\dotnet\sdk\10.0.200-preview.0.26103.119\Sdks\Microsoft.NET.Sdk\targets\..\..\..\Roslyn\Microsoft.Build.Tasks.CodeAnalysis.dll" derlemesindeki "CopyRefAssembly" görevi kullanılıyor.
       "CopyRefAssembly" görevi
         Derleme TaskRun (Microsoft.CodeAnalysis.BuildTasks.CopyRefAssembly) sırasında yüklendi: Microsoft.Build.Tasks.CodeAnalysis.resources, Version=5.3.14.10419, Culture=tr, PublicKeyToken=31bf3856ad364e35 (konum: C:\Program Files\dotnet\sdk\10.0.200-preview.0.26103.119\Roslyn\tr\Microsoft.Build.Tasks.CodeAnalysis.resources.dll, MVID: 8789dffd-5264-4444-b848-f5e9e78697b5, AssemblyLoadContext: MSBuild plugin C:\Program Files\dotnet\sdk\10.0.200-preview.0.26103.119\Roslyn\Microsoft.Build.Tasks.CodeAnalysis.dll)
         Başvuru bütünleştirilmiş kodu "obj\Debug\net10.0\refint\Buddy.Domain.dll" konumundan "c:\Users\ilhan\source\repos\StudyBuddy\StudyBuddy\Buddy.Domain\obj\Debug\net10.0\ref\Buddy.Domain.dll" konumuna kopyalanıyor.
       "CopyRefAssembly" görevini yürütme tamamlandı.
       "Message" görevi
         Buddy.Domain -> c:\Users\ilhan\source\repos\StudyBuddy\StudyBuddy\Buddy.Domain\bin\Debug\net10.0\Buddy.Domain.dll
       "Message" görevini yürütme tamamlandı.
       "Copy" görevi
         Dosya "c:\Users\ilhan\source\repos\StudyBuddy\StudyBuddy\Buddy.Domain\obj\Debug\net10.0\Buddy.Domain.pdb" konumundan "c:\Users\ilhan\source\repos\StudyBuddy\StudyBuddy\Buddy.Domain\bin\Debug\net10.0\Buddy.Domain.pdb" konumuna kopyalanıyor.
       "Copy" görevini yürütme tamamlandı.
   2:7>"Buddy.Domain.csproj" projesinde "CopyFilesToOutputDirectory" hedefini oluşturma tamamlandı.
   2:7>"c:\Users\ilhan\source\repos\StudyBuddy\StudyBuddy\Buddy.Domain\Buddy.Domain.csproj" projesinin "C:\Program Files\dotnet\sdk\10.0.200-preview.0.26103.119\Microsoft.Common.CurrentVersion.targets" dosyasındaki "PrepareForRun" hedefi ("CoreBuild" hedefi buna bağımlı):
   2:7>"Buddy.Domain.csproj" projesinde "PrepareForRun" hedefini oluşturma tamamlandı.
       "_CheckForCompileOutputs" hedefi atlandı. Önceden başarılı bir şekilde derlenmişti.
   2:7>"c:\Users\ilhan\source\repos\StudyBuddy\StudyBuddy\Buddy.Domain\Buddy.Domain.csproj" projesinin "C:\Program Files\dotnet\sdk\10.0.200-preview.0.26103.119\Microsoft.Common.CurrentVersion.targets" dosyasındaki "_CleanGetCurrentAndPriorFileWrites" hedefi ("IncrementalClean" hedefi buna bağımlı):
       "ReadLinesFromFile" görevi
       "ReadLinesFromFile" görevini yürütme tamamlandı.
       "ConvertToAbsolutePath" görevi
       "ConvertToAbsolutePath" görevini yürütme tamamlandı.
       "FindUnderPath" görevi
         Karşılaştırma yolu: "c:\Users\ilhan\source\repos\StudyBuddy\StudyBuddy\Buddy.Domain".
       "FindUnderPath" görevini yürütme tamamlandı.
       "FindUnderPath" görevi
         Karşılaştırma yolu: "bin\Debug\net10.0\".
       "FindUnderPath" görevini yürütme tamamlandı.
       "FindUnderPath" görevi
         Karşılaştırma yolu: "obj\Debug\net10.0\".
       "FindUnderPath" görevini yürütme tamamlandı.
       "RemoveDuplicates" görevi
       "RemoveDuplicates" görevini yürütme tamamlandı.
   2:7>"Buddy.Domain.csproj" projesinde "_CleanGetCurrentAndPriorFileWrites" hedefini oluşturma tamamlandı.
   2:7>"c:\Users\ilhan\source\repos\StudyBuddy\StudyBuddy\Buddy.Domain\Buddy.Domain.csproj" projesinin "C:\Program Files\dotnet\sdk\10.0.200-preview.0.26103.119\Microsoft.Common.CurrentVersion.targets" dosyasındaki "IncrementalClean" hedefi ("CoreBuild" hedefi buna bağımlı):
       "FindUnderPath" görevi
         Karşılaştırma yolu: "bin\Debug\net10.0\".
       "FindUnderPath" görevini yürütme tamamlandı.
       "FindUnderPath" görevi
         Karşılaştırma yolu: "obj\Debug\net10.0\".
       "FindUnderPath" görevini yürütme tamamlandı.
       "Delete" görevi
       "Delete" görevini yürütme tamamlandı.
       "RemoveDuplicates" görevi
       "RemoveDuplicates" görevini yürütme tamamlandı.
       "WriteLinesToFile" görevi
       "WriteLinesToFile" görevini yürütme tamamlandı.
   2:7>"Buddy.Domain.csproj" projesinde "IncrementalClean" hedefini oluşturma tamamlandı.
       "GenerateBuildDependencyFile" hedefi atlandı. Önceden başarılı bir şekilde derlenmişti.
   2:7>"c:\Users\ilhan\source\repos\StudyBuddy\StudyBuddy\Buddy.Domain\Buddy.Domain.csproj" projesinin "C:\Program Files\dotnet\sdk\10.0.200-preview.0.26103.119\Microsoft.Common.CurrentVersion.targets" dosyasındaki "CoreBuild" hedefi ("Build" hedefi buna bağımlı):
   2:7>"Buddy.Domain.csproj" projesinde "CoreBuild" hedefini oluşturma tamamlandı.
   2:7>"c:\Users\ilhan\source\repos\StudyBuddy\StudyBuddy\Buddy.Domain\Buddy.Domain.csproj" projesinin "C:\Program Files\dotnet\sdk\10.0.200-preview.0.26103.119\Microsoft.Common.CurrentVersion.targets" dosyasındaki "AfterBuild" hedefi ("Build" hedefi buna bağımlı):
   2:7>"Buddy.Domain.csproj" projesinde "AfterBuild" hedefini oluşturma tamamlandı.
   2:7>"c:\Users\ilhan\source\repos\StudyBuddy\StudyBuddy\Buddy.Domain\Buddy.Domain.csproj" projesinin "C:\Program Files\dotnet\sdk\10.0.200-preview.0.26103.119\Microsoft.Common.CurrentVersion.targets" dosyasındaki "Build" hedefi (giriş noktası):
   2:7>"Buddy.Domain.csproj" projesinde "Build" hedefini oluşturma tamamlandı.
   2:7>"c:\Users\ilhan\source\repos\StudyBuddy\StudyBuddy\Buddy.Domain\Buddy.Domain.csproj" projesinin "C:\Program Files\dotnet\sdk\10.0.200-preview.0.26103.119\Containers\build\Microsoft.NET.Build.Containers.targets" dosyasındaki "_CheckContainersPackage" hedefi (giriş noktası):
   2:7>"Buddy.Domain.csproj" projesinde "_CheckContainersPackage" hedefini oluşturma tamamlandı.
   2:7>"c:\Users\ilhan\source\repos\StudyBuddy\StudyBuddy\Buddy.Domain\Buddy.Domain.csproj" Projesini Oluşturma İşlemi Tamamlandı (varsayılan hedefler).
   1:7>"MSBuild" görevini yürütme tamamlandı.
       "MSBuild" görevi
         "..\Buddy.Domain\Buddy.Domain.csproj" projesinin Özellikleri kaldırılıyor:
           TargetFramework
           RuntimeIdentifier
           SelfContained
   1:7>"c:\Users\ilhan\source\repos\StudyBuddy\StudyBuddy\Buddy.Application\Buddy.Application.csproj" projesi (1:7) 1 düğümünde "c:\Users\ilhan\source\repos\StudyBuddy\StudyBuddy\Buddy.Domain\Buddy.Domain.csproj" (2:8) oluşturuyor (GetNativeManifest hedef).
   2:8>"c:\Users\ilhan\source\repos\StudyBuddy\StudyBuddy\Buddy.Domain\Buddy.Domain.csproj" projesinin "C:\Program Files\dotnet\sdk\10.0.200-preview.0.26103.119\Microsoft.Common.CurrentVersion.targets" dosyasındaki "GetNativeManifest" hedefi (giriş noktası):
   2:8>"Buddy.Domain.csproj" projesinde "GetNativeManifest" hedefini oluşturma tamamlandı.
   2:8>"c:\Users\ilhan\source\repos\StudyBuddy\StudyBuddy\Buddy.Domain\Buddy.Domain.csproj" Projesini Oluşturma İşlemi Tamamlandı (GetNativeManifest hedef).
   1:7>"MSBuild" görevini yürütme tamamlandı.
   1:7>"Buddy.Application.csproj" projesinde "ResolveProjectReferences" hedefini oluşturma tamamlandı.
       "ResolveProjectReferences" hedefi atlandı. Önceden başarılı bir şekilde derlenmişti.
       "GetFrameworkPaths" hedefi atlandı. Önceden başarılı bir şekilde derlenmişti.
       "GetReferenceAssemblyPaths" hedefi atlandı. Önceden başarılı bir şekilde derlenmişti.
       "PrepareForBuild" hedefi atlandı. Önceden başarılı bir şekilde derlenmişti.
   1:7>"c:\Users\ilhan\source\repos\StudyBuddy\StudyBuddy\Buddy.Application\Buddy.Application.csproj" projesinin "C:\Program Files\dotnet\sdk\10.0.200-preview.0.26103.119\Microsoft.Common.CurrentVersion.targets" dosyasındaki "ResolveSDKReferences" hedefi ("ResolveAssemblyReferences" hedefi buna bağımlı):
   1:7>"Buddy.Application.csproj" projesinde "ResolveSDKReferences" hedefini oluşturma tamamlandı.
       "ResolveSDKReferences" hedefi atlandı. Önceden başarılı bir şekilde derlenmişti.
   1:7>"c:\Users\ilhan\source\repos\StudyBuddy\StudyBuddy\Buddy.Application\Buddy.Application.csproj" projesinin "C:\Program Files\dotnet\sdk\10.0.200-preview.0.26103.119\Microsoft.Common.CurrentVersion.targets" dosyasındaki "ExpandSDKReferences" hedefi ("ResolveAssemblyReferences" hedefi buna bağımlı):
   1:7>"Buddy.Application.csproj" projesinde "ExpandSDKReferences" hedefini oluşturma tamamlandı.
       "ResolvePackageDependenciesForBuild" hedefi atlandı. Önceden başarılı bir şekilde derlenmişti.
       "GetFrameworkPaths" hedefi atlandı. Önceden başarılı bir şekilde derlenmişti.
       "GetReferenceAssemblyPaths" hedefi atlandı. Önceden başarılı bir şekilde derlenmişti.
       "ProcessFrameworkReferences" hedefi atlandı. Önceden başarılı bir şekilde derlenmişti.
       "ResolvePackageAssets" hedefi atlandı. Önceden başarılı bir şekilde derlenmişti.
   1:7>"c:\Users\ilhan\source\repos\StudyBuddy\StudyBuddy\Buddy.Application\Buddy.Application.csproj" projesinin "C:\Program Files\dotnet\sdk\10.0.200-preview.0.26103.119\Sdks\Microsoft.NET.Sdk\targets\Microsoft.NET.Sdk.FrameworkReferenceResolution.targets" dosyasındaki "ResolveFrameworkReferences" hedefi ("ResolveTargetingPackAssets" hedefi buna bağımlı):
       "C:\Program Files\dotnet\sdk\10.0.200-preview.0.26103.119\Sdks\Microsoft.NET.Sdk\targets\..\tools\net10.0\Microsoft.NET.Build.Tasks.dll" derlemesindeki "GetPackageDirectory" görevi kullanılıyor.
       "GetPackageDirectory" görevi
       "GetPackageDirectory" görevini yürütme tamamlandı.
       "GetPackageDirectory" görevi
       "GetPackageDirectory" görevini yürütme tamamlandı.
       "GetPackageDirectory" görevi
       "GetPackageDirectory" görevini yürütme tamamlandı.
       "GetPackageDirectory" görevi
       "GetPackageDirectory" görevini yürütme tamamlandı.
       "GetPackageDirectory" görevi
       "GetPackageDirectory" görevini yürütme tamamlandı.
       "GetPackageDirectory" görevi
       "GetPackageDirectory" görevini yürütme tamamlandı.
       "GetPackageDirectory" görevi
       "GetPackageDirectory" görevini yürütme tamamlandı.
       "GetPackageDirectory" görevi
       "GetPackageDirectory" görevini yürütme tamamlandı.
       "GetPackageDirectory" görevi
       "GetPackageDirectory" görevini yürütme tamamlandı.
       "GetPackageDirectory" görevi
       "GetPackageDirectory" görevini yürütme tamamlandı.
       "C:\Program Files\dotnet\sdk\10.0.200-preview.0.26103.119\Sdks\Microsoft.NET.Sdk\targets\..\tools\net10.0\Microsoft.NET.Build.Tasks.dll" derlemesindeki "ResolveFrameworkReferences" görevi kullanılıyor.
       "ResolveFrameworkReferences" görevi
       "ResolveFrameworkReferences" görevini yürütme tamamlandı.
   1:7>"Buddy.Application.csproj" projesinde "ResolveFrameworkReferences" hedefini oluşturma tamamlandı.
   1:7>"c:\Users\ilhan\source\repos\StudyBuddy\StudyBuddy\Buddy.Application\Buddy.Application.csproj" projesinin "C:\Program Files\dotnet\sdk\10.0.200-preview.0.26103.119\Sdks\Microsoft.NET.Sdk\targets\Microsoft.NET.Sdk.FrameworkReferenceResolution.targets" dosyasındaki "ResolveTargetingPackAssets" hedefi ("_HandlePackageFileConflicts" hedefi buna bağımlı):
       "C:\Program Files\dotnet\sdk\10.0.200-preview.0.26103.119\Sdks\Microsoft.NET.Sdk\targets\..\tools\net10.0\Microsoft.NET.Build.Tasks.dll" derlemesindeki "ResolveTargetingPackAssets" görevi kullanılıyor.
       "ResolveTargetingPackAssets" görevi
       "ResolveTargetingPackAssets" görevini yürütme tamamlandı.
   1:7>"Buddy.Application.csproj" projesinde "ResolveTargetingPackAssets" hedefini oluşturma tamamlandı.
   1:7>"c:\Users\ilhan\source\repos\StudyBuddy\StudyBuddy\Buddy.Application\Buddy.Application.csproj" projesinin "C:\Program Files\dotnet\sdk\10.0.200-preview.0.26103.119\Sdks\Microsoft.NET.Sdk\targets\Microsoft.NET.Sdk.FrameworkReferenceResolution.targets" dosyasındaki "ResolveOffByDefaultAnalyzers" hedefi ("_HandlePackageFileConflicts" hedefi buna bağımlı):
   1:7>"Buddy.Application.csproj" projesinde "ResolveOffByDefaultAnalyzers" hedefini oluşturma tamamlandı.
   1:7>"c:\Users\ilhan\source\repos\StudyBuddy\StudyBuddy\Buddy.Application\Buddy.Application.csproj" projesinin "C:\Program Files\dotnet\sdk\10.0.200-preview.0.26103.119\Sdks\Microsoft.NET.Sdk\targets\Microsoft.NET.ConflictResolution.targets" dosyasındaki "_HandlePackageFileConflicts" hedefi ("ResolveAssemblyReferences" hedefi buna bağımlı):
       "C:\Program Files\dotnet\sdk\10.0.200-preview.0.26103.119\Sdks\Microsoft.NET.Sdk\targets\..\tools\net10.0\Microsoft.NET.Build.Tasks.dll" derlemesindeki "ResolvePackageFileConflicts" görevi kullanılıyor.
       "ResolvePackageFileConflicts" görevi
         'Platform:mscorlib.dll' ile 'Platform:mscorlib.dll' arasında çakışmayla karşılaşıldı. Eşit dosya ve bütünleştirilmiş kod sürümleri nedeniyle kazanan belirlenemedi.
         'Platform:Microsoft.VisualBasic.dll' ile 'Platform:Microsoft.VisualBasic.dll' arasında çakışmayla karşılaşıldı. Eşit dosya ve bütünleştirilmiş kod sürümleri nedeniyle kazanan belirlenemedi.
         'Platform:System.dll' ile 'Platform:System.dll' arasında çakışmayla karşılaşıldı. Eşit dosya ve bütünleştirilmiş kod sürümleri nedeniyle kazanan belirlenemedi.
         'Platform:System.ComponentModel.DataAnnotations.dll' ile 'Platform:System.ComponentModel.DataAnnotations.dll' arasında çakışmayla karşılaşıldı. Eşit dosya ve bütünleştirilmiş kod sürümleri nedeniyle kazanan belirlenemedi.
         'Platform:System.Configuration.dll' ile 'Platform:System.Configuration.dll' arasında çakışmayla karşılaşıldı. Eşit dosya ve bütünleştirilmiş kod sürümleri nedeniyle kazanan belirlenemedi.
         'Platform:System.Core.dll' ile 'Platform:System.Core.dll' arasında çakışmayla karşılaşıldı. Eşit dosya ve bütünleştirilmiş kod sürümleri nedeniyle kazanan belirlenemedi.
         'Platform:System.Data.dll' ile 'Platform:System.Data.dll' arasında çakışmayla karşılaşıldı. Eşit dosya ve bütünleştirilmiş kod sürümleri nedeniyle kazanan belirlenemedi.
         'Platform:System.Drawing.dll' ile 'Platform:System.Drawing.dll' arasında çakışmayla karşılaşıldı. Eşit dosya ve bütünleştirilmiş kod sürümleri nedeniyle kazanan belirlenemedi.
         'Platform:System.IO.Compression.FileSystem.dll' ile 'Platform:System.IO.Compression.FileSystem.dll' arasında çakışmayla karşılaşıldı. Eşit dosya ve bütünleştirilmiş kod sürümleri nedeniyle kazanan belirlenemedi.
         'Platform:System.Net.dll' ile 'Platform:System.Net.dll' arasında çakışmayla karşılaşıldı. Eşit dosya ve bütünleştirilmiş kod sürümleri nedeniyle kazanan belirlenemedi.
         'Platform:System.Numerics.dll' ile 'Platform:System.Numerics.dll' arasında çakışmayla karşılaşıldı. Eşit dosya ve bütünleştirilmiş kod sürümleri nedeniyle kazanan belirlenemedi.
         'Platform:System.Runtime.Serialization.dll' ile 'Platform:System.Runtime.Serialization.dll' arasında çakışmayla karşılaşıldı. Eşit dosya ve bütünleştirilmiş kod sürümleri nedeniyle kazanan belirlenemedi.
         'Platform:System.Security.dll' ile 'Platform:System.Security.dll' arasında çakışmayla karşılaşıldı. Eşit dosya ve bütünleştirilmiş kod sürümleri nedeniyle kazanan belirlenemedi.
         'Platform:System.ServiceProcess.dll' ile 'Platform:System.ServiceProcess.dll' arasında çakışmayla karşılaşıldı. Eşit dosya ve bütünleştirilmiş kod sürümleri nedeniyle kazanan belirlenemedi.
         'Platform:System.ServiceModel.Web.dll' ile 'Platform:System.ServiceModel.Web.dll' arasında çakışmayla karşılaşıldı. Eşit dosya ve bütünleştirilmiş kod sürümleri nedeniyle kazanan belirlenemedi.
         'Platform:System.Transactions.dll' ile 'Platform:System.Transactions.dll' arasında çakışmayla karşılaşıldı. Eşit dosya ve bütünleştirilmiş kod sürümleri nedeniyle kazanan belirlenemedi.
         'Platform:System.Web.dll' ile 'Platform:System.Web.dll' arasında çakışmayla karşılaşıldı. Eşit dosya ve bütünleştirilmiş kod sürümleri nedeniyle kazanan belirlenemedi.
         'Platform:System.Windows.dll' ile 'Platform:System.Windows.dll' arasında çakışmayla karşılaşıldı. Eşit dosya ve bütünleştirilmiş kod sürümleri nedeniyle kazanan belirlenemedi.
         'Platform:System.Xml.dll' ile 'Platform:System.Xml.dll' arasında çakışmayla karşılaşıldı. Eşit dosya ve bütünleştirilmiş kod sürümleri nedeniyle kazanan belirlenemedi.
         'Platform:System.Xml.Serialization.dll' ile 'Platform:System.Xml.Serialization.dll' arasında çakışmayla karşılaşıldı. Eşit dosya ve bütünleştirilmiş kod sürümleri nedeniyle kazanan belirlenemedi.
         'Platform:System.Xml.Linq.dll' ile 'Platform:System.Xml.Linq.dll' arasında çakışmayla karşılaşıldı. Eşit dosya ve bütünleştirilmiş kod sürümleri nedeniyle kazanan belirlenemedi.
         'Platform:WindowsBase.dll' ile 'Platform:WindowsBase.dll' arasında çakışmayla karşılaşıldı. Eşit dosya ve bütünleştirilmiş kod sürümleri nedeniyle kazanan belirlenemedi.
         'Platform:netstandard.dll' ile 'Platform:netstandard.dll' arasında çakışmayla karşılaşıldı. Eşit dosya ve bütünleştirilmiş kod sürümleri nedeniyle kazanan belirlenemedi.
         'Platform:System.Private.CoreLib.dll' ile 'Platform:System.Private.CoreLib.dll' arasında çakışmayla karşılaşıldı. Eşit dosya ve bütünleştirilmiş kod sürümleri nedeniyle kazanan belirlenemedi.
         'Platform:System.Private.DataContractSerialization.dll' ile 'Platform:System.Private.DataContractSerialization.dll' arasında çakışmayla karşılaşıldı. Eşit dosya ve bütünleştirilmiş kod sürümleri nedeniyle kazanan belirlenemedi.
         'Platform:System.Private.Uri.dll' ile 'Platform:System.Private.Uri.dll' arasında çakışmayla karşılaşıldı. Eşit dosya ve bütünleştirilmiş kod sürümleri nedeniyle kazanan belirlenemedi.
         'Platform:System.Private.Xml.dll' ile 'Platform:System.Private.Xml.dll' arasında çakışmayla karşılaşıldı. Eşit dosya ve bütünleştirilmiş kod sürümleri nedeniyle kazanan belirlenemedi.
         'Platform:System.Private.Xml.Linq.dll' ile 'Platform:System.Private.Xml.Linq.dll' arasında çakışmayla karşılaşıldı. Eşit dosya ve bütünleştirilmiş kod sürümleri nedeniyle kazanan belirlenemedi.
         'Platform:mscordaccore_amd64_amd64_10.0.225.61305.dll' ile 'Platform:mscordaccore_amd64_amd64_10.0.225.61305.dll' arasında çakışmayla karşılaşıldı. Eşit dosya ve bütünleştirilmiş kod sürümleri nedeniyle kazanan belirlenemedi.
       "ResolvePackageFileConflicts" görevini yürütme tamamlandı.
   1:7>"Buddy.Application.csproj" projesinde "_HandlePackageFileConflicts" hedefini oluşturma tamamlandı.
       "ResolveTargetingPackAssets" hedefi atlandı. Önceden başarılı bir şekilde derlenmişti.
   1:7>"c:\Users\ilhan\source\repos\StudyBuddy\StudyBuddy\Buddy.Application\Buddy.Application.csproj" projesinin "C:\Program Files\dotnet\sdk\10.0.200-preview.0.26103.119\Microsoft.Common.CurrentVersion.targets" dosyasındaki "ResolveAssemblyReferences" hedefi ("ResolveReferences" hedefi buna bağımlı):
       "ResolveAssemblyReference" görevi
         TargetFrameworkMoniker:
             .NETCoreApp,Version=v10.0
         TargetFrameworkMonikerDisplayName:
             .NET 10.0
         TargetedRuntimeVersion:
             
         Assemblies:
             C:\Users\ilhan\.nuget\packages\bcrypt.net-next\4.0.3\lib\net6.0\BCrypt.Net-Next.dll
                 Private = 'false'
                 HintPath = 'C:\Users\ilhan\.nuget\packages\bcrypt.net-next\4.0.3\lib\net6.0\BCrypt.Net-Next.dll'
             C:\Users\ilhan\.nuget\packages\fluentvalidation\12.1.1\lib\net8.0\FluentValidation.dll
                 Private = 'false'
                 HintPath = 'C:\Users\ilhan\.nuget\packages\fluentvalidation\12.1.1\lib\net8.0\FluentValidation.dll'
             C:\Users\ilhan\.nuget\packages\fluentvalidation.dependencyinjectionextensions\12.1.1\lib\net8.0\FluentValidation.DependencyInjectionExtensions.dll
                 Private = 'false'
                 HintPath = 'C:\Users\ilhan\.nuget\packages\fluentvalidation.dependencyinjectionextensions\12.1.1\lib\net8.0\FluentValidation.DependencyInjectionExtensions.dll'
             C:\Users\ilhan\.nuget\packages\mediatr\12.4.1\lib\net6.0\MediatR.dll
                 Private = 'false'
                 HintPath = 'C:\Users\ilhan\.nuget\packages\mediatr\12.4.1\lib\net6.0\MediatR.dll'
             C:\Users\ilhan\.nuget\packages\mediatr.contracts\2.0.1\lib\netstandard2.0\MediatR.Contracts.dll
                 Private = 'false'
                 HintPath = 'C:\Users\ilhan\.nuget\packages\mediatr.contracts\2.0.1\lib\netstandard2.0\MediatR.Contracts.dll'
             C:\Users\ilhan\.nuget\packages\microsoft.entityframeworkcore\10.0.0\lib\net10.0\Microsoft.EntityFrameworkCore.dll
                 Private = 'false'
                 HintPath = 'C:\Users\ilhan\.nuget\packages\microsoft.entityframeworkcore\10.0.0\lib\net10.0\Microsoft.EntityFrameworkCore.dll'
             C:\Users\ilhan\.nuget\packages\microsoft.entityframeworkcore.abstractions\10.0.0\lib\net10.0\Microsoft.EntityFrameworkCore.Abstractions.dll
                 Private = 'false'
                 HintPath = 'C:\Users\ilhan\.nuget\packages\microsoft.entityframeworkcore.abstractions\10.0.0\lib\net10.0\Microsoft.EntityFrameworkCore.Abstractions.dll'
             C:\Users\ilhan\.nuget\packages\microsoft.extensions.caching.abstractions\10.0.0\lib\net10.0\Microsoft.Extensions.Caching.Abstractions.dll
                 Private = 'false'
                 HintPath = 'C:\Users\ilhan\.nuget\packages\microsoft.extensions.caching.abstractions\10.0.0\lib\net10.0\Microsoft.Extensions.Caching.Abstractions.dll'
             C:\Users\ilhan\.nuget\packages\microsoft.extensions.caching.memory\10.0.0\lib\net10.0\Microsoft.Extensions.Caching.Memory.dll
                 Private = 'false'
                 HintPath = 'C:\Users\ilhan\.nuget\packages\microsoft.extensions.caching.memory\10.0.0\lib\net10.0\Microsoft.Extensions.Caching.Memory.dll'
             C:\Users\ilhan\.nuget\packages\microsoft.extensions.dependencyinjection\10.0.0\lib\net10.0\Microsoft.Extensions.DependencyInjection.dll
                 Private = 'false'
                 HintPath = 'C:\Users\ilhan\.nuget\packages\microsoft.extensions.dependencyinjection\10.0.0\lib\net10.0\Microsoft.Extensions.DependencyInjection.dll'
             C:\Users\ilhan\.nuget\packages\microsoft.extensions.dependencyinjection.abstractions\10.0.0\lib\net10.0\Microsoft.Extensions.DependencyInjection.Abstractions.dll
                 Private = 'false'
                 HintPath = 'C:\Users\ilhan\.nuget\packages\microsoft.extensions.dependencyinjection.abstractions\10.0.0\lib\net10.0\Microsoft.Extensions.DependencyInjection.Abstractions.dll'
             C:\Users\ilhan\.nuget\packages\microsoft.extensions.logging\10.0.0\lib\net10.0\Microsoft.Extensions.Logging.dll
                 Private = 'false'
                 HintPath = 'C:\Users\ilhan\.nuget\packages\microsoft.extensions.logging\10.0.0\lib\net10.0\Microsoft.Extensions.Logging.dll'
             C:\Users\ilhan\.nuget\packages\microsoft.extensions.logging.abstractions\10.0.0\lib\net10.0\Microsoft.Extensions.Logging.Abstractions.dll
                 Private = 'false'
                 HintPath = 'C:\Users\ilhan\.nuget\packages\microsoft.extensions.logging.abstractions\10.0.0\lib\net10.0\Microsoft.Extensions.Logging.Abstractions.dll'
             C:\Users\ilhan\.nuget\packages\microsoft.extensions.options\10.0.0\lib\net10.0\Microsoft.Extensions.Options.dll
                 Private = 'false'
                 HintPath = 'C:\Users\ilhan\.nuget\packages\microsoft.extensions.options\10.0.0\lib\net10.0\Microsoft.Extensions.Options.dll'
             C:\Users\ilhan\.nuget\packages\microsoft.extensions.primitives\10.0.0\lib\net10.0\Microsoft.Extensions.Primitives.dll
                 Private = 'false'
                 HintPath = 'C:\Users\ilhan\.nuget\packages\microsoft.extensions.primitives\10.0.0\lib\net10.0\Microsoft.Extensions.Primitives.dll'
             C:\Program Files\dotnet\packs\Microsoft.NETCore.App.Ref\10.0.2\ref/net10.0/Microsoft.CSharp.dll
                 Private = 'false'
             C:\Program Files\dotnet\packs\Microsoft.NETCore.App.Ref\10.0.2\ref/net10.0/Microsoft.VisualBasic.Core.dll
                 Private = 'false'
             C:\Program Files\dotnet\packs\Microsoft.NETCore.App.Ref\10.0.2\ref/net10.0/Microsoft.VisualBasic.dll
                 Private = 'false'
             C:\Program Files\dotnet\packs\Microsoft.NETCore.App.Ref\10.0.2\ref/net10.0/Microsoft.Win32.Primitives.dll
                 Private = 'false'
             C:\Program Files\dotnet\packs\Microsoft.NETCore.App.Ref\10.0.2\ref/net10.0/Microsoft.Win32.Registry.dll
                 Private = 'false'
             C:\Program Files\dotnet\packs\Microsoft.NETCore.App.Ref\10.0.2\ref/net10.0/System.AppContext.dll
                 Private = 'false'
             C:\Program Files\dotnet\packs\Microsoft.NETCore.App.Ref\10.0.2\ref/net10.0/System.Buffers.dll
                 Private = 'false'
             C:\Program Files\dotnet\packs\Microsoft.NETCore.App.Ref\10.0.2\ref/net10.0/System.Collections.Concurrent.dll
                 Private = 'false'
             C:\Program Files\dotnet\packs\Microsoft.NETCore.App.Ref\10.0.2\ref/net10.0/System.Collections.Immutable.dll
                 Private = 'false'
             C:\Program Files\dotnet\packs\Microsoft.NETCore.App.Ref\10.0.2\ref/net10.0/System.Collections.NonGeneric.dll
                 Private = 'false'
             C:\Program Files\dotnet\packs\Microsoft.NETCore.App.Ref\10.0.2\ref/net10.0/System.Collections.Specialized.dll
                 Private = 'false'
             C:\Program Files\dotnet\packs\Microsoft.NETCore.App.Ref\10.0.2\ref/net10.0/System.Collections.dll
                 Private = 'false'
             C:\Program Files\dotnet\packs\Microsoft.NETCore.App.Ref\10.0.2\ref/net10.0/System.ComponentModel.Annotations.dll
                 Private = 'false'
             C:\Program Files\dotnet\packs\Microsoft.NETCore.App.Ref\10.0.2\ref/net10.0/System.ComponentModel.DataAnnotations.dll
                 Private = 'false'
             C:\Program Files\dotnet\packs\Microsoft.NETCore.App.Ref\10.0.2\ref/net10.0/System.ComponentModel.EventBasedAsync.dll
                 Private = 'false'
             C:\Program Files\dotnet\packs\Microsoft.NETCore.App.Ref\10.0.2\ref/net10.0/System.ComponentModel.Primitives.dll
                 Private = 'false'
             C:\Program Files\dotnet\packs\Microsoft.NETCore.App.Ref\10.0.2\ref/net10.0/System.ComponentModel.TypeConverter.dll
                 Private = 'false'
             C:\Program Files\dotnet\packs\Microsoft.NETCore.App.Ref\10.0.2\ref/net10.0/System.ComponentModel.dll
                 Private = 'false'
             C:\Program Files\dotnet\packs\Microsoft.NETCore.App.Ref\10.0.2\ref/net10.0/System.Configuration.dll
                 Private = 'false'
             C:\Program Files\dotnet\packs\Microsoft.NETCore.App.Ref\10.0.2\ref/net10.0/System.Console.dll
                 Private = 'false'
             C:\Program Files\dotnet\packs\Microsoft.NETCore.App.Ref\10.0.2\ref/net10.0/System.Core.dll
                 Private = 'false'
             C:\Program Files\dotnet\packs\Microsoft.NETCore.App.Ref\10.0.2\ref/net10.0/System.Data.Common.dll
                 Private = 'false'
             C:\Program Files\dotnet\packs\Microsoft.NETCore.App.Ref\10.0.2\ref/net10.0/System.Data.DataSetExtensions.dll
                 Private = 'false'
             C:\Program Files\dotnet\packs\Microsoft.NETCore.App.Ref\10.0.2\ref/net10.0/System.Data.dll
                 Private = 'false'
             C:\Program Files\dotnet\packs\Microsoft.NETCore.App.Ref\10.0.2\ref/net10.0/System.Diagnostics.Contracts.dll
                 Private = 'false'
             C:\Program Files\dotnet\packs\Microsoft.NETCore.App.Ref\10.0.2\ref/net10.0/System.Diagnostics.Debug.dll
                 Private = 'false'
             C:\Program Files\dotnet\packs\Microsoft.NETCore.App.Ref\10.0.2\ref/net10.0/System.Diagnostics.DiagnosticSource.dll
                 Private = 'false'
             C:\Program Files\dotnet\packs\Microsoft.NETCore.App.Ref\10.0.2\ref/net10.0/System.Diagnostics.FileVersionInfo.dll
                 Private = 'false'
             C:\Program Files\dotnet\packs\Microsoft.NETCore.App.Ref\10.0.2\ref/net10.0/System.Diagnostics.Process.dll
                 Private = 'false'
             C:\Program Files\dotnet\packs\Microsoft.NETCore.App.Ref\10.0.2\ref/net10.0/System.Diagnostics.StackTrace.dll
                 Private = 'false'
             C:\Program Files\dotnet\packs\Microsoft.NETCore.App.Ref\10.0.2\ref/net10.0/System.Diagnostics.TextWriterTraceListener.dll
                 Private = 'false'
             C:\Program Files\dotnet\packs\Microsoft.NETCore.App.Ref\10.0.2\ref/net10.0/System.Diagnostics.Tools.dll
                 Private = 'false'
             C:\Program Files\dotnet\packs\Microsoft.NETCore.App.Ref\10.0.2\ref/net10.0/System.Diagnostics.TraceSource.dll
                 Private = 'false'
             C:\Program Files\dotnet\packs\Microsoft.NETCore.App.Ref\10.0.2\ref/net10.0/System.Diagnostics.Tracing.dll
                 Private = 'false'
             C:\Program Files\dotnet\packs\Microsoft.NETCore.App.Ref\10.0.2\ref/net10.0/System.Drawing.Primitives.dll
                 Private = 'false'
             C:\Program Files\dotnet\packs\Microsoft.NETCore.App.Ref\10.0.2\ref/net10.0/System.Drawing.dll
                 Private = 'false'
             C:\Program Files\dotnet\packs\Microsoft.NETCore.App.Ref\10.0.2\ref/net10.0/System.Dynamic.Runtime.dll
                 Private = 'false'
             C:\Program Files\dotnet\packs\Microsoft.NETCore.App.Ref\10.0.2\ref/net10.0/System.Formats.Asn1.dll
                 Private = 'false'
             C:\Program Files\dotnet\packs\Microsoft.NETCore.App.Ref\10.0.2\ref/net10.0/System.Formats.Tar.dll
                 Private = 'false'
             C:\Program Files\dotnet\packs\Microsoft.NETCore.App.Ref\10.0.2\ref/net10.0/System.Globalization.Calendars.dll
                 Private = 'false'
             C:\Program Files\dotnet\packs\Microsoft.NETCore.App.Ref\10.0.2\ref/net10.0/System.Globalization.Extensions.dll
                 Private = 'false'
             C:\Program Files\dotnet\packs\Microsoft.NETCore.App.Ref\10.0.2\ref/net10.0/System.Globalization.dll
                 Private = 'false'
             C:\Program Files\dotnet\packs\Microsoft.NETCore.App.Ref\10.0.2\ref/net10.0/System.IO.Compression.Brotli.dll
                 Private = 'false'
             C:\Program Files\dotnet\packs\Microsoft.NETCore.App.Ref\10.0.2\ref/net10.0/System.IO.Compression.FileSystem.dll
                 Private = 'false'
             C:\Program Files\dotnet\packs\Microsoft.NETCore.App.Ref\10.0.2\ref/net10.0/System.IO.Compression.ZipFile.dll
                 Private = 'false'
             C:\Program Files\dotnet\packs\Microsoft.NETCore.App.Ref\10.0.2\ref/net10.0/System.IO.Compression.dll
                 Private = 'false'
             C:\Program Files\dotnet\packs\Microsoft.NETCore.App.Ref\10.0.2\ref/net10.0/System.IO.FileSystem.AccessControl.dll
                 Private = 'false'
             C:\Program Files\dotnet\packs\Microsoft.NETCore.App.Ref\10.0.2\ref/net10.0/System.IO.FileSystem.DriveInfo.dll
                 Private = 'false'
             C:\Program Files\dotnet\packs\Microsoft.NETCore.App.Ref\10.0.2\ref/net10.0/System.IO.FileSystem.Primitives.dll
                 Private = 'false'
             C:\Program Files\dotnet\packs\Microsoft.NETCore.App.Ref\10.0.2\ref/net10.0/System.IO.FileSystem.Watcher.dll
                 Private = 'false'
             C:\Program Files\dotnet\packs\Microsoft.NETCore.App.Ref\10.0.2\ref/net10.0/System.IO.FileSystem.dll
                 Private = 'false'
             C:\Program Files\dotnet\packs\Microsoft.NETCore.App.Ref\10.0.2\ref/net10.0/System.IO.IsolatedStorage.dll
                 Private = 'false'
             C:\Program Files\dotnet\packs\Microsoft.NETCore.App.Ref\10.0.2\ref/net10.0/System.IO.MemoryMappedFiles.dll
                 Private = 'false'
             C:\Program Files\dotnet\packs\Microsoft.NETCore.App.Ref\10.0.2\ref/net10.0/System.IO.Pipelines.dll
                 Private = 'false'
             C:\Program Files\dotnet\packs\Microsoft.NETCore.App.Ref\10.0.2\ref/net10.0/System.IO.Pipes.AccessControl.dll
                 Private = 'false'
             C:\Program Files\dotnet\packs\Microsoft.NETCore.App.Ref\10.0.2\ref/net10.0/System.IO.Pipes.dll
                 Private = 'false'
             C:\Program Files\dotnet\packs\Microsoft.NETCore.App.Ref\10.0.2\ref/net10.0/System.IO.UnmanagedMemoryStream.dll
                 Private = 'false'
             C:\Program Files\dotnet\packs\Microsoft.NETCore.App.Ref\10.0.2\ref/net10.0/System.IO.dll
                 Private = 'false'
             C:\Program Files\dotnet\packs\Microsoft.NETCore.App.Ref\10.0.2\ref/net10.0/System.Linq.AsyncEnumerable.dll
                 Private = 'false'
             C:\Program Files\dotnet\packs\Microsoft.NETCore.App.Ref\10.0.2\ref/net10.0/System.Linq.Expressions.dll
                 Private = 'false'
             C:\Program Files\dotnet\packs\Microsoft.NETCore.App.Ref\10.0.2\ref/net10.0/System.Linq.Parallel.dll
                 Private = 'false'
             C:\Program Files\dotnet\packs\Microsoft.NETCore.App.Ref\10.0.2\ref/net10.0/System.Linq.Queryable.dll
                 Private = 'false'
             C:\Program Files\dotnet\packs\Microsoft.NETCore.App.Ref\10.0.2\ref/net10.0/System.Linq.dll
                 Private = 'false'
             C:\Program Files\dotnet\packs\Microsoft.NETCore.App.Ref\10.0.2\ref/net10.0/System.Memory.dll
                 Private = 'false'
             C:\Program Files\dotnet\packs\Microsoft.NETCore.App.Ref\10.0.2\ref/net10.0/System.Net.Http.Json.dll
                 Private = 'false'
             C:\Program Files\dotnet\packs\Microsoft.NETCore.App.Ref\10.0.2\ref/net10.0/System.Net.Http.dll
                 Private = 'false'
             C:\Program Files\dotnet\packs\Microsoft.NETCore.App.Ref\10.0.2\ref/net10.0/System.Net.HttpListener.dll
                 Private = 'false'
             C:\Program Files\dotnet\packs\Microsoft.NETCore.App.Ref\10.0.2\ref/net10.0/System.Net.Mail.dll
                 Private = 'false'
             C:\Program Files\dotnet\packs\Microsoft.NETCore.App.Ref\10.0.2\ref/net10.0/System.Net.NameResolution.dll
                 Private = 'false'
             C:\Program Files\dotnet\packs\Microsoft.NETCore.App.Ref\10.0.2\ref/net10.0/System.Net.NetworkInformation.dll
                 Private = 'false'
             C:\Program Files\dotnet\packs\Microsoft.NETCore.App.Ref\10.0.2\ref/net10.0/System.Net.Ping.dll
                 Private = 'false'
             C:\Program Files\dotnet\packs\Microsoft.NETCore.App.Ref\10.0.2\ref/net10.0/System.Net.Primitives.dll
                 Private = 'false'
             C:\Program Files\dotnet\packs\Microsoft.NETCore.App.Ref\10.0.2\ref/net10.0/System.Net.Quic.dll
                 Private = 'false'
             C:\Program Files\dotnet\packs\Microsoft.NETCore.App.Ref\10.0.2\ref/net10.0/System.Net.Requests.dll
                 Private = 'false'
             C:\Program Files\dotnet\packs\Microsoft.NETCore.App.Ref\10.0.2\ref/net10.0/System.Net.Security.dll
                 Private = 'false'
             C:\Program Files\dotnet\packs\Microsoft.NETCore.App.Ref\10.0.2\ref/net10.0/System.Net.ServerSentEvents.dll
                 Private = 'false'
             C:\Program Files\dotnet\packs\Microsoft.NETCore.App.Ref\10.0.2\ref/net10.0/System.Net.ServicePoint.dll
                 Private = 'false'
             C:\Program Files\dotnet\packs\Microsoft.NETCore.App.Ref\10.0.2\ref/net10.0/System.Net.Sockets.dll
                 Private = 'false'
             C:\Program Files\dotnet\packs\Microsoft.NETCore.App.Ref\10.0.2\ref/net10.0/System.Net.WebClient.dll
                 Private = 'false'
             C:\Program Files\dotnet\packs\Microsoft.NETCore.App.Ref\10.0.2\ref/net10.0/System.Net.WebHeaderCollection.dll
                 Private = 'false'
             C:\Program Files\dotnet\packs\Microsoft.NETCore.App.Ref\10.0.2\ref/net10.0/System.Net.WebProxy.dll
                 Private = 'false'
             C:\Program Files\dotnet\packs\Microsoft.NETCore.App.Ref\10.0.2\ref/net10.0/System.Net.WebSockets.Client.dll
                 Private = 'false'
             C:\Program Files\dotnet\packs\Microsoft.NETCore.App.Ref\10.0.2\ref/net10.0/System.Net.WebSockets.dll
                 Private = 'false'
             C:\Program Files\dotnet\packs\Microsoft.NETCore.App.Ref\10.0.2\ref/net10.0/System.Net.dll
                 Private = 'false'
             C:\Program Files\dotnet\packs\Microsoft.NETCore.App.Ref\10.0.2\ref/net10.0/System.Numerics.Vectors.dll
                 Private = 'false'
             C:\Program Files\dotnet\packs\Microsoft.NETCore.App.Ref\10.0.2\ref/net10.0/System.Numerics.dll
                 Private = 'false'
             C:\Program Files\dotnet\packs\Microsoft.NETCore.App.Ref\10.0.2\ref/net10.0/System.ObjectModel.dll
                 Private = 'false'
             C:\Program Files\dotnet\packs\Microsoft.NETCore.App.Ref\10.0.2\ref/net10.0/System.Reflection.DispatchProxy.dll
                 Private = 'false'
             C:\Program Files\dotnet\packs\Microsoft.NETCore.App.Ref\10.0.2\ref/net10.0/System.Reflection.Emit.ILGeneration.dll
                 Private = 'false'
             C:\Program Files\dotnet\packs\Microsoft.NETCore.App.Ref\10.0.2\ref/net10.0/System.Reflection.Emit.Lightweight.dll
                 Private = 'false'
             C:\Program Files\dotnet\packs\Microsoft.NETCore.App.Ref\10.0.2\ref/net10.0/System.Reflection.Emit.dll
                 Private = 'false'
             C:\Program Files\dotnet\packs\Microsoft.NETCore.App.Ref\10.0.2\ref/net10.0/System.Reflection.Extensions.dll
                 Private = 'false'
             C:\Program Files\dotnet\packs\Microsoft.NETCore.App.Ref\10.0.2\ref/net10.0/System.Reflection.Metadata.dll
                 Private = 'false'
             C:\Program Files\dotnet\packs\Microsoft.NETCore.App.Ref\10.0.2\ref/net10.0/System.Reflection.Primitives.dll
                 Private = 'false'
             C:\Program Files\dotnet\packs\Microsoft.NETCore.App.Ref\10.0.2\ref/net10.0/System.Reflection.TypeExtensions.dll
                 Private = 'false'
             C:\Program Files\dotnet\packs\Microsoft.NETCore.App.Ref\10.0.2\ref/net10.0/System.Reflection.dll
                 Private = 'false'
             C:\Program Files\dotnet\packs\Microsoft.NETCore.App.Ref\10.0.2\ref/net10.0/System.Resources.Reader.dll
                 Private = 'false'
             C:\Program Files\dotnet\packs\Microsoft.NETCore.App.Ref\10.0.2\ref/net10.0/System.Resources.ResourceManager.dll
                 Private = 'false'
             C:\Program Files\dotnet\packs\Microsoft.NETCore.App.Ref\10.0.2\ref/net10.0/System.Resources.Writer.dll
                 Private = 'false'
             C:\Program Files\dotnet\packs\Microsoft.NETCore.App.Ref\10.0.2\ref/net10.0/System.Runtime.CompilerServices.Unsafe.dll
                 Private = 'false'
             C:\Program Files\dotnet\packs\Microsoft.NETCore.App.Ref\10.0.2\ref/net10.0/System.Runtime.CompilerServices.VisualC.dll
                 Private = 'false'
             C:\Program Files\dotnet\packs\Microsoft.NETCore.App.Ref\10.0.2\ref/net10.0/System.Runtime.Extensions.dll
                 Private = 'false'
             C:\Program Files\dotnet\packs\Microsoft.NETCore.App.Ref\10.0.2\ref/net10.0/System.Runtime.Handles.dll
                 Private = 'false'
             C:\Program Files\dotnet\packs\Microsoft.NETCore.App.Ref\10.0.2\ref/net10.0/System.Runtime.InteropServices.JavaScript.dll
                 Private = 'false'
             C:\Program Files\dotnet\packs\Microsoft.NETCore.App.Ref\10.0.2\ref/net10.0/System.Runtime.InteropServices.RuntimeInformation.dll
                 Private = 'false'
             C:\Program Files\dotnet\packs\Microsoft.NETCore.App.Ref\10.0.2\ref/net10.0/System.Runtime.InteropServices.dll
                 Private = 'false'
             C:\Program Files\dotnet\packs\Microsoft.NETCore.App.Ref\10.0.2\ref/net10.0/System.Runtime.Intrinsics.dll
                 Private = 'false'
             C:\Program Files\dotnet\packs\Microsoft.NETCore.App.Ref\10.0.2\ref/net10.0/System.Runtime.Loader.dll
                 Private = 'false'
             C:\Program Files\dotnet\packs\Microsoft.NETCore.App.Ref\10.0.2\ref/net10.0/System.Runtime.Numerics.dll
                 Private = 'false'
             C:\Program Files\dotnet\packs\Microsoft.NETCore.App.Ref\10.0.2\ref/net10.0/System.Runtime.Serialization.Formatters.dll
                 Private = 'false'
             C:\Program Files\dotnet\packs\Microsoft.NETCore.App.Ref\10.0.2\ref/net10.0/System.Runtime.Serialization.Json.dll
                 Private = 'false'
             C:\Program Files\dotnet\packs\Microsoft.NETCore.App.Ref\10.0.2\ref/net10.0/System.Runtime.Serialization.Primitives.dll
                 Private = 'false'
             C:\Program Files\dotnet\packs\Microsoft.NETCore.App.Ref\10.0.2\ref/net10.0/System.Runtime.Serialization.Xml.dll
                 Private = 'false'
             C:\Program Files\dotnet\packs\Microsoft.NETCore.App.Ref\10.0.2\ref/net10.0/System.Runtime.Serialization.dll
                 Private = 'false'
             C:\Program Files\dotnet\packs\Microsoft.NETCore.App.Ref\10.0.2\ref/net10.0/System.Runtime.dll
                 Private = 'false'
             C:\Program Files\dotnet\packs\Microsoft.NETCore.App.Ref\10.0.2\ref/net10.0/System.Security.AccessControl.dll
                 Private = 'false'
             C:\Program Files\dotnet\packs\Microsoft.NETCore.App.Ref\10.0.2\ref/net10.0/System.Security.Claims.dll
                 Private = 'false'
             C:\Program Files\dotnet\packs\Microsoft.NETCore.App.Ref\10.0.2\ref/net10.0/System.Security.Cryptography.Algorithms.dll
                 Private = 'false'
             C:\Program Files\dotnet\packs\Microsoft.NETCore.App.Ref\10.0.2\ref/net10.0/System.Security.Cryptography.Cng.dll
                 Private = 'false'
             C:\Program Files\dotnet\packs\Microsoft.NETCore.App.Ref\10.0.2\ref/net10.0/System.Security.Cryptography.Csp.dll
                 Private = 'false'
             C:\Program Files\dotnet\packs\Microsoft.NETCore.App.Ref\10.0.2\ref/net10.0/System.Security.Cryptography.Encoding.dll
                 Private = 'false'
             C:\Program Files\dotnet\packs\Microsoft.NETCore.App.Ref\10.0.2\ref/net10.0/System.Security.Cryptography.OpenSsl.dll
                 Private = 'false'
             C:\Program Files\dotnet\packs\Microsoft.NETCore.App.Ref\10.0.2\ref/net10.0/System.Security.Cryptography.Primitives.dll
                 Private = 'false'
             C:\Program Files\dotnet\packs\Microsoft.NETCore.App.Ref\10.0.2\ref/net10.0/System.Security.Cryptography.X509Certificates.dll
                 Private = 'false'
             C:\Program Files\dotnet\packs\Microsoft.NETCore.App.Ref\10.0.2\ref/net10.0/System.Security.Cryptography.dll
                 Private = 'false'
             C:\Program Files\dotnet\packs\Microsoft.NETCore.App.Ref\10.0.2\ref/net10.0/System.Security.Principal.Windows.dll
                 Private = 'false'
             C:\Program Files\dotnet\packs\Microsoft.NETCore.App.Ref\10.0.2\ref/net10.0/System.Security.Principal.dll
                 Private = 'false'
             C:\Program Files\dotnet\packs\Microsoft.NETCore.App.Ref\10.0.2\ref/net10.0/System.Security.SecureString.dll
                 Private = 'false'
             C:\Program Files\dotnet\packs\Microsoft.NETCore.App.Ref\10.0.2\ref/net10.0/System.Security.dll
                 Private = 'false'
             C:\Program Files\dotnet\packs\Microsoft.NETCore.App.Ref\10.0.2\ref/net10.0/System.ServiceModel.Web.dll
                 Private = 'false'
             C:\Program Files\dotnet\packs\Microsoft.NETCore.App.Ref\10.0.2\ref/net10.0/System.ServiceProcess.dll
                 Private = 'false'
             C:\Program Files\dotnet\packs\Microsoft.NETCore.App.Ref\10.0.2\ref/net10.0/System.Text.Encoding.CodePages.dll
                 Private = 'false'
             C:\Program Files\dotnet\packs\Microsoft.NETCore.App.Ref\10.0.2\ref/net10.0/System.Text.Encoding.Extensions.dll
                 Private = 'false'
             C:\Program Files\dotnet\packs\Microsoft.NETCore.App.Ref\10.0.2\ref/net10.0/System.Text.Encoding.dll
                 Private = 'false'
             C:\Program Files\dotnet\packs\Microsoft.NETCore.App.Ref\10.0.2\ref/net10.0/System.Text.Encodings.Web.dll
                 Private = 'false'
             C:\Program Files\dotnet\packs\Microsoft.NETCore.App.Ref\10.0.2\ref/net10.0/System.Text.Json.dll
                 Private = 'false'
             C:\Program Files\dotnet\packs\Microsoft.NETCore.App.Ref\10.0.2\ref/net10.0/System.Text.RegularExpressions.dll
                 Private = 'false'
             C:\Program Files\dotnet\packs\Microsoft.NETCore.App.Ref\10.0.2\ref/net10.0/System.Threading.AccessControl.dll
                 Private = 'false'
             C:\Program Files\dotnet\packs\Microsoft.NETCore.App.Ref\10.0.2\ref/net10.0/System.Threading.Channels.dll
                 Private = 'false'
             C:\Program Files\dotnet\packs\Microsoft.NETCore.App.Ref\10.0.2\ref/net10.0/System.Threading.Overlapped.dll
                 Private = 'false'
             C:\Program Files\dotnet\packs\Microsoft.NETCore.App.Ref\10.0.2\ref/net10.0/System.Threading.Tasks.Dataflow.dll
                 Private = 'false'
             C:\Program Files\dotnet\packs\Microsoft.NETCore.App.Ref\10.0.2\ref/net10.0/System.Threading.Tasks.Extensions.dll
                 Private = 'false'
             C:\Program Files\dotnet\packs\Microsoft.NETCore.App.Ref\10.0.2\ref/net10.0/System.Threading.Tasks.Parallel.dll
                 Private = 'false'
             C:\Program Files\dotnet\packs\Microsoft.NETCore.App.Ref\10.0.2\ref/net10.0/System.Threading.Tasks.dll
                 Private = 'false'
             C:\Program Files\dotnet\packs\Microsoft.NETCore.App.Ref\10.0.2\ref/net10.0/System.Threading.Thread.dll
                 Private = 'false'
             C:\Program Files\dotnet\packs\Microsoft.NETCore.App.Ref\10.0.2\ref/net10.0/System.Threading.ThreadPool.dll
                 Private = 'false'
             C:\Program Files\dotnet\packs\Microsoft.NETCore.App.Ref\10.0.2\ref/net10.0/System.Threading.Timer.dll
                 Private = 'false'
             C:\Program Files\dotnet\packs\Microsoft.NETCore.App.Ref\10.0.2\ref/net10.0/System.Threading.dll
                 Private = 'false'
             C:\Program Files\dotnet\packs\Microsoft.NETCore.App.Ref\10.0.2\ref/net10.0/System.Transactions.Local.dll
                 Private = 'false'
             C:\Program Files\dotnet\packs\Microsoft.NETCore.App.Ref\10.0.2\ref/net10.0/System.Transactions.dll
                 Private = 'false'
             C:\Program Files\dotnet\packs\Microsoft.NETCore.App.Ref\10.0.2\ref/net10.0/System.ValueTuple.dll
                 Private = 'false'
             C:\Program Files\dotnet\packs\Microsoft.NETCore.App.Ref\10.0.2\ref/net10.0/System.Web.HttpUtility.dll
                 Private = 'false'
             C:\Program Files\dotnet\packs\Microsoft.NETCore.App.Ref\10.0.2\ref/net10.0/System.Web.dll
                 Private = 'false'
             C:\Program Files\dotnet\packs\Microsoft.NETCore.App.Ref\10.0.2\ref/net10.0/System.Windows.dll
                 Private = 'false'
             C:\Program Files\dotnet\packs\Microsoft.NETCore.App.Ref\10.0.2\ref/net10.0/System.Xml.Linq.dll
                 Private = 'false'
             C:\Program Files\dotnet\packs\Microsoft.NETCore.App.Ref\10.0.2\ref/net10.0/System.Xml.ReaderWriter.dll
                 Private = 'false'
             C:\Program Files\dotnet\packs\Microsoft.NETCore.App.Ref\10.0.2\ref/net10.0/System.Xml.Serialization.dll
                 Private = 'false'
             C:\Program Files\dotnet\packs\Microsoft.NETCore.App.Ref\10.0.2\ref/net10.0/System.Xml.XDocument.dll
                 Private = 'false'
             C:\Program Files\dotnet\packs\Microsoft.NETCore.App.Ref\10.0.2\ref/net10.0/System.Xml.XPath.XDocument.dll
                 Private = 'false'
             C:\Program Files\dotnet\packs\Microsoft.NETCore.App.Ref\10.0.2\ref/net10.0/System.Xml.XPath.dll
                 Private = 'false'
             C:\Program Files\dotnet\packs\Microsoft.NETCore.App.Ref\10.0.2\ref/net10.0/System.Xml.XmlDocument.dll
                 Private = 'false'
             C:\Program Files\dotnet\packs\Microsoft.NETCore.App.Ref\10.0.2\ref/net10.0/System.Xml.XmlSerializer.dll
                 Private = 'false'
             C:\Program Files\dotnet\packs\Microsoft.NETCore.App.Ref\10.0.2\ref/net10.0/System.Xml.dll
                 Private = 'false'
             C:\Program Files\dotnet\packs\Microsoft.NETCore.App.Ref\10.0.2\ref/net10.0/System.dll
                 Private = 'false'
             C:\Program Files\dotnet\packs\Microsoft.NETCore.App.Ref\10.0.2\ref/net10.0/WindowsBase.dll
                 Private = 'false'
             C:\Program Files\dotnet\packs\Microsoft.NETCore.App.Ref\10.0.2\ref/net10.0/mscorlib.dll
                 Private = 'false'
             C:\Program Files\dotnet\packs\Microsoft.NETCore.App.Ref\10.0.2\ref/net10.0/netstandard.dll
                 Private = 'false'
         AssemblyFiles:
             c:\Users\ilhan\source\repos\StudyBuddy\StudyBuddy\Buddy.Domain\bin\Debug\net10.0\Buddy.Domain.dll
         CandidateAssemblyFiles:
         TargetFrameworkDirectories:
             
         NonCultureResourceDirectories:
             
         InstalledAssemblyTables:
         IgnoreInstalledAssemblyTable:
             False
         SearchPaths:
             {CandidateAssemblyFiles}
             {HintPathFromItem}
             {TargetFrameworkDirectory}
             {RawFileName}
         AllowedAssemblyExtensions:
             .winmd
             .dll
             .exe
         AllowedRelatedFileExtensions:
             .pdb
             .xml
             .pri
             .dll.config
             .exe.config
         AppConfigFile:
             
         AutoUnify:
             True
         EnableCustomCulture:
             False
         EnableCustomCulture:
             False
         CopyLocalDependenciesWhenParentReferenceInGac:
             True
         FindDependencies:
             True
         TargetProcessorArchitecture:
             msil
         StateFile:
             obj\Debug\net10.0\Buddy.Application.csproj.AssemblyReference.cache
         InstalledAssemblySubsetTables:
         IgnoreInstalledAssemblySubsetTable:
             False
         TargetFrameworkSubsets:
         FullTargetFrameworkSubsetNames:
             Full
         ProfileName:
             
         FullFrameworkFolders:
         LatestTargetFrameworkDirectories:
         ProfileTablesLocation:
         Birincil başvuru: "Buddy.Domain, Version=1.0.0.0, Culture=neutral, PublicKeyToken=null".
             Çözümlenmiş dosya yolu: "c:\Users\ilhan\source\repos\StudyBuddy\StudyBuddy\Buddy.Domain\bin\Debug\net10.0\Buddy.Domain.dll".
             Başvuru, "c:\Users\ilhan\source\repos\StudyBuddy\StudyBuddy\Buddy.Domain\bin\Debug\net10.0\Buddy.Domain.dll" arama yolu konumunda bulundu.
             "c:\Users\ilhan\source\repos\StudyBuddy\StudyBuddy\Buddy.Domain\bin\Debug\net10.0\Buddy.Domain.pdb" ilişkili dosyası bulundu.
         Birincil başvuru: "BCrypt.Net-Next, Version=4.0.3.0, Culture=neutral, PublicKeyToken=1e11be04b6288443".
             Çözümlenmiş dosya yolu: "C:\Users\ilhan\.nuget\packages\bcrypt.net-next\4.0.3\lib\net6.0\BCrypt.Net-Next.dll".
             Başvuru, "{HintPathFromItem}" arama yolu konumunda bulundu.
             En az bir kaynak öğesi için "Private" "false" olarak ayarlanmış olduğundan ve "Private", herhangi bir kaynak öğesi için "true" olarak ayarlanmış olmadığından bu başvuru "CopyLocal" değildir.
         Birincil başvuru: "FluentValidation, Version=12.0.0.0, Culture=neutral, PublicKeyToken=7de548da2fbae0f0".
             Çözümlenmiş dosya yolu: "C:\Users\ilhan\.nuget\packages\fluentvalidation\12.1.1\lib\net8.0\FluentValidation.dll".
             Başvuru, "{HintPathFromItem}" arama yolu konumunda bulundu.
             En az bir kaynak öğesi için "Private" "false" olarak ayarlanmış olduğundan ve "Private", herhangi bir kaynak öğesi için "true" olarak ayarlanmış olmadığından bu başvuru "CopyLocal" değildir.
         Birincil başvuru: "FluentValidation.DependencyInjectionExtensions, Version=12.0.0.0, Culture=neutral, PublicKeyToken=7de548da2fbae0f0".
             Çözümlenmiş dosya yolu: "C:\Users\ilhan\.nuget\packages\fluentvalidation.dependencyinjectionextensions\12.1.1\lib\net8.0\FluentValidation.DependencyInjectionExtensions.dll".
             Başvuru, "{HintPathFromItem}" arama yolu konumunda bulundu.
             En az bir kaynak öğesi için "Private" "false" olarak ayarlanmış olduğundan ve "Private", herhangi bir kaynak öğesi için "true" olarak ayarlanmış olmadığından bu başvuru "CopyLocal" değildir.
         Birincil başvuru: "MediatR, Version=12.0.0.0, Culture=neutral, PublicKeyToken=bb9a41a5e8aaa7e2".
             Çözümlenmiş dosya yolu: "C:\Users\ilhan\.nuget\packages\mediatr\12.4.1\lib\net6.0\MediatR.dll".
             Başvuru, "{HintPathFromItem}" arama yolu konumunda bulundu.
             En az bir kaynak öğesi için "Private" "false" olarak ayarlanmış olduğundan ve "Private", herhangi bir kaynak öğesi için "true" olarak ayarlanmış olmadığından bu başvuru "CopyLocal" değildir.
         Birincil başvuru: "MediatR.Contracts, Version=2.0.1.0, Culture=neutral, PublicKeyToken=bb9a41a5e8aaa7e2".
             Çözümlenmiş dosya yolu: "C:\Users\ilhan\.nuget\packages\mediatr.contracts\2.0.1\lib\netstandard2.0\MediatR.Contracts.dll".
             Başvuru, "{HintPathFromItem}" arama yolu konumunda bulundu.
             En az bir kaynak öğesi için "Private" "false" olarak ayarlanmış olduğundan ve "Private", herhangi bir kaynak öğesi için "true" olarak ayarlanmış olmadığından bu başvuru "CopyLocal" değildir.
         Birincil başvuru: "Microsoft.EntityFrameworkCore, Version=10.0.0.0, Culture=neutral, PublicKeyToken=adb9793829ddae60".
             Çözümlenmiş dosya yolu: "C:\Users\ilhan\.nuget\packages\microsoft.entityframeworkcore\10.0.0\lib\net10.0\Microsoft.EntityFrameworkCore.dll".
             Başvuru, "{HintPathFromItem}" arama yolu konumunda bulundu.
             En az bir kaynak öğesi için "Private" "false" olarak ayarlanmış olduğundan ve "Private", herhangi bir kaynak öğesi için "true" olarak ayarlanmış olmadığından bu başvuru "CopyLocal" değildir.
         Birincil başvuru: "Microsoft.EntityFrameworkCore.Abstractions, Version=10.0.0.0, Culture=neutral, PublicKeyToken=adb9793829ddae60".
             Çözümlenmiş dosya yolu: "C:\Users\ilhan\.nuget\packages\microsoft.entityframeworkcore.abstractions\10.0.0\lib\net10.0\Microsoft.EntityFrameworkCore.Abstractions.dll".
             Başvuru, "{HintPathFromItem}" arama yolu konumunda bulundu.
             En az bir kaynak öğesi için "Private" "false" olarak ayarlanmış olduğundan ve "Private", herhangi bir kaynak öğesi için "true" olarak ayarlanmış olmadığından bu başvuru "CopyLocal" değildir.
         Birincil başvuru: "Microsoft.Extensions.Caching.Abstractions, Version=10.0.0.0, Culture=neutral, PublicKeyToken=adb9793829ddae60".
             Çözümlenmiş dosya yolu: "C:\Users\ilhan\.nuget\packages\microsoft.extensions.caching.abstractions\10.0.0\lib\net10.0\Microsoft.Extensions.Caching.Abstractions.dll".
             Başvuru, "{HintPathFromItem}" arama yolu konumunda bulundu.
             En az bir kaynak öğesi için "Private" "false" olarak ayarlanmış olduğundan ve "Private", herhangi bir kaynak öğesi için "true" olarak ayarlanmış olmadığından bu başvuru "CopyLocal" değildir.
         Birincil başvuru: "Microsoft.Extensions.Caching.Memory, Version=10.0.0.0, Culture=neutral, PublicKeyToken=adb9793829ddae60".
             Çözümlenmiş dosya yolu: "C:\Users\ilhan\.nuget\packages\microsoft.extensions.caching.memory\10.0.0\lib\net10.0\Microsoft.Extensions.Caching.Memory.dll".
             Başvuru, "{HintPathFromItem}" arama yolu konumunda bulundu.
             En az bir kaynak öğesi için "Private" "false" olarak ayarlanmış olduğundan ve "Private", herhangi bir kaynak öğesi için "true" olarak ayarlanmış olmadığından bu başvuru "CopyLocal" değildir.
         Birincil başvuru: "Microsoft.Extensions.DependencyInjection, Version=10.0.0.0, Culture=neutral, PublicKeyToken=adb9793829ddae60".
             Çözümlenmiş dosya yolu: "C:\Users\ilhan\.nuget\packages\microsoft.extensions.dependencyinjection\10.0.0\lib\net10.0\Microsoft.Extensions.DependencyInjection.dll".
             Başvuru, "{HintPathFromItem}" arama yolu konumunda bulundu.
             En az bir kaynak öğesi için "Private" "false" olarak ayarlanmış olduğundan ve "Private", herhangi bir kaynak öğesi için "true" olarak ayarlanmış olmadığından bu başvuru "CopyLocal" değildir.
         Birincil başvuru: "Microsoft.Extensions.DependencyInjection.Abstractions, Version=10.0.0.0, Culture=neutral, PublicKeyToken=adb9793829ddae60".
             Çözümlenmiş dosya yolu: "C:\Users\ilhan\.nuget\packages\microsoft.extensions.dependencyinjection.abstractions\10.0.0\lib\net10.0\Microsoft.Extensions.DependencyInjection.Abstractions.dll".
             Başvuru, "{HintPathFromItem}" arama yolu konumunda bulundu.
             En az bir kaynak öğesi için "Private" "false" olarak ayarlanmış olduğundan ve "Private", herhangi bir kaynak öğesi için "true" olarak ayarlanmış olmadığından bu başvuru "CopyLocal" değildir.
         Birincil başvuru: "Microsoft.Extensions.Logging, Version=10.0.0.0, Culture=neutral, PublicKeyToken=adb9793829ddae60".
             Çözümlenmiş dosya yolu: "C:\Users\ilhan\.nuget\packages\microsoft.extensions.logging\10.0.0\lib\net10.0\Microsoft.Extensions.Logging.dll".
             Başvuru, "{HintPathFromItem}" arama yolu konumunda bulundu.
             En az bir kaynak öğesi için "Private" "false" olarak ayarlanmış olduğundan ve "Private", herhangi bir kaynak öğesi için "true" olarak ayarlanmış olmadığından bu başvuru "CopyLocal" değildir.
         Birincil başvuru: "Microsoft.Extensions.Logging.Abstractions, Version=10.0.0.0, Culture=neutral, PublicKeyToken=adb9793829ddae60".
             Çözümlenmiş dosya yolu: "C:\Users\ilhan\.nuget\packages\microsoft.extensions.logging.abstractions\10.0.0\lib\net10.0\Microsoft.Extensions.Logging.Abstractions.dll".
             Başvuru, "{HintPathFromItem}" arama yolu konumunda bulundu.
             En az bir kaynak öğesi için "Private" "false" olarak ayarlanmış olduğundan ve "Private", herhangi bir kaynak öğesi için "true" olarak ayarlanmış olmadığından bu başvuru "CopyLocal" değildir.
         Birincil başvuru: "Microsoft.Extensions.Options, Version=10.0.0.0, Culture=neutral, PublicKeyToken=adb9793829ddae60".
             Çözümlenmiş dosya yolu: "C:\Users\ilhan\.nuget\packages\microsoft.extensions.options\10.0.0\lib\net10.0\Microsoft.Extensions.Options.dll".
             Başvuru, "{HintPathFromItem}" arama yolu konumunda bulundu.
             En az bir kaynak öğesi için "Private" "false" olarak ayarlanmış olduğundan ve "Private", herhangi bir kaynak öğesi için "true" olarak ayarlanmış olmadığından bu başvuru "CopyLocal" değildir.
         Birincil başvuru: "Microsoft.Extensions.Primitives, Version=10.0.0.0, Culture=neutral, PublicKeyToken=adb9793829ddae60".
             Çözümlenmiş dosya yolu: "C:\Users\ilhan\.nuget\packages\microsoft.extensions.primitives\10.0.0\lib\net10.0\Microsoft.Extensions.Primitives.dll".
             Başvuru, "{HintPathFromItem}" arama yolu konumunda bulundu.
             En az bir kaynak öğesi için "Private" "false" olarak ayarlanmış olduğundan ve "Private", herhangi bir kaynak öğesi için "true" olarak ayarlanmış olmadığından bu başvuru "CopyLocal" değildir.
         Birincil başvuru: "Microsoft.CSharp, Version=10.0.0.0, Culture=neutral, PublicKeyToken=b03f5f7f11d50a3a".
             Çözümlenmiş dosya yolu: "C:\Program Files\dotnet\packs\Microsoft.NETCore.App.Ref\10.0.2\ref\net10.0\Microsoft.CSharp.dll".
             Başvuru, "{RawFileName}" arama yolu konumunda bulundu.
             En az bir kaynak öğesi için "Private" "false" olarak ayarlanmış olduğundan ve "Private", herhangi bir kaynak öğesi için "true" olarak ayarlanmış olmadığından bu başvuru "CopyLocal" değildir.
         Birincil başvuru: "Microsoft.VisualBasic.Core, Version=15.0.0.0, Culture=neutral, PublicKeyToken=b03f5f7f11d50a3a".
             Çözümlenmiş dosya yolu: "C:\Program Files\dotnet\packs\Microsoft.NETCore.App.Ref\10.0.2\ref\net10.0\Microsoft.VisualBasic.Core.dll".
             Başvuru, "{RawFileName}" arama yolu konumunda bulundu.
             En az bir kaynak öğesi için "Private" "false" olarak ayarlanmış olduğundan ve "Private", herhangi bir kaynak öğesi için "true" olarak ayarlanmış olmadığından bu başvuru "CopyLocal" değildir.
         Birincil başvuru: "Microsoft.VisualBasic, Version=10.0.0.0, Culture=neutral, PublicKeyToken=b03f5f7f11d50a3a".
             Çözümlenmiş dosya yolu: "C:\Program Files\dotnet\packs\Microsoft.NETCore.App.Ref\10.0.2\ref\net10.0\Microsoft.VisualBasic.dll".
             Başvuru, "{RawFileName}" arama yolu konumunda bulundu.
             En az bir kaynak öğesi için "Private" "false" olarak ayarlanmış olduğundan ve "Private", herhangi bir kaynak öğesi için "true" olarak ayarlanmış olmadığından bu başvuru "CopyLocal" değildir.
         Birincil başvuru: "Microsoft.Win32.Primitives, Version=10.0.0.0, Culture=neutral, PublicKeyToken=b03f5f7f11d50a3a".
             Çözümlenmiş dosya yolu: "C:\Program Files\dotnet\packs\Microsoft.NETCore.App.Ref\10.0.2\ref\net10.0\Microsoft.Win32.Primitives.dll".
             Başvuru, "{RawFileName}" arama yolu konumunda bulundu.
             En az bir kaynak öğesi için "Private" "false" olarak ayarlanmış olduğundan ve "Private", herhangi bir kaynak öğesi için "true" olarak ayarlanmış olmadığından bu başvuru "CopyLocal" değildir.
         Birincil başvuru: "Microsoft.Win32.Registry, Version=10.0.0.0, Culture=neutral, PublicKeyToken=b03f5f7f11d50a3a".
             Çözümlenmiş dosya yolu: "C:\Program Files\dotnet\packs\Microsoft.NETCore.App.Ref\10.0.2\ref\net10.0\Microsoft.Win32.Registry.dll".
             Başvuru, "{RawFileName}" arama yolu konumunda bulundu.
             En az bir kaynak öğesi için "Private" "false" olarak ayarlanmış olduğundan ve "Private", herhangi bir kaynak öğesi için "true" olarak ayarlanmış olmadığından bu başvuru "CopyLocal" değildir.
         Birincil başvuru: "System.AppContext, Version=10.0.0.0, Culture=neutral, PublicKeyToken=b03f5f7f11d50a3a".
             Çözümlenmiş dosya yolu: "C:\Program Files\dotnet\packs\Microsoft.NETCore.App.Ref\10.0.2\ref\net10.0\System.AppContext.dll".
             Başvuru, "{RawFileName}" arama yolu konumunda bulundu.
             En az bir kaynak öğesi için "Private" "false" olarak ayarlanmış olduğundan ve "Private", herhangi bir kaynak öğesi için "true" olarak ayarlanmış olmadığından bu başvuru "CopyLocal" değildir.
         Birincil başvuru: "System.Buffers, Version=10.0.0.0, Culture=neutral, PublicKeyToken=cc7b13ffcd2ddd51".
             Çözümlenmiş dosya yolu: "C:\Program Files\dotnet\packs\Microsoft.NETCore.App.Ref\10.0.2\ref\net10.0\System.Buffers.dll".
             Başvuru, "{RawFileName}" arama yolu konumunda bulundu.
             En az bir kaynak öğesi için "Private" "false" olarak ayarlanmış olduğundan ve "Private", herhangi bir kaynak öğesi için "true" olarak ayarlanmış olmadığından bu başvuru "CopyLocal" değildir.
         Birincil başvuru: "System.Collections.Concurrent, Version=10.0.0.0, Culture=neutral, PublicKeyToken=b03f5f7f11d50a3a".
             Çözümlenmiş dosya yolu: "C:\Program Files\dotnet\packs\Microsoft.NETCore.App.Ref\10.0.2\ref\net10.0\System.Collections.Concurrent.dll".
             Başvuru, "{RawFileName}" arama yolu konumunda bulundu.
             En az bir kaynak öğesi için "Private" "false" olarak ayarlanmış olduğundan ve "Private", herhangi bir kaynak öğesi için "true" olarak ayarlanmış olmadığından bu başvuru "CopyLocal" değildir.
         Birincil başvuru: "System.Collections.Immutable, Version=10.0.0.0, Culture=neutral, PublicKeyToken=b03f5f7f11d50a3a".
             Çözümlenmiş dosya yolu: "C:\Program Files\dotnet\packs\Microsoft.NETCore.App.Ref\10.0.2\ref\net10.0\System.Collections.Immutable.dll".
             Başvuru, "{RawFileName}" arama yolu konumunda bulundu.
             En az bir kaynak öğesi için "Private" "false" olarak ayarlanmış olduğundan ve "Private", herhangi bir kaynak öğesi için "true" olarak ayarlanmış olmadığından bu başvuru "CopyLocal" değildir.
         Birincil başvuru: "System.Collections.NonGeneric, Version=10.0.0.0, Culture=neutral, PublicKeyToken=b03f5f7f11d50a3a".
             Çözümlenmiş dosya yolu: "C:\Program Files\dotnet\packs\Microsoft.NETCore.App.Ref\10.0.2\ref\net10.0\System.Collections.NonGeneric.dll".
             Başvuru, "{RawFileName}" arama yolu konumunda bulundu.
             En az bir kaynak öğesi için "Private" "false" olarak ayarlanmış olduğundan ve "Private", herhangi bir kaynak öğesi için "true" olarak ayarlanmış olmadığından bu başvuru "CopyLocal" değildir.
         Birincil başvuru: "System.Collections.Specialized, Version=10.0.0.0, Culture=neutral, PublicKeyToken=b03f5f7f11d50a3a".
             Çözümlenmiş dosya yolu: "C:\Program Files\dotnet\packs\Microsoft.NETCore.App.Ref\10.0.2\ref\net10.0\System.Collections.Specialized.dll".
             Başvuru, "{RawFileName}" arama yolu konumunda bulundu.
             En az bir kaynak öğesi için "Private" "false" olarak ayarlanmış olduğundan ve "Private", herhangi bir kaynak öğesi için "true" olarak ayarlanmış olmadığından bu başvuru "CopyLocal" değildir.
         Birincil başvuru: "System.Collections, Version=10.0.0.0, Culture=neutral, PublicKeyToken=b03f5f7f11d50a3a".
             Çözümlenmiş dosya yolu: "C:\Program Files\dotnet\packs\Microsoft.NETCore.App.Ref\10.0.2\ref\net10.0\System.Collections.dll".
             Başvuru, "{RawFileName}" arama yolu konumunda bulundu.
             En az bir kaynak öğesi için "Private" "false" olarak ayarlanmış olduğundan ve "Private", herhangi bir kaynak öğesi için "true" olarak ayarlanmış olmadığından bu başvuru "CopyLocal" değildir.
         Birincil başvuru: "System.ComponentModel.Annotations, Version=10.0.0.0, Culture=neutral, PublicKeyToken=b03f5f7f11d50a3a".
             Çözümlenmiş dosya yolu: "C:\Program Files\dotnet\packs\Microsoft.NETCore.App.Ref\10.0.2\ref\net10.0\System.ComponentModel.Annotations.dll".
             Başvuru, "{RawFileName}" arama yolu konumunda bulundu.
             En az bir kaynak öğesi için "Private" "false" olarak ayarlanmış olduğundan ve "Private", herhangi bir kaynak öğesi için "true" olarak ayarlanmış olmadığından bu başvuru "CopyLocal" değildir.
         Birincil başvuru: "System.ComponentModel.DataAnnotations, Version=4.0.0.0, Culture=neutral, PublicKeyToken=31bf3856ad364e35".
             Çözümlenmiş dosya yolu: "C:\Program Files\dotnet\packs\Microsoft.NETCore.App.Ref\10.0.2\ref\net10.0\System.ComponentModel.DataAnnotations.dll".
             Başvuru, "{RawFileName}" arama yolu konumunda bulundu.
             En az bir kaynak öğesi için "Private" "false" olarak ayarlanmış olduğundan ve "Private", herhangi bir kaynak öğesi için "true" olarak ayarlanmış olmadığından bu başvuru "CopyLocal" değildir.
         Birincil başvuru: "System.ComponentModel.EventBasedAsync, Version=10.0.0.0, Culture=neutral, PublicKeyToken=b03f5f7f11d50a3a".
             Çözümlenmiş dosya yolu: "C:\Program Files\dotnet\packs\Microsoft.NETCore.App.Ref\10.0.2\ref\net10.0\System.ComponentModel.EventBasedAsync.dll".
             Başvuru, "{RawFileName}" arama yolu konumunda bulundu.
             En az bir kaynak öğesi için "Private" "false" olarak ayarlanmış olduğundan ve "Private", herhangi bir kaynak öğesi için "true" olarak ayarlanmış olmadığından bu başvuru "CopyLocal" değildir.
         Birincil başvuru: "System.ComponentModel.Primitives, Version=10.0.0.0, Culture=neutral, PublicKeyToken=b03f5f7f11d50a3a".
             Çözümlenmiş dosya yolu: "C:\Program Files\dotnet\packs\Microsoft.NETCore.App.Ref\10.0.2\ref\net10.0\System.ComponentModel.Primitives.dll".
             Başvuru, "{RawFileName}" arama yolu konumunda bulundu.
             En az bir kaynak öğesi için "Private" "false" olarak ayarlanmış olduğundan ve "Private", herhangi bir kaynak öğesi için "true" olarak ayarlanmış olmadığından bu başvuru "CopyLocal" değildir.
         Birincil başvuru: "System.ComponentModel.TypeConverter, Version=10.0.0.0, Culture=neutral, PublicKeyToken=b03f5f7f11d50a3a".
             Çözümlenmiş dosya yolu: "C:\Program Files\dotnet\packs\Microsoft.NETCore.App.Ref\10.0.2\ref\net10.0\System.ComponentModel.TypeConverter.dll".
             Başvuru, "{RawFileName}" arama yolu konumunda bulundu.
             En az bir kaynak öğesi için "Private" "false" olarak ayarlanmış olduğundan ve "Private", herhangi bir kaynak öğesi için "true" olarak ayarlanmış olmadığından bu başvuru "CopyLocal" değildir.
         Birincil başvuru: "System.ComponentModel, Version=10.0.0.0, Culture=neutral, PublicKeyToken=b03f5f7f11d50a3a".
             Çözümlenmiş dosya yolu: "C:\Program Files\dotnet\packs\Microsoft.NETCore.App.Ref\10.0.2\ref\net10.0\System.ComponentModel.dll".
             Başvuru, "{RawFileName}" arama yolu konumunda bulundu.
             En az bir kaynak öğesi için "Private" "false" olarak ayarlanmış olduğundan ve "Private", herhangi bir kaynak öğesi için "true" olarak ayarlanmış olmadığından bu başvuru "CopyLocal" değildir.
         Birincil başvuru: "System.Configuration, Version=4.0.0.0, Culture=neutral, PublicKeyToken=b03f5f7f11d50a3a".
             Çözümlenmiş dosya yolu: "C:\Program Files\dotnet\packs\Microsoft.NETCore.App.Ref\10.0.2\ref\net10.0\System.Configuration.dll".
             Başvuru, "{RawFileName}" arama yolu konumunda bulundu.
             En az bir kaynak öğesi için "Private" "false" olarak ayarlanmış olduğundan ve "Private", herhangi bir kaynak öğesi için "true" olarak ayarlanmış olmadığından bu başvuru "CopyLocal" değildir.
         Birincil başvuru: "System.Console, Version=10.0.0.0, Culture=neutral, PublicKeyToken=b03f5f7f11d50a3a".
             Çözümlenmiş dosya yolu: "C:\Program Files\dotnet\packs\Microsoft.NETCore.App.Ref\10.0.2\ref\net10.0\System.Console.dll".
             Başvuru, "{RawFileName}" arama yolu konumunda bulundu.
             En az bir kaynak öğesi için "Private" "false" olarak ayarlanmış olduğundan ve "Private", herhangi bir kaynak öğesi için "true" olarak ayarlanmış olmadığından bu başvuru "CopyLocal" değildir.
         Birincil başvuru: "System.Core, Version=4.0.0.0, Culture=neutral, PublicKeyToken=b77a5c561934e089".
             Çözümlenmiş dosya yolu: "C:\Program Files\dotnet\packs\Microsoft.NETCore.App.Ref\10.0.2\ref\net10.0\System.Core.dll".
             Başvuru, "{RawFileName}" arama yolu konumunda bulundu.
             En az bir kaynak öğesi için "Private" "false" olarak ayarlanmış olduğundan ve "Private", herhangi bir kaynak öğesi için "true" olarak ayarlanmış olmadığından bu başvuru "CopyLocal" değildir.
         Birincil başvuru: "System.Data.Common, Version=10.0.0.0, Culture=neutral, PublicKeyToken=b03f5f7f11d50a3a".
             Çözümlenmiş dosya yolu: "C:\Program Files\dotnet\packs\Microsoft.NETCore.App.Ref\10.0.2\ref\net10.0\System.Data.Common.dll".
             Başvuru, "{RawFileName}" arama yolu konumunda bulundu.
             En az bir kaynak öğesi için "Private" "false" olarak ayarlanmış olduğundan ve "Private", herhangi bir kaynak öğesi için "true" olarak ayarlanmış olmadığından bu başvuru "CopyLocal" değildir.
         Birincil başvuru: "System.Data.DataSetExtensions, Version=10.0.0.0, Culture=neutral, PublicKeyToken=b77a5c561934e089".
             Çözümlenmiş dosya yolu: "C:\Program Files\dotnet\packs\Microsoft.NETCore.App.Ref\10.0.2\ref\net10.0\System.Data.DataSetExtensions.dll".
             Başvuru, "{RawFileName}" arama yolu konumunda bulundu.
             En az bir kaynak öğesi için "Private" "false" olarak ayarlanmış olduğundan ve "Private", herhangi bir kaynak öğesi için "true" olarak ayarlanmış olmadığından bu başvuru "CopyLocal" değildir.
         Birincil başvuru: "System.Data, Version=4.0.0.0, Culture=neutral, PublicKeyToken=b77a5c561934e089".
             Çözümlenmiş dosya yolu: "C:\Program Files\dotnet\packs\Microsoft.NETCore.App.Ref\10.0.2\ref\net10.0\System.Data.dll".
             Başvuru, "{RawFileName}" arama yolu konumunda bulundu.
             En az bir kaynak öğesi için "Private" "false" olarak ayarlanmış olduğundan ve "Private", herhangi bir kaynak öğesi için "true" olarak ayarlanmış olmadığından bu başvuru "CopyLocal" değildir.
         Birincil başvuru: "System.Diagnostics.Contracts, Version=10.0.0.0, Culture=neutral, PublicKeyToken=b03f5f7f11d50a3a".
             Çözümlenmiş dosya yolu: "C:\Program Files\dotnet\packs\Microsoft.NETCore.App.Ref\10.0.2\ref\net10.0\System.Diagnostics.Contracts.dll".
             Başvuru, "{RawFileName}" arama yolu konumunda bulundu.
             En az bir kaynak öğesi için "Private" "false" olarak ayarlanmış olduğundan ve "Private", herhangi bir kaynak öğesi için "true" olarak ayarlanmış olmadığından bu başvuru "CopyLocal" değildir.
         Birincil başvuru: "System.Diagnostics.Debug, Version=10.0.0.0, Culture=neutral, PublicKeyToken=b03f5f7f11d50a3a".
             Çözümlenmiş dosya yolu: "C:\Program Files\dotnet\packs\Microsoft.NETCore.App.Ref\10.0.2\ref\net10.0\System.Diagnostics.Debug.dll".
             Başvuru, "{RawFileName}" arama yolu konumunda bulundu.
             En az bir kaynak öğesi için "Private" "false" olarak ayarlanmış olduğundan ve "Private", herhangi bir kaynak öğesi için "true" olarak ayarlanmış olmadığından bu başvuru "CopyLocal" değildir.
         Birincil başvuru: "System.Diagnostics.DiagnosticSource, Version=10.0.0.0, Culture=neutral, PublicKeyToken=cc7b13ffcd2ddd51".
             Çözümlenmiş dosya yolu: "C:\Program Files\dotnet\packs\Microsoft.NETCore.App.Ref\10.0.2\ref\net10.0\System.Diagnostics.DiagnosticSource.dll".
             Başvuru, "{RawFileName}" arama yolu konumunda bulundu.
             En az bir kaynak öğesi için "Private" "false" olarak ayarlanmış olduğundan ve "Private", herhangi bir kaynak öğesi için "true" olarak ayarlanmış olmadığından bu başvuru "CopyLocal" değildir.
         Birincil başvuru: "System.Diagnostics.FileVersionInfo, Version=10.0.0.0, Culture=neutral, PublicKeyToken=b03f5f7f11d50a3a".
             Çözümlenmiş dosya yolu: "C:\Program Files\dotnet\packs\Microsoft.NETCore.App.Ref\10.0.2\ref\net10.0\System.Diagnostics.FileVersionInfo.dll".
             Başvuru, "{RawFileName}" arama yolu konumunda bulundu.
             En az bir kaynak öğesi için "Private" "false" olarak ayarlanmış olduğundan ve "Private", herhangi bir kaynak öğesi için "true" olarak ayarlanmış olmadığından bu başvuru "CopyLocal" değildir.
         Birincil başvuru: "System.Diagnostics.Process, Version=10.0.0.0, Culture=neutral, PublicKeyToken=b03f5f7f11d50a3a".
             Çözümlenmiş dosya yolu: "C:\Program Files\dotnet\packs\Microsoft.NETCore.App.Ref\10.0.2\ref\net10.0\System.Diagnostics.Process.dll".
             Başvuru, "{RawFileName}" arama yolu konumunda bulundu.
             En az bir kaynak öğesi için "Private" "false" olarak ayarlanmış olduğundan ve "Private", herhangi bir kaynak öğesi için "true" olarak ayarlanmış olmadığından bu başvuru "CopyLocal" değildir.
         Birincil başvuru: "System.Diagnostics.StackTrace, Version=10.0.0.0, Culture=neutral, PublicKeyToken=b03f5f7f11d50a3a".
             Çözümlenmiş dosya yolu: "C:\Program Files\dotnet\packs\Microsoft.NETCore.App.Ref\10.0.2\ref\net10.0\System.Diagnostics.StackTrace.dll".
             Başvuru, "{RawFileName}" arama yolu konumunda bulundu.
             En az bir kaynak öğesi için "Private" "false" olarak ayarlanmış olduğundan ve "Private", herhangi bir kaynak öğesi için "true" olarak ayarlanmış olmadığından bu başvuru "CopyLocal" değildir.
         Birincil başvuru: "System.Diagnostics.TextWriterTraceListener, Version=10.0.0.0, Culture=neutral, PublicKeyToken=b03f5f7f11d50a3a".
             Çözümlenmiş dosya yolu: "C:\Program Files\dotnet\packs\Microsoft.NETCore.App.Ref\10.0.2\ref\net10.0\System.Diagnostics.TextWriterTraceListener.dll".
             Başvuru, "{RawFileName}" arama yolu konumunda bulundu.
             En az bir kaynak öğesi için "Private" "false" olarak ayarlanmış olduğundan ve "Private", herhangi bir kaynak öğesi için "true" olarak ayarlanmış olmadığından bu başvuru "CopyLocal" değildir.
         Birincil başvuru: "System.Diagnostics.Tools, Version=10.0.0.0, Culture=neutral, PublicKeyToken=b03f5f7f11d50a3a".
             Çözümlenmiş dosya yolu: "C:\Program Files\dotnet\packs\Microsoft.NETCore.App.Ref\10.0.2\ref\net10.0\System.Diagnostics.Tools.dll".
             Başvuru, "{RawFileName}" arama yolu konumunda bulundu.
             En az bir kaynak öğesi için "Private" "false" olarak ayarlanmış olduğundan ve "Private", herhangi bir kaynak öğesi için "true" olarak ayarlanmış olmadığından bu başvuru "CopyLocal" değildir.
         Birincil başvuru: "System.Diagnostics.TraceSource, Version=10.0.0.0, Culture=neutral, PublicKeyToken=b03f5f7f11d50a3a".
             Çözümlenmiş dosya yolu: "C:\Program Files\dotnet\packs\Microsoft.NETCore.App.Ref\10.0.2\ref\net10.0\System.Diagnostics.TraceSource.dll".
             Başvuru, "{RawFileName}" arama yolu konumunda bulundu.
             En az bir kaynak öğesi için "Private" "false" olarak ayarlanmış olduğundan ve "Private", herhangi bir kaynak öğesi için "true" olarak ayarlanmış olmadığından bu başvuru "CopyLocal" değildir.
         Birincil başvuru: "System.Diagnostics.Tracing, Version=10.0.0.0, Culture=neutral, PublicKeyToken=b03f5f7f11d50a3a".
             Çözümlenmiş dosya yolu: "C:\Program Files\dotnet\packs\Microsoft.NETCore.App.Ref\10.0.2\ref\net10.0\System.Diagnostics.Tracing.dll".
             Başvuru, "{RawFileName}" arama yolu konumunda bulundu.
             En az bir kaynak öğesi için "Private" "false" olarak ayarlanmış olduğundan ve "Private", herhangi bir kaynak öğesi için "true" olarak ayarlanmış olmadığından bu başvuru "CopyLocal" değildir.
         Birincil başvuru: "System.Drawing.Primitives, Version=10.0.0.0, Culture=neutral, PublicKeyToken=b03f5f7f11d50a3a".
             Çözümlenmiş dosya yolu: "C:\Program Files\dotnet\packs\Microsoft.NETCore.App.Ref\10.0.2\ref\net10.0\System.Drawing.Primitives.dll".
             Başvuru, "{RawFileName}" arama yolu konumunda bulundu.
             En az bir kaynak öğesi için "Private" "false" olarak ayarlanmış olduğundan ve "Private", herhangi bir kaynak öğesi için "true" olarak ayarlanmış olmadığından bu başvuru "CopyLocal" değildir.
         Birincil başvuru: "System.Drawing, Version=4.0.0.0, Culture=neutral, PublicKeyToken=b03f5f7f11d50a3a".
             Çözümlenmiş dosya yolu: "C:\Program Files\dotnet\packs\Microsoft.NETCore.App.Ref\10.0.2\ref\net10.0\System.Drawing.dll".
             Başvuru, "{RawFileName}" arama yolu konumunda bulundu.
             En az bir kaynak öğesi için "Private" "false" olarak ayarlanmış olduğundan ve "Private", herhangi bir kaynak öğesi için "true" olarak ayarlanmış olmadığından bu başvuru "CopyLocal" değildir.
         Birincil başvuru: "System.Dynamic.Runtime, Version=10.0.0.0, Culture=neutral, PublicKeyToken=b03f5f7f11d50a3a".
             Çözümlenmiş dosya yolu: "C:\Program Files\dotnet\packs\Microsoft.NETCore.App.Ref\10.0.2\ref\net10.0\System.Dynamic.Runtime.dll".
             Başvuru, "{RawFileName}" arama yolu konumunda bulundu.
             En az bir kaynak öğesi için "Private" "false" olarak ayarlanmış olduğundan ve "Private", herhangi bir kaynak öğesi için "true" olarak ayarlanmış olmadığından bu başvuru "CopyLocal" değildir.
         Birincil başvuru: "System.Formats.Asn1, Version=10.0.0.0, Culture=neutral, PublicKeyToken=cc7b13ffcd2ddd51".
             Çözümlenmiş dosya yolu: "C:\Program Files\dotnet\packs\Microsoft.NETCore.App.Ref\10.0.2\ref\net10.0\System.Formats.Asn1.dll".
             Başvuru, "{RawFileName}" arama yolu konumunda bulundu.
             En az bir kaynak öğesi için "Private" "false" olarak ayarlanmış olduğundan ve "Private", herhangi bir kaynak öğesi için "true" olarak ayarlanmış olmadığından bu başvuru "CopyLocal" değildir.
         Birincil başvuru: "System.Formats.Tar, Version=10.0.0.0, Culture=neutral, PublicKeyToken=cc7b13ffcd2ddd51".
             Çözümlenmiş dosya yolu: "C:\Program Files\dotnet\packs\Microsoft.NETCore.App.Ref\10.0.2\ref\net10.0\System.Formats.Tar.dll".
             Başvuru, "{RawFileName}" arama yolu konumunda bulundu.
             En az bir kaynak öğesi için "Private" "false" olarak ayarlanmış olduğundan ve "Private", herhangi bir kaynak öğesi için "true" olarak ayarlanmış olmadığından bu başvuru "CopyLocal" değildir.
         Birincil başvuru: "System.Globalization.Calendars, Version=10.0.0.0, Culture=neutral, PublicKeyToken=b03f5f7f11d50a3a".
             Çözümlenmiş dosya yolu: "C:\Program Files\dotnet\packs\Microsoft.NETCore.App.Ref\10.0.2\ref\net10.0\System.Globalization.Calendars.dll".
             Başvuru, "{RawFileName}" arama yolu konumunda bulundu.
             En az bir kaynak öğesi için "Private" "false" olarak ayarlanmış olduğundan ve "Private", herhangi bir kaynak öğesi için "true" olarak ayarlanmış olmadığından bu başvuru "CopyLocal" değildir.
         Birincil başvuru: "System.Globalization.Extensions, Version=10.0.0.0, Culture=neutral, PublicKeyToken=b03f5f7f11d50a3a".
             Çözümlenmiş dosya yolu: "C:\Program Files\dotnet\packs\Microsoft.NETCore.App.Ref\10.0.2\ref\net10.0\System.Globalization.Extensions.dll".
             Başvuru, "{RawFileName}" arama yolu konumunda bulundu.
             En az bir kaynak öğesi için "Private" "false" olarak ayarlanmış olduğundan ve "Private", herhangi bir kaynak öğesi için "true" olarak ayarlanmış olmadığından bu başvuru "CopyLocal" değildir.
         Birincil başvuru: "System.Globalization, Version=10.0.0.0, Culture=neutral, PublicKeyToken=b03f5f7f11d50a3a".
             Çözümlenmiş dosya yolu: "C:\Program Files\dotnet\packs\Microsoft.NETCore.App.Ref\10.0.2\ref\net10.0\System.Globalization.dll".
             Başvuru, "{RawFileName}" arama yolu konumunda bulundu.
             En az bir kaynak öğesi için "Private" "false" olarak ayarlanmış olduğundan ve "Private", herhangi bir kaynak öğesi için "true" olarak ayarlanmış olmadığından bu başvuru "CopyLocal" değildir.
         Birincil başvuru: "System.IO.Compression.Brotli, Version=10.0.0.0, Culture=neutral, PublicKeyToken=b77a5c561934e089".
             Çözümlenmiş dosya yolu: "C:\Program Files\dotnet\packs\Microsoft.NETCore.App.Ref\10.0.2\ref\net10.0\System.IO.Compression.Brotli.dll".
             Başvuru, "{RawFileName}" arama yolu konumunda bulundu.
             En az bir kaynak öğesi için "Private" "false" olarak ayarlanmış olduğundan ve "Private", herhangi bir kaynak öğesi için "true" olarak ayarlanmış olmadığından bu başvuru "CopyLocal" değildir.
         Birincil başvuru: "System.IO.Compression.FileSystem, Version=4.0.0.0, Culture=neutral, PublicKeyToken=b77a5c561934e089".
             Çözümlenmiş dosya yolu: "C:\Program Files\dotnet\packs\Microsoft.NETCore.App.Ref\10.0.2\ref\net10.0\System.IO.Compression.FileSystem.dll".
             Başvuru, "{RawFileName}" arama yolu konumunda bulundu.
             En az bir kaynak öğesi için "Private" "false" olarak ayarlanmış olduğundan ve "Private", herhangi bir kaynak öğesi için "true" olarak ayarlanmış olmadığından bu başvuru "CopyLocal" değildir.
         Birincil başvuru: "System.IO.Compression.ZipFile, Version=10.0.0.0, Culture=neutral, PublicKeyToken=b77a5c561934e089".
             Çözümlenmiş dosya yolu: "C:\Program Files\dotnet\packs\Microsoft.NETCore.App.Ref\10.0.2\ref\net10.0\System.IO.Compression.ZipFile.dll".
             Başvuru, "{RawFileName}" arama yolu konumunda bulundu.
             En az bir kaynak öğesi için "Private" "false" olarak ayarlanmış olduğundan ve "Private", herhangi bir kaynak öğesi için "true" olarak ayarlanmış olmadığından bu başvuru "CopyLocal" değildir.
         Birincil başvuru: "System.IO.Compression, Version=10.0.0.0, Culture=neutral, PublicKeyToken=b77a5c561934e089".
             Çözümlenmiş dosya yolu: "C:\Program Files\dotnet\packs\Microsoft.NETCore.App.Ref\10.0.2\ref\net10.0\System.IO.Compression.dll".
             Başvuru, "{RawFileName}" arama yolu konumunda bulundu.
             En az bir kaynak öğesi için "Private" "false" olarak ayarlanmış olduğundan ve "Private", herhangi bir kaynak öğesi için "true" olarak ayarlanmış olmadığından bu başvuru "CopyLocal" değildir.
         Birincil başvuru: "System.IO.FileSystem.AccessControl, Version=10.0.0.0, Culture=neutral, PublicKeyToken=b03f5f7f11d50a3a".
             Çözümlenmiş dosya yolu: "C:\Program Files\dotnet\packs\Microsoft.NETCore.App.Ref\10.0.2\ref\net10.0\System.IO.FileSystem.AccessControl.dll".
             Başvuru, "{RawFileName}" arama yolu konumunda bulundu.
             En az bir kaynak öğesi için "Private" "false" olarak ayarlanmış olduğundan ve "Private", herhangi bir kaynak öğesi için "true" olarak ayarlanmış olmadığından bu başvuru "CopyLocal" değildir.
         Birincil başvuru: "System.IO.FileSystem.DriveInfo, Version=10.0.0.0, Culture=neutral, PublicKeyToken=b03f5f7f11d50a3a".
             Çözümlenmiş dosya yolu: "C:\Program Files\dotnet\packs\Microsoft.NETCore.App.Ref\10.0.2\ref\net10.0\System.IO.FileSystem.DriveInfo.dll".
             Başvuru, "{RawFileName}" arama yolu konumunda bulundu.
             En az bir kaynak öğesi için "Private" "false" olarak ayarlanmış olduğundan ve "Private", herhangi bir kaynak öğesi için "true" olarak ayarlanmış olmadığından bu başvuru "CopyLocal" değildir.
         Birincil başvuru: "System.IO.FileSystem.Primitives, Version=10.0.0.0, Culture=neutral, PublicKeyToken=b03f5f7f11d50a3a".
             Çözümlenmiş dosya yolu: "C:\Program Files\dotnet\packs\Microsoft.NETCore.App.Ref\10.0.2\ref\net10.0\System.IO.FileSystem.Primitives.dll".
             Başvuru, "{RawFileName}" arama yolu konumunda bulundu.
             En az bir kaynak öğesi için "Private" "false" olarak ayarlanmış olduğundan ve "Private", herhangi bir kaynak öğesi için "true" olarak ayarlanmış olmadığından bu başvuru "CopyLocal" değildir.
         Birincil başvuru: "System.IO.FileSystem.Watcher, Version=10.0.0.0, Culture=neutral, PublicKeyToken=b03f5f7f11d50a3a".
             Çözümlenmiş dosya yolu: "C:\Program Files\dotnet\packs\Microsoft.NETCore.App.Ref\10.0.2\ref\net10.0\System.IO.FileSystem.Watcher.dll".
             Başvuru, "{RawFileName}" arama yolu konumunda bulundu.
             En az bir kaynak öğesi için "Private" "false" olarak ayarlanmış olduğundan ve "Private", herhangi bir kaynak öğesi için "true" olarak ayarlanmış olmadığından bu başvuru "CopyLocal" değildir.
         Birincil başvuru: "System.IO.FileSystem, Version=10.0.0.0, Culture=neutral, PublicKeyToken=b03f5f7f11d50a3a".
             Çözümlenmiş dosya yolu: "C:\Program Files\dotnet\packs\Microsoft.NETCore.App.Ref\10.0.2\ref\net10.0\System.IO.FileSystem.dll".
             Başvuru, "{RawFileName}" arama yolu konumunda bulundu.
             En az bir kaynak öğesi için "Private" "false" olarak ayarlanmış olduğundan ve "Private", herhangi bir kaynak öğesi için "true" olarak ayarlanmış olmadığından bu başvuru "CopyLocal" değildir.
         Birincil başvuru: "System.IO.IsolatedStorage, Version=10.0.0.0, Culture=neutral, PublicKeyToken=b03f5f7f11d50a3a".
             Çözümlenmiş dosya yolu: "C:\Program Files\dotnet\packs\Microsoft.NETCore.App.Ref\10.0.2\ref\net10.0\System.IO.IsolatedStorage.dll".
             Başvuru, "{RawFileName}" arama yolu konumunda bulundu.
             En az bir kaynak öğesi için "Private" "false" olarak ayarlanmış olduğundan ve "Private", herhangi bir kaynak öğesi için "true" olarak ayarlanmış olmadığından bu başvuru "CopyLocal" değildir.
         Birincil başvuru: "System.IO.MemoryMappedFiles, Version=10.0.0.0, Culture=neutral, PublicKeyToken=b03f5f7f11d50a3a".
             Çözümlenmiş dosya yolu: "C:\Program Files\dotnet\packs\Microsoft.NETCore.App.Ref\10.0.2\ref\net10.0\System.IO.MemoryMappedFiles.dll".
             Başvuru, "{RawFileName}" arama yolu konumunda bulundu.
             En az bir kaynak öğesi için "Private" "false" olarak ayarlanmış olduğundan ve "Private", herhangi bir kaynak öğesi için "true" olarak ayarlanmış olmadığından bu başvuru "CopyLocal" değildir.
         Birincil başvuru: "System.IO.Pipelines, Version=10.0.0.0, Culture=neutral, PublicKeyToken=cc7b13ffcd2ddd51".
             Çözümlenmiş dosya yolu: "C:\Program Files\dotnet\packs\Microsoft.NETCore.App.Ref\10.0.2\ref\net10.0\System.IO.Pipelines.dll".
             Başvuru, "{RawFileName}" arama yolu konumunda bulundu.
             En az bir kaynak öğesi için "Private" "false" olarak ayarlanmış olduğundan ve "Private", herhangi bir kaynak öğesi için "true" olarak ayarlanmış olmadığından bu başvuru "CopyLocal" değildir.
         Birincil başvuru: "System.IO.Pipes.AccessControl, Version=10.0.0.0, Culture=neutral, PublicKeyToken=b03f5f7f11d50a3a".
             Çözümlenmiş dosya yolu: "C:\Program Files\dotnet\packs\Microsoft.NETCore.App.Ref\10.0.2\ref\net10.0\System.IO.Pipes.AccessControl.dll".
             Başvuru, "{RawFileName}" arama yolu konumunda bulundu.
             En az bir kaynak öğesi için "Private" "false" olarak ayarlanmış olduğundan ve "Private", herhangi bir kaynak öğesi için "true" olarak ayarlanmış olmadığından bu başvuru "CopyLocal" değildir.
         Birincil başvuru: "System.IO.Pipes, Version=10.0.0.0, Culture=neutral, PublicKeyToken=b03f5f7f11d50a3a".
             Çözümlenmiş dosya yolu: "C:\Program Files\dotnet\packs\Microsoft.NETCore.App.Ref\10.0.2\ref\net10.0\System.IO.Pipes.dll".
             Başvuru, "{RawFileName}" arama yolu konumunda bulundu.
             En az bir kaynak öğesi için "Private" "false" olarak ayarlanmış olduğundan ve "Private", herhangi bir kaynak öğesi için "true" olarak ayarlanmış olmadığından bu başvuru "CopyLocal" değildir.
         Birincil başvuru: "System.IO.UnmanagedMemoryStream, Version=10.0.0.0, Culture=neutral, PublicKeyToken=b03f5f7f11d50a3a".
             Çözümlenmiş dosya yolu: "C:\Program Files\dotnet\packs\Microsoft.NETCore.App.Ref\10.0.2\ref\net10.0\System.IO.UnmanagedMemoryStream.dll".
             Başvuru, "{RawFileName}" arama yolu konumunda bulundu.
             En az bir kaynak öğesi için "Private" "false" olarak ayarlanmış olduğundan ve "Private", herhangi bir kaynak öğesi için "true" olarak ayarlanmış olmadığından bu başvuru "CopyLocal" değildir.
         Birincil başvuru: "System.IO, Version=10.0.0.0, Culture=neutral, PublicKeyToken=b03f5f7f11d50a3a".
             Çözümlenmiş dosya yolu: "C:\Program Files\dotnet\packs\Microsoft.NETCore.App.Ref\10.0.2\ref\net10.0\System.IO.dll".
             Başvuru, "{RawFileName}" arama yolu konumunda bulundu.
             En az bir kaynak öğesi için "Private" "false" olarak ayarlanmış olduğundan ve "Private", herhangi bir kaynak öğesi için "true" olarak ayarlanmış olmadığından bu başvuru "CopyLocal" değildir.
         Birincil başvuru: "System.Linq.AsyncEnumerable, Version=10.0.0.0, Culture=neutral, PublicKeyToken=b03f5f7f11d50a3a".
             Çözümlenmiş dosya yolu: "C:\Program Files\dotnet\packs\Microsoft.NETCore.App.Ref\10.0.2\ref\net10.0\System.Linq.AsyncEnumerable.dll".
             Başvuru, "{RawFileName}" arama yolu konumunda bulundu.
             En az bir kaynak öğesi için "Private" "false" olarak ayarlanmış olduğundan ve "Private", herhangi bir kaynak öğesi için "true" olarak ayarlanmış olmadığından bu başvuru "CopyLocal" değildir.
         Birincil başvuru: "System.Linq.Expressions, Version=10.0.0.0, Culture=neutral, PublicKeyToken=b03f5f7f11d50a3a".
             Çözümlenmiş dosya yolu: "C:\Program Files\dotnet\packs\Microsoft.NETCore.App.Ref\10.0.2\ref\net10.0\System.Linq.Expressions.dll".
             Başvuru, "{RawFileName}" arama yolu konumunda bulundu.
             En az bir kaynak öğesi için "Private" "false" olarak ayarlanmış olduğundan ve "Private", herhangi bir kaynak öğesi için "true" olarak ayarlanmış olmadığından bu başvuru "CopyLocal" değildir.
         Birincil başvuru: "System.Linq.Parallel, Version=10.0.0.0, Culture=neutral, PublicKeyToken=b03f5f7f11d50a3a".
             Çözümlenmiş dosya yolu: "C:\Program Files\dotnet\packs\Microsoft.NETCore.App.Ref\10.0.2\ref\net10.0\System.Linq.Parallel.dll".
             Başvuru, "{RawFileName}" arama yolu konumunda bulundu.
             En az bir kaynak öğesi için "Private" "false" olarak ayarlanmış olduğundan ve "Private", herhangi bir kaynak öğesi için "true" olarak ayarlanmış olmadığından bu başvuru "CopyLocal" değildir.
         Birincil başvuru: "System.Linq.Queryable, Version=10.0.0.0, Culture=neutral, PublicKeyToken=b03f5f7f11d50a3a".
             Çözümlenmiş dosya yolu: "C:\Program Files\dotnet\packs\Microsoft.NETCore.App.Ref\10.0.2\ref\net10.0\System.Linq.Queryable.dll".
             Başvuru, "{RawFileName}" arama yolu konumunda bulundu.
             En az bir kaynak öğesi için "Private" "false" olarak ayarlanmış olduğundan ve "Private", herhangi bir kaynak öğesi için "true" olarak ayarlanmış olmadığından bu başvuru "CopyLocal" değildir.
         Birincil başvuru: "System.Linq, Version=10.0.0.0, Culture=neutral, PublicKeyToken=b03f5f7f11d50a3a".
             Çözümlenmiş dosya yolu: "C:\Program Files\dotnet\packs\Microsoft.NETCore.App.Ref\10.0.2\ref\net10.0\System.Linq.dll".
             Başvuru, "{RawFileName}" arama yolu konumunda bulundu.
             En az bir kaynak öğesi için "Private" "false" olarak ayarlanmış olduğundan ve "Private", herhangi bir kaynak öğesi için "true" olarak ayarlanmış olmadığından bu başvuru "CopyLocal" değildir.
         Birincil başvuru: "System.Memory, Version=10.0.0.0, Culture=neutral, PublicKeyToken=cc7b13ffcd2ddd51".
             Çözümlenmiş dosya yolu: "C:\Program Files\dotnet\packs\Microsoft.NETCore.App.Ref\10.0.2\ref\net10.0\System.Memory.dll".
             Başvuru, "{RawFileName}" arama yolu konumunda bulundu.
             En az bir kaynak öğesi için "Private" "false" olarak ayarlanmış olduğundan ve "Private", herhangi bir kaynak öğesi için "true" olarak ayarlanmış olmadığından bu başvuru "CopyLocal" değildir.
         Birincil başvuru: "System.Net.Http.Json, Version=10.0.0.0, Culture=neutral, PublicKeyToken=cc7b13ffcd2ddd51".
             Çözümlenmiş dosya yolu: "C:\Program Files\dotnet\packs\Microsoft.NETCore.App.Ref\10.0.2\ref\net10.0\System.Net.Http.Json.dll".
             Başvuru, "{RawFileName}" arama yolu konumunda bulundu.
             En az bir kaynak öğesi için "Private" "false" olarak ayarlanmış olduğundan ve "Private", herhangi bir kaynak öğesi için "true" olarak ayarlanmış olmadığından bu başvuru "CopyLocal" değildir.
         Birincil başvuru: "System.Net.Http, Version=10.0.0.0, Culture=neutral, PublicKeyToken=b03f5f7f11d50a3a".
             Çözümlenmiş dosya yolu: "C:\Program Files\dotnet\packs\Microsoft.NETCore.App.Ref\10.0.2\ref\net10.0\System.Net.Http.dll".
             Başvuru, "{RawFileName}" arama yolu konumunda bulundu.
             En az bir kaynak öğesi için "Private" "false" olarak ayarlanmış olduğundan ve "Private", herhangi bir kaynak öğesi için "true" olarak ayarlanmış olmadığından bu başvuru "CopyLocal" değildir.
         Birincil başvuru: "System.Net.HttpListener, Version=10.0.0.0, Culture=neutral, PublicKeyToken=cc7b13ffcd2ddd51".
             Çözümlenmiş dosya yolu: "C:\Program Files\dotnet\packs\Microsoft.NETCore.App.Ref\10.0.2\ref\net10.0\System.Net.HttpListener.dll".
             Başvuru, "{RawFileName}" arama yolu konumunda bulundu.
             En az bir kaynak öğesi için "Private" "false" olarak ayarlanmış olduğundan ve "Private", herhangi bir kaynak öğesi için "true" olarak ayarlanmış olmadığından bu başvuru "CopyLocal" değildir.
         Birincil başvuru: "System.Net.Mail, Version=10.0.0.0, Culture=neutral, PublicKeyToken=cc7b13ffcd2ddd51".
             Çözümlenmiş dosya yolu: "C:\Program Files\dotnet\packs\Microsoft.NETCore.App.Ref\10.0.2\ref\net10.0\System.Net.Mail.dll".
             Başvuru, "{RawFileName}" arama yolu konumunda bulundu.
             En az bir kaynak öğesi için "Private" "false" olarak ayarlanmış olduğundan ve "Private", herhangi bir kaynak öğesi için "true" olarak ayarlanmış olmadığından bu başvuru "CopyLocal" değildir.
         Birincil başvuru: "System.Net.NameResolution, Version=10.0.0.0, Culture=neutral, PublicKeyToken=b03f5f7f11d50a3a".
             Çözümlenmiş dosya yolu: "C:\Program Files\dotnet\packs\Microsoft.NETCore.App.Ref\10.0.2\ref\net10.0\System.Net.NameResolution.dll".
             Başvuru, "{RawFileName}" arama yolu konumunda bulundu.
             En az bir kaynak öğesi için "Private" "false" olarak ayarlanmış olduğundan ve "Private", herhangi bir kaynak öğesi için "true" olarak ayarlanmış olmadığından bu başvuru "CopyLocal" değildir.
         Birincil başvuru: "System.Net.NetworkInformation, Version=10.0.0.0, Culture=neutral, PublicKeyToken=b03f5f7f11d50a3a".
             Çözümlenmiş dosya yolu: "C:\Program Files\dotnet\packs\Microsoft.NETCore.App.Ref\10.0.2\ref\net10.0\System.Net.NetworkInformation.dll".
             Başvuru, "{RawFileName}" arama yolu konumunda bulundu.
             En az bir kaynak öğesi için "Private" "false" olarak ayarlanmış olduğundan ve "Private", herhangi bir kaynak öğesi için "true" olarak ayarlanmış olmadığından bu başvuru "CopyLocal" değildir.
         Birincil başvuru: "System.Net.Ping, Version=10.0.0.0, Culture=neutral, PublicKeyToken=b03f5f7f11d50a3a".
             Çözümlenmiş dosya yolu: "C:\Program Files\dotnet\packs\Microsoft.NETCore.App.Ref\10.0.2\ref\net10.0\System.Net.Ping.dll".
             Başvuru, "{RawFileName}" arama yolu konumunda bulundu.
             En az bir kaynak öğesi için "Private" "false" olarak ayarlanmış olduğundan ve "Private", herhangi bir kaynak öğesi için "true" olarak ayarlanmış olmadığından bu başvuru "CopyLocal" değildir.
         Birincil başvuru: "System.Net.Primitives, Version=10.0.0.0, Culture=neutral, PublicKeyToken=b03f5f7f11d50a3a".
             Çözümlenmiş dosya yolu: "C:\Program Files\dotnet\packs\Microsoft.NETCore.App.Ref\10.0.2\ref\net10.0\System.Net.Primitives.dll".
             Başvuru, "{RawFileName}" arama yolu konumunda bulundu.
             En az bir kaynak öğesi için "Private" "false" olarak ayarlanmış olduğundan ve "Private", herhangi bir kaynak öğesi için "true" olarak ayarlanmış olmadığından bu başvuru "CopyLocal" değildir.
         Birincil başvuru: "System.Net.Quic, Version=10.0.0.0, Culture=neutral, PublicKeyToken=b03f5f7f11d50a3a".
             Çözümlenmiş dosya yolu: "C:\Program Files\dotnet\packs\Microsoft.NETCore.App.Ref\10.0.2\ref\net10.0\System.Net.Quic.dll".
             Başvuru, "{RawFileName}" arama yolu konumunda bulundu.
             En az bir kaynak öğesi için "Private" "false" olarak ayarlanmış olduğundan ve "Private", herhangi bir kaynak öğesi için "true" olarak ayarlanmış olmadığından bu başvuru "CopyLocal" değildir.
         Birincil başvuru: "System.Net.Requests, Version=10.0.0.0, Culture=neutral, PublicKeyToken=b03f5f7f11d50a3a".
             Çözümlenmiş dosya yolu: "C:\Program Files\dotnet\packs\Microsoft.NETCore.App.Ref\10.0.2\ref\net10.0\System.Net.Requests.dll".
             Başvuru, "{RawFileName}" arama yolu konumunda bulundu.
             En az bir kaynak öğesi için "Private" "false" olarak ayarlanmış olduğundan ve "Private", herhangi bir kaynak öğesi için "true" olarak ayarlanmış olmadığından bu başvuru "CopyLocal" değildir.
         Birincil başvuru: "System.Net.Security, Version=10.0.0.0, Culture=neutral, PublicKeyToken=b03f5f7f11d50a3a".
             Çözümlenmiş dosya yolu: "C:\Program Files\dotnet\packs\Microsoft.NETCore.App.Ref\10.0.2\ref\net10.0\System.Net.Security.dll".
             Başvuru, "{RawFileName}" arama yolu konumunda bulundu.
             En az bir kaynak öğesi için "Private" "false" olarak ayarlanmış olduğundan ve "Private", herhangi bir kaynak öğesi için "true" olarak ayarlanmış olmadığından bu başvuru "CopyLocal" değildir.
         Birincil başvuru: "System.Net.ServerSentEvents, Version=10.0.0.0, Culture=neutral, PublicKeyToken=cc7b13ffcd2ddd51".
             Çözümlenmiş dosya yolu: "C:\Program Files\dotnet\packs\Microsoft.NETCore.App.Ref\10.0.2\ref\net10.0\System.Net.ServerSentEvents.dll".
             Başvuru, "{RawFileName}" arama yolu konumunda bulundu.
             En az bir kaynak öğesi için "Private" "false" olarak ayarlanmış olduğundan ve "Private", herhangi bir kaynak öğesi için "true" olarak ayarlanmış olmadığından bu başvuru "CopyLocal" değildir.
         Birincil başvuru: "System.Net.ServicePoint, Version=10.0.0.0, Culture=neutral, PublicKeyToken=cc7b13ffcd2ddd51".
             Çözümlenmiş dosya yolu: "C:\Program Files\dotnet\packs\Microsoft.NETCore.App.Ref\10.0.2\ref\net10.0\System.Net.ServicePoint.dll".
             Başvuru, "{RawFileName}" arama yolu konumunda bulundu.
             En az bir kaynak öğesi için "Private" "false" olarak ayarlanmış olduğundan ve "Private", herhangi bir kaynak öğesi için "true" olarak ayarlanmış olmadığından bu başvuru "CopyLocal" değildir.
         Birincil başvuru: "System.Net.Sockets, Version=10.0.0.0, Culture=neutral, PublicKeyToken=b03f5f7f11d50a3a".
             Çözümlenmiş dosya yolu: "C:\Program Files\dotnet\packs\Microsoft.NETCore.App.Ref\10.0.2\ref\net10.0\System.Net.Sockets.dll".
             Başvuru, "{RawFileName}" arama yolu konumunda bulundu.
             En az bir kaynak öğesi için "Private" "false" olarak ayarlanmış olduğundan ve "Private", herhangi bir kaynak öğesi için "true" olarak ayarlanmış olmadığından bu başvuru "CopyLocal" değildir.
         Birincil başvuru: "System.Net.WebClient, Version=10.0.0.0, Culture=neutral, PublicKeyToken=cc7b13ffcd2ddd51".
             Çözümlenmiş dosya yolu: "C:\Program Files\dotnet\packs\Microsoft.NETCore.App.Ref\10.0.2\ref\net10.0\System.Net.WebClient.dll".
             Başvuru, "{RawFileName}" arama yolu konumunda bulundu.
             En az bir kaynak öğesi için "Private" "false" olarak ayarlanmış olduğundan ve "Private", herhangi bir kaynak öğesi için "true" olarak ayarlanmış olmadığından bu başvuru "CopyLocal" değildir.
         Birincil başvuru: "System.Net.WebHeaderCollection, Version=10.0.0.0, Culture=neutral, PublicKeyToken=b03f5f7f11d50a3a".
             Çözümlenmiş dosya yolu: "C:\Program Files\dotnet\packs\Microsoft.NETCore.App.Ref\10.0.2\ref\net10.0\System.Net.WebHeaderCollection.dll".
             Başvuru, "{RawFileName}" arama yolu konumunda bulundu.
             En az bir kaynak öğesi için "Private" "false" olarak ayarlanmış olduğundan ve "Private", herhangi bir kaynak öğesi için "true" olarak ayarlanmış olmadığından bu başvuru "CopyLocal" değildir.
         Birincil başvuru: "System.Net.WebProxy, Version=10.0.0.0, Culture=neutral, PublicKeyToken=cc7b13ffcd2ddd51".
             Çözümlenmiş dosya yolu: "C:\Program Files\dotnet\packs\Microsoft.NETCore.App.Ref\10.0.2\ref\net10.0\System.Net.WebProxy.dll".
             Başvuru, "{RawFileName}" arama yolu konumunda bulundu.
             En az bir kaynak öğesi için "Private" "false" olarak ayarlanmış olduğundan ve "Private", herhangi bir kaynak öğesi için "true" olarak ayarlanmış olmadığından bu başvuru "CopyLocal" değildir.
         Birincil başvuru: "System.Net.WebSockets.Client, Version=10.0.0.0, Culture=neutral, PublicKeyToken=b03f5f7f11d50a3a".
             Çözümlenmiş dosya yolu: "C:\Program Files\dotnet\packs\Microsoft.NETCore.App.Ref\10.0.2\ref\net10.0\System.Net.WebSockets.Client.dll".
             Başvuru, "{RawFileName}" arama yolu konumunda bulundu.
             En az bir kaynak öğesi için "Private" "false" olarak ayarlanmış olduğundan ve "Private", herhangi bir kaynak öğesi için "true" olarak ayarlanmış olmadığından bu başvuru "CopyLocal" değildir.
         Birincil başvuru: "System.Net.WebSockets, Version=10.0.0.0, Culture=neutral, PublicKeyToken=b03f5f7f11d50a3a".
             Çözümlenmiş dosya yolu: "C:\Program Files\dotnet\packs\Microsoft.NETCore.App.Ref\10.0.2\ref\net10.0\System.Net.WebSockets.dll".
             Başvuru, "{RawFileName}" arama yolu konumunda bulundu.
             En az bir kaynak öğesi için "Private" "false" olarak ayarlanmış olduğundan ve "Private", herhangi bir kaynak öğesi için "true" olarak ayarlanmış olmadığından bu başvuru "CopyLocal" değildir.
         Birincil başvuru: "System.Net, Version=4.0.0.0, Culture=neutral, PublicKeyToken=b03f5f7f11d50a3a".
             Çözümlenmiş dosya yolu: "C:\Program Files\dotnet\packs\Microsoft.NETCore.App.Ref\10.0.2\ref\net10.0\System.Net.dll".
             Başvuru, "{RawFileName}" arama yolu konumunda bulundu.
             En az bir kaynak öğesi için "Private" "false" olarak ayarlanmış olduğundan ve "Private", herhangi bir kaynak öğesi için "true" olarak ayarlanmış olmadığından bu başvuru "CopyLocal" değildir.
         Birincil başvuru: "System.Numerics.Vectors, Version=10.0.0.0, Culture=neutral, PublicKeyToken=b03f5f7f11d50a3a".
             Çözümlenmiş dosya yolu: "C:\Program Files\dotnet\packs\Microsoft.NETCore.App.Ref\10.0.2\ref\net10.0\System.Numerics.Vectors.dll".
             Başvuru, "{RawFileName}" arama yolu konumunda bulundu.
             En az bir kaynak öğesi için "Private" "false" olarak ayarlanmış olduğundan ve "Private", herhangi bir kaynak öğesi için "true" olarak ayarlanmış olmadığından bu başvuru "CopyLocal" değildir.
         Birincil başvuru: "System.Numerics, Version=4.0.0.0, Culture=neutral, PublicKeyToken=b77a5c561934e089".
             Çözümlenmiş dosya yolu: "C:\Program Files\dotnet\packs\Microsoft.NETCore.App.Ref\10.0.2\ref\net10.0\System.Numerics.dll".
             Başvuru, "{RawFileName}" arama yolu konumunda bulundu.
             En az bir kaynak öğesi için "Private" "false" olarak ayarlanmış olduğundan ve "Private", herhangi bir kaynak öğesi için "true" olarak ayarlanmış olmadığından bu başvuru "CopyLocal" değildir.
         Birincil başvuru: "System.ObjectModel, Version=10.0.0.0, Culture=neutral, PublicKeyToken=b03f5f7f11d50a3a".
             Çözümlenmiş dosya yolu: "C:\Program Files\dotnet\packs\Microsoft.NETCore.App.Ref\10.0.2\ref\net10.0\System.ObjectModel.dll".
             Başvuru, "{RawFileName}" arama yolu konumunda bulundu.
             En az bir kaynak öğesi için "Private" "false" olarak ayarlanmış olduğundan ve "Private", herhangi bir kaynak öğesi için "true" olarak ayarlanmış olmadığından bu başvuru "CopyLocal" değildir.
         Birincil başvuru: "System.Reflection.DispatchProxy, Version=10.0.0.0, Culture=neutral, PublicKeyToken=b03f5f7f11d50a3a".
             Çözümlenmiş dosya yolu: "C:\Program Files\dotnet\packs\Microsoft.NETCore.App.Ref\10.0.2\ref\net10.0\System.Reflection.DispatchProxy.dll".
             Başvuru, "{RawFileName}" arama yolu konumunda bulundu.
             En az bir kaynak öğesi için "Private" "false" olarak ayarlanmış olduğundan ve "Private", herhangi bir kaynak öğesi için "true" olarak ayarlanmış olmadığından bu başvuru "CopyLocal" değildir.
         Birincil başvuru: "System.Reflection.Emit.ILGeneration, Version=10.0.0.0, Culture=neutral, PublicKeyToken=b03f5f7f11d50a3a".
             Çözümlenmiş dosya yolu: "C:\Program Files\dotnet\packs\Microsoft.NETCore.App.Ref\10.0.2\ref\net10.0\System.Reflection.Emit.ILGeneration.dll".
             Başvuru, "{RawFileName}" arama yolu konumunda bulundu.
             En az bir kaynak öğesi için "Private" "false" olarak ayarlanmış olduğundan ve "Private", herhangi bir kaynak öğesi için "true" olarak ayarlanmış olmadığından bu başvuru "CopyLocal" değildir.
         Birincil başvuru: "System.Reflection.Emit.Lightweight, Version=10.0.0.0, Culture=neutral, PublicKeyToken=b03f5f7f11d50a3a".
             Çözümlenmiş dosya yolu: "C:\Program Files\dotnet\packs\Microsoft.NETCore.App.Ref\10.0.2\ref\net10.0\System.Reflection.Emit.Lightweight.dll".
             Başvuru, "{RawFileName}" arama yolu konumunda bulundu.
             En az bir kaynak öğesi için "Private" "false" olarak ayarlanmış olduğundan ve "Private", herhangi bir kaynak öğesi için "true" olarak ayarlanmış olmadığından bu başvuru "CopyLocal" değildir.
         Birincil başvuru: "System.Reflection.Emit, Version=10.0.0.0, Culture=neutral, PublicKeyToken=b03f5f7f11d50a3a".
             Çözümlenmiş dosya yolu: "C:\Program Files\dotnet\packs\Microsoft.NETCore.App.Ref\10.0.2\ref\net10.0\System.Reflection.Emit.dll".
             Başvuru, "{RawFileName}" arama yolu konumunda bulundu.
             En az bir kaynak öğesi için "Private" "false" olarak ayarlanmış olduğundan ve "Private", herhangi bir kaynak öğesi için "true" olarak ayarlanmış olmadığından bu başvuru "CopyLocal" değildir.
         Birincil başvuru: "System.Reflection.Extensions, Version=10.0.0.0, Culture=neutral, PublicKeyToken=b03f5f7f11d50a3a".
             Çözümlenmiş dosya yolu: "C:\Program Files\dotnet\packs\Microsoft.NETCore.App.Ref\10.0.2\ref\net10.0\System.Reflection.Extensions.dll".
             Başvuru, "{RawFileName}" arama yolu konumunda bulundu.
             En az bir kaynak öğesi için "Private" "false" olarak ayarlanmış olduğundan ve "Private", herhangi bir kaynak öğesi için "true" olarak ayarlanmış olmadığından bu başvuru "CopyLocal" değildir.
         Birincil başvuru: "System.Reflection.Metadata, Version=10.0.0.0, Culture=neutral, PublicKeyToken=b03f5f7f11d50a3a".
             Çözümlenmiş dosya yolu: "C:\Program Files\dotnet\packs\Microsoft.NETCore.App.Ref\10.0.2\ref\net10.0\System.Reflection.Metadata.dll".
             Başvuru, "{RawFileName}" arama yolu konumunda bulundu.
             En az bir kaynak öğesi için "Private" "false" olarak ayarlanmış olduğundan ve "Private", herhangi bir kaynak öğesi için "true" olarak ayarlanmış olmadığından bu başvuru "CopyLocal" değildir.
         Birincil başvuru: "System.Reflection.Primitives, Version=10.0.0.0, Culture=neutral, PublicKeyToken=b03f5f7f11d50a3a".
             Çözümlenmiş dosya yolu: "C:\Program Files\dotnet\packs\Microsoft.NETCore.App.Ref\10.0.2\ref\net10.0\System.Reflection.Primitives.dll".
             Başvuru, "{RawFileName}" arama yolu konumunda bulundu.
             En az bir kaynak öğesi için "Private" "false" olarak ayarlanmış olduğundan ve "Private", herhangi bir kaynak öğesi için "true" olarak ayarlanmış olmadığından bu başvuru "CopyLocal" değildir.
         Birincil başvuru: "System.Reflection.TypeExtensions, Version=10.0.0.0, Culture=neutral, PublicKeyToken=b03f5f7f11d50a3a".
             Çözümlenmiş dosya yolu: "C:\Program Files\dotnet\packs\Microsoft.NETCore.App.Ref\10.0.2\ref\net10.0\System.Reflection.TypeExtensions.dll".
             Başvuru, "{RawFileName}" arama yolu konumunda bulundu.
             En az bir kaynak öğesi için "Private" "false" olarak ayarlanmış olduğundan ve "Private", herhangi bir kaynak öğesi için "true" olarak ayarlanmış olmadığından bu başvuru "CopyLocal" değildir.
         Birincil başvuru: "System.Reflection, Version=10.0.0.0, Culture=neutral, PublicKeyToken=b03f5f7f11d50a3a".
             Çözümlenmiş dosya yolu: "C:\Program Files\dotnet\packs\Microsoft.NETCore.App.Ref\10.0.2\ref\net10.0\System.Reflection.dll".
             Başvuru, "{RawFileName}" arama yolu konumunda bulundu.
             En az bir kaynak öğesi için "Private" "false" olarak ayarlanmış olduğundan ve "Private", herhangi bir kaynak öğesi için "true" olarak ayarlanmış olmadığından bu başvuru "CopyLocal" değildir.
         Birincil başvuru: "System.Resources.Reader, Version=10.0.0.0, Culture=neutral, PublicKeyToken=b03f5f7f11d50a3a".
             Çözümlenmiş dosya yolu: "C:\Program Files\dotnet\packs\Microsoft.NETCore.App.Ref\10.0.2\ref\net10.0\System.Resources.Reader.dll".
             Başvuru, "{RawFileName}" arama yolu konumunda bulundu.
             En az bir kaynak öğesi için "Private" "false" olarak ayarlanmış olduğundan ve "Private", herhangi bir kaynak öğesi için "true" olarak ayarlanmış olmadığından bu başvuru "CopyLocal" değildir.
         Birincil başvuru: "System.Resources.ResourceManager, Version=10.0.0.0, Culture=neutral, PublicKeyToken=b03f5f7f11d50a3a".
             Çözümlenmiş dosya yolu: "C:\Program Files\dotnet\packs\Microsoft.NETCore.App.Ref\10.0.2\ref\net10.0\System.Resources.ResourceManager.dll".
             Başvuru, "{RawFileName}" arama yolu konumunda bulundu.
             En az bir kaynak öğesi için "Private" "false" olarak ayarlanmış olduğundan ve "Private", herhangi bir kaynak öğesi için "true" olarak ayarlanmış olmadığından bu başvuru "CopyLocal" değildir.
         Birincil başvuru: "System.Resources.Writer, Version=10.0.0.0, Culture=neutral, PublicKeyToken=b03f5f7f11d50a3a".
             Çözümlenmiş dosya yolu: "C:\Program Files\dotnet\packs\Microsoft.NETCore.App.Ref\10.0.2\ref\net10.0\System.Resources.Writer.dll".
             Başvuru, "{RawFileName}" arama yolu konumunda bulundu.
             En az bir kaynak öğesi için "Private" "false" olarak ayarlanmış olduğundan ve "Private", herhangi bir kaynak öğesi için "true" olarak ayarlanmış olmadığından bu başvuru "CopyLocal" değildir.
         Birincil başvuru: "System.Runtime.CompilerServices.Unsafe, Version=10.0.0.0, Culture=neutral, PublicKeyToken=b03f5f7f11d50a3a".
             Çözümlenmiş dosya yolu: "C:\Program Files\dotnet\packs\Microsoft.NETCore.App.Ref\10.0.2\ref\net10.0\System.Runtime.CompilerServices.Unsafe.dll".
             Başvuru, "{RawFileName}" arama yolu konumunda bulundu.
             En az bir kaynak öğesi için "Private" "false" olarak ayarlanmış olduğundan ve "Private", herhangi bir kaynak öğesi için "true" olarak ayarlanmış olmadığından bu başvuru "CopyLocal" değildir.
         Birincil başvuru: "System.Runtime.CompilerServices.VisualC, Version=10.0.0.0, Culture=neutral, PublicKeyToken=b03f5f7f11d50a3a".
             Çözümlenmiş dosya yolu: "C:\Program Files\dotnet\packs\Microsoft.NETCore.App.Ref\10.0.2\ref\net10.0\System.Runtime.CompilerServices.VisualC.dll".
             Başvuru, "{RawFileName}" arama yolu konumunda bulundu.
             En az bir kaynak öğesi için "Private" "false" olarak ayarlanmış olduğundan ve "Private", herhangi bir kaynak öğesi için "true" olarak ayarlanmış olmadığından bu başvuru "CopyLocal" değildir.
         Birincil başvuru: "System.Runtime.Extensions, Version=10.0.0.0, Culture=neutral, PublicKeyToken=b03f5f7f11d50a3a".
             Çözümlenmiş dosya yolu: "C:\Program Files\dotnet\packs\Microsoft.NETCore.App.Ref\10.0.2\ref\net10.0\System.Runtime.Extensions.dll".
             Başvuru, "{RawFileName}" arama yolu konumunda bulundu.
             En az bir kaynak öğesi için "Private" "false" olarak ayarlanmış olduğundan ve "Private", herhangi bir kaynak öğesi için "true" olarak ayarlanmış olmadığından bu başvuru "CopyLocal" değildir.
         Birincil başvuru: "System.Runtime.Handles, Version=10.0.0.0, Culture=neutral, PublicKeyToken=b03f5f7f11d50a3a".
             Çözümlenmiş dosya yolu: "C:\Program Files\dotnet\packs\Microsoft.NETCore.App.Ref\10.0.2\ref\net10.0\System.Runtime.Handles.dll".
             Başvuru, "{RawFileName}" arama yolu konumunda bulundu.
             En az bir kaynak öğesi için "Private" "false" olarak ayarlanmış olduğundan ve "Private", herhangi bir kaynak öğesi için "true" olarak ayarlanmış olmadığından bu başvuru "CopyLocal" değildir.
         Birincil başvuru: "System.Runtime.InteropServices.JavaScript, Version=10.0.0.0, Culture=neutral, PublicKeyToken=b03f5f7f11d50a3a".
             Çözümlenmiş dosya yolu: "C:\Program Files\dotnet\packs\Microsoft.NETCore.App.Ref\10.0.2\ref\net10.0\System.Runtime.InteropServices.JavaScript.dll".
             Başvuru, "{RawFileName}" arama yolu konumunda bulundu.
             En az bir kaynak öğesi için "Private" "false" olarak ayarlanmış olduğundan ve "Private", herhangi bir kaynak öğesi için "true" olarak ayarlanmış olmadığından bu başvuru "CopyLocal" değildir.
         Birincil başvuru: "System.Runtime.InteropServices.RuntimeInformation, Version=10.0.0.0, Culture=neutral, PublicKeyToken=b03f5f7f11d50a3a".
             Çözümlenmiş dosya yolu: "C:\Program Files\dotnet\packs\Microsoft.NETCore.App.Ref\10.0.2\ref\net10.0\System.Runtime.InteropServices.RuntimeInformation.dll".
             Başvuru, "{RawFileName}" arama yolu konumunda bulundu.
             En az bir kaynak öğesi için "Private" "false" olarak ayarlanmış olduğundan ve "Private", herhangi bir kaynak öğesi için "true" olarak ayarlanmış olmadığından bu başvuru "CopyLocal" değildir.
         Birincil başvuru: "System.Runtime.InteropServices, Version=10.0.0.0, Culture=neutral, PublicKeyToken=b03f5f7f11d50a3a".
             Çözümlenmiş dosya yolu: "C:\Program Files\dotnet\packs\Microsoft.NETCore.App.Ref\10.0.2\ref\net10.0\System.Runtime.InteropServices.dll".
             Başvuru, "{RawFileName}" arama yolu konumunda bulundu.
             En az bir kaynak öğesi için "Private" "false" olarak ayarlanmış olduğundan ve "Private", herhangi bir kaynak öğesi için "true" olarak ayarlanmış olmadığından bu başvuru "CopyLocal" değildir.
         Birincil başvuru: "System.Runtime.Intrinsics, Version=10.0.0.0, Culture=neutral, PublicKeyToken=cc7b13ffcd2ddd51".
             Çözümlenmiş dosya yolu: "C:\Program Files\dotnet\packs\Microsoft.NETCore.App.Ref\10.0.2\ref\net10.0\System.Runtime.Intrinsics.dll".
             Başvuru, "{RawFileName}" arama yolu konumunda bulundu.
             En az bir kaynak öğesi için "Private" "false" olarak ayarlanmış olduğundan ve "Private", herhangi bir kaynak öğesi için "true" olarak ayarlanmış olmadığından bu başvuru "CopyLocal" değildir.
         Birincil başvuru: "System.Runtime.Loader, Version=10.0.0.0, Culture=neutral, PublicKeyToken=b03f5f7f11d50a3a".
             Çözümlenmiş dosya yolu: "C:\Program Files\dotnet\packs\Microsoft.NETCore.App.Ref\10.0.2\ref\net10.0\System.Runtime.Loader.dll".
             Başvuru, "{RawFileName}" arama yolu konumunda bulundu.
             En az bir kaynak öğesi için "Private" "false" olarak ayarlanmış olduğundan ve "Private", herhangi bir kaynak öğesi için "true" olarak ayarlanmış olmadığından bu başvuru "CopyLocal" değildir.
         Birincil başvuru: "System.Runtime.Numerics, Version=10.0.0.0, Culture=neutral, PublicKeyToken=b03f5f7f11d50a3a".
             Çözümlenmiş dosya yolu: "C:\Program Files\dotnet\packs\Microsoft.NETCore.App.Ref\10.0.2\ref\net10.0\System.Runtime.Numerics.dll".
             Başvuru, "{RawFileName}" arama yolu konumunda bulundu.
             En az bir kaynak öğesi için "Private" "false" olarak ayarlanmış olduğundan ve "Private", herhangi bir kaynak öğesi için "true" olarak ayarlanmış olmadığından bu başvuru "CopyLocal" değildir.
         Birincil başvuru: "System.Runtime.Serialization.Formatters, Version=8.1.0.0, Culture=neutral, PublicKeyToken=b03f5f7f11d50a3a".
             Çözümlenmiş dosya yolu: "C:\Program Files\dotnet\packs\Microsoft.NETCore.App.Ref\10.0.2\ref\net10.0\System.Runtime.Serialization.Formatters.dll".
             Başvuru, "{RawFileName}" arama yolu konumunda bulundu.
             En az bir kaynak öğesi için "Private" "false" olarak ayarlanmış olduğundan ve "Private", herhangi bir kaynak öğesi için "true" olarak ayarlanmış olmadığından bu başvuru "CopyLocal" değildir.
         Birincil başvuru: "System.Runtime.Serialization.Json, Version=10.0.0.0, Culture=neutral, PublicKeyToken=b03f5f7f11d50a3a".
             Çözümlenmiş dosya yolu: "C:\Program Files\dotnet\packs\Microsoft.NETCore.App.Ref\10.0.2\ref\net10.0\System.Runtime.Serialization.Json.dll".
             Başvuru, "{RawFileName}" arama yolu konumunda bulundu.
             En az bir kaynak öğesi için "Private" "false" olarak ayarlanmış olduğundan ve "Private", herhangi bir kaynak öğesi için "true" olarak ayarlanmış olmadığından bu başvuru "CopyLocal" değildir.
         Birincil başvuru: "System.Runtime.Serialization.Primitives, Version=10.0.0.0, Culture=neutral, PublicKeyToken=b03f5f7f11d50a3a".
             Çözümlenmiş dosya yolu: "C:\Program Files\dotnet\packs\Microsoft.NETCore.App.Ref\10.0.2\ref\net10.0\System.Runtime.Serialization.Primitives.dll".
             Başvuru, "{RawFileName}" arama yolu konumunda bulundu.
             En az bir kaynak öğesi için "Private" "false" olarak ayarlanmış olduğundan ve "Private", herhangi bir kaynak öğesi için "true" olarak ayarlanmış olmadığından bu başvuru "CopyLocal" değildir.
         Birincil başvuru: "System.Runtime.Serialization.Xml, Version=10.0.0.0, Culture=neutral, PublicKeyToken=b03f5f7f11d50a3a".
             Çözümlenmiş dosya yolu: "C:\Program Files\dotnet\packs\Microsoft.NETCore.App.Ref\10.0.2\ref\net10.0\System.Runtime.Serialization.Xml.dll".
             Başvuru, "{RawFileName}" arama yolu konumunda bulundu.
             En az bir kaynak öğesi için "Private" "false" olarak ayarlanmış olduğundan ve "Private", herhangi bir kaynak öğesi için "true" olarak ayarlanmış olmadığından bu başvuru "CopyLocal" değildir.
         Birincil başvuru: "System.Runtime.Serialization, Version=4.0.0.0, Culture=neutral, PublicKeyToken=b77a5c561934e089".
             Çözümlenmiş dosya yolu: "C:\Program Files\dotnet\packs\Microsoft.NETCore.App.Ref\10.0.2\ref\net10.0\System.Runtime.Serialization.dll".
             Başvuru, "{RawFileName}" arama yolu konumunda bulundu.
             En az bir kaynak öğesi için "Private" "false" olarak ayarlanmış olduğundan ve "Private", herhangi bir kaynak öğesi için "true" olarak ayarlanmış olmadığından bu başvuru "CopyLocal" değildir.
         Birincil başvuru: "System.Runtime, Version=10.0.0.0, Culture=neutral, PublicKeyToken=b03f5f7f11d50a3a".
             Çözümlenmiş dosya yolu: "C:\Program Files\dotnet\packs\Microsoft.NETCore.App.Ref\10.0.2\ref\net10.0\System.Runtime.dll".
             Başvuru, "{RawFileName}" arama yolu konumunda bulundu.
             En az bir kaynak öğesi için "Private" "false" olarak ayarlanmış olduğundan ve "Private", herhangi bir kaynak öğesi için "true" olarak ayarlanmış olmadığından bu başvuru "CopyLocal" değildir.
         Birincil başvuru: "System.Security.AccessControl, Version=10.0.0.0, Culture=neutral, PublicKeyToken=b03f5f7f11d50a3a".
             Çözümlenmiş dosya yolu: "C:\Program Files\dotnet\packs\Microsoft.NETCore.App.Ref\10.0.2\ref\net10.0\System.Security.AccessControl.dll".
             Başvuru, "{RawFileName}" arama yolu konumunda bulundu.
             En az bir kaynak öğesi için "Private" "false" olarak ayarlanmış olduğundan ve "Private", herhangi bir kaynak öğesi için "true" olarak ayarlanmış olmadığından bu başvuru "CopyLocal" değildir.
         Birincil başvuru: "System.Security.Claims, Version=10.0.0.0, Culture=neutral, PublicKeyToken=b03f5f7f11d50a3a".
             Çözümlenmiş dosya yolu: "C:\Program Files\dotnet\packs\Microsoft.NETCore.App.Ref\10.0.2\ref\net10.0\System.Security.Claims.dll".
             Başvuru, "{RawFileName}" arama yolu konumunda bulundu.
             En az bir kaynak öğesi için "Private" "false" olarak ayarlanmış olduğundan ve "Private", herhangi bir kaynak öğesi için "true" olarak ayarlanmış olmadığından bu başvuru "CopyLocal" değildir.
         Birincil başvuru: "System.Security.Cryptography.Algorithms, Version=10.0.0.0, Culture=neutral, PublicKeyToken=b03f5f7f11d50a3a".
             Çözümlenmiş dosya yolu: "C:\Program Files\dotnet\packs\Microsoft.NETCore.App.Ref\10.0.2\ref\net10.0\System.Security.Cryptography.Algorithms.dll".
             Başvuru, "{RawFileName}" arama yolu konumunda bulundu.
             En az bir kaynak öğesi için "Private" "false" olarak ayarlanmış olduğundan ve "Private", herhangi bir kaynak öğesi için "true" olarak ayarlanmış olmadığından bu başvuru "CopyLocal" değildir.
         Birincil başvuru: "System.Security.Cryptography.Cng, Version=10.0.0.0, Culture=neutral, PublicKeyToken=b03f5f7f11d50a3a".
             Çözümlenmiş dosya yolu: "C:\Program Files\dotnet\packs\Microsoft.NETCore.App.Ref\10.0.2\ref\net10.0\System.Security.Cryptography.Cng.dll".
             Başvuru, "{RawFileName}" arama yolu konumunda bulundu.
             En az bir kaynak öğesi için "Private" "false" olarak ayarlanmış olduğundan ve "Private", herhangi bir kaynak öğesi için "true" olarak ayarlanmış olmadığından bu başvuru "CopyLocal" değildir.
         Birincil başvuru: "System.Security.Cryptography.Csp, Version=10.0.0.0, Culture=neutral, PublicKeyToken=b03f5f7f11d50a3a".
             Çözümlenmiş dosya yolu: "C:\Program Files\dotnet\packs\Microsoft.NETCore.App.Ref\10.0.2\ref\net10.0\System.Security.Cryptography.Csp.dll".
             Başvuru, "{RawFileName}" arama yolu konumunda bulundu.
             En az bir kaynak öğesi için "Private" "false" olarak ayarlanmış olduğundan ve "Private", herhangi bir kaynak öğesi için "true" olarak ayarlanmış olmadığından bu başvuru "CopyLocal" değildir.
         Birincil başvuru: "System.Security.Cryptography.Encoding, Version=10.0.0.0, Culture=neutral, PublicKeyToken=b03f5f7f11d50a3a".
             Çözümlenmiş dosya yolu: "C:\Program Files\dotnet\packs\Microsoft.NETCore.App.Ref\10.0.2\ref\net10.0\System.Security.Cryptography.Encoding.dll".
             Başvuru, "{RawFileName}" arama yolu konumunda bulundu.
             En az bir kaynak öğesi için "Private" "false" olarak ayarlanmış olduğundan ve "Private", herhangi bir kaynak öğesi için "true" olarak ayarlanmış olmadığından bu başvuru "CopyLocal" değildir.
         Birincil başvuru: "System.Security.Cryptography.OpenSsl, Version=10.0.0.0, Culture=neutral, PublicKeyToken=b03f5f7f11d50a3a".
             Çözümlenmiş dosya yolu: "C:\Program Files\dotnet\packs\Microsoft.NETCore.App.Ref\10.0.2\ref\net10.0\System.Security.Cryptography.OpenSsl.dll".
             Başvuru, "{RawFileName}" arama yolu konumunda bulundu.
             En az bir kaynak öğesi için "Private" "false" olarak ayarlanmış olduğundan ve "Private", herhangi bir kaynak öğesi için "true" olarak ayarlanmış olmadığından bu başvuru "CopyLocal" değildir.
         Birincil başvuru: "System.Security.Cryptography.Primitives, Version=10.0.0.0, Culture=neutral, PublicKeyToken=b03f5f7f11d50a3a".
             Çözümlenmiş dosya yolu: "C:\Program Files\dotnet\packs\Microsoft.NETCore.App.Ref\10.0.2\ref\net10.0\System.Security.Cryptography.Primitives.dll".
             Başvuru, "{RawFileName}" arama yolu konumunda bulundu.
             En az bir kaynak öğesi için "Private" "false" olarak ayarlanmış olduğundan ve "Private", herhangi bir kaynak öğesi için "true" olarak ayarlanmış olmadığından bu başvuru "CopyLocal" değildir.
         Birincil başvuru: "System.Security.Cryptography.X509Certificates, Version=10.0.0.0, Culture=neutral, PublicKeyToken=b03f5f7f11d50a3a".
             Çözümlenmiş dosya yolu: "C:\Program Files\dotnet\packs\Microsoft.NETCore.App.Ref\10.0.2\ref\net10.0\System.Security.Cryptography.X509Certificates.dll".
             Başvuru, "{RawFileName}" arama yolu konumunda bulundu.
             En az bir kaynak öğesi için "Private" "false" olarak ayarlanmış olduğundan ve "Private", herhangi bir kaynak öğesi için "true" olarak ayarlanmış olmadığından bu başvuru "CopyLocal" değildir.
         Birincil başvuru: "System.Security.Cryptography, Version=10.0.0.0, Culture=neutral, PublicKeyToken=b03f5f7f11d50a3a".
             Çözümlenmiş dosya yolu: "C:\Program Files\dotnet\packs\Microsoft.NETCore.App.Ref\10.0.2\ref\net10.0\System.Security.Cryptography.dll".
             Başvuru, "{RawFileName}" arama yolu konumunda bulundu.
             En az bir kaynak öğesi için "Private" "false" olarak ayarlanmış olduğundan ve "Private", herhangi bir kaynak öğesi için "true" olarak ayarlanmış olmadığından bu başvuru "CopyLocal" değildir.
         Birincil başvuru: "System.Security.Principal.Windows, Version=10.0.0.0, Culture=neutral, PublicKeyToken=b03f5f7f11d50a3a".
             Çözümlenmiş dosya yolu: "C:\Program Files\dotnet\packs\Microsoft.NETCore.App.Ref\10.0.2\ref\net10.0\System.Security.Principal.Windows.dll".
             Başvuru, "{RawFileName}" arama yolu konumunda bulundu.
             En az bir kaynak öğesi için "Private" "false" olarak ayarlanmış olduğundan ve "Private", herhangi bir kaynak öğesi için "true" olarak ayarlanmış olmadığından bu başvuru "CopyLocal" değildir.
         Birincil başvuru: "System.Security.Principal, Version=10.0.0.0, Culture=neutral, PublicKeyToken=b03f5f7f11d50a3a".
             Çözümlenmiş dosya yolu: "C:\Program Files\dotnet\packs\Microsoft.NETCore.App.Ref\10.0.2\ref\net10.0\System.Security.Principal.dll".
             Başvuru, "{RawFileName}" arama yolu konumunda bulundu.
             En az bir kaynak öğesi için "Private" "false" olarak ayarlanmış olduğundan ve "Private", herhangi bir kaynak öğesi için "true" olarak ayarlanmış olmadığından bu başvuru "CopyLocal" değildir.
         Birincil başvuru: "System.Security.SecureString, Version=10.0.0.0, Culture=neutral, PublicKeyToken=b03f5f7f11d50a3a".
             Çözümlenmiş dosya yolu: "C:\Program Files\dotnet\packs\Microsoft.NETCore.App.Ref\10.0.2\ref\net10.0\System.Security.SecureString.dll".
             Başvuru, "{RawFileName}" arama yolu konumunda bulundu.
             En az bir kaynak öğesi için "Private" "false" olarak ayarlanmış olduğundan ve "Private", herhangi bir kaynak öğesi için "true" olarak ayarlanmış olmadığından bu başvuru "CopyLocal" değildir.
         Birincil başvuru: "System.Security, Version=4.0.0.0, Culture=neutral, PublicKeyToken=b03f5f7f11d50a3a".
             Çözümlenmiş dosya yolu: "C:\Program Files\dotnet\packs\Microsoft.NETCore.App.Ref\10.0.2\ref\net10.0\System.Security.dll".
             Başvuru, "{RawFileName}" arama yolu konumunda bulundu.
             En az bir kaynak öğesi için "Private" "false" olarak ayarlanmış olduğundan ve "Private", herhangi bir kaynak öğesi için "true" olarak ayarlanmış olmadığından bu başvuru "CopyLocal" değildir.
         Birincil başvuru: "System.ServiceModel.Web, Version=4.0.0.0, Culture=neutral, PublicKeyToken=31bf3856ad364e35".
             Çözümlenmiş dosya yolu: "C:\Program Files\dotnet\packs\Microsoft.NETCore.App.Ref\10.0.2\ref\net10.0\System.ServiceModel.Web.dll".
             Başvuru, "{RawFileName}" arama yolu konumunda bulundu.
             En az bir kaynak öğesi için "Private" "false" olarak ayarlanmış olduğundan ve "Private", herhangi bir kaynak öğesi için "true" olarak ayarlanmış olmadığından bu başvuru "CopyLocal" değildir.
         Birincil başvuru: "System.ServiceProcess, Version=4.0.0.0, Culture=neutral, PublicKeyToken=b03f5f7f11d50a3a".
             Çözümlenmiş dosya yolu: "C:\Program Files\dotnet\packs\Microsoft.NETCore.App.Ref\10.0.2\ref\net10.0\System.ServiceProcess.dll".
             Başvuru, "{RawFileName}" arama yolu konumunda bulundu.
             En az bir kaynak öğesi için "Private" "false" olarak ayarlanmış olduğundan ve "Private", herhangi bir kaynak öğesi için "true" olarak ayarlanmış olmadığından bu başvuru "CopyLocal" değildir.
         Birincil başvuru: "System.Text.Encoding.CodePages, Version=10.0.0.0, Culture=neutral, PublicKeyToken=b03f5f7f11d50a3a".
             Çözümlenmiş dosya yolu: "C:\Program Files\dotnet\packs\Microsoft.NETCore.App.Ref\10.0.2\ref\net10.0\System.Text.Encoding.CodePages.dll".
             Başvuru, "{RawFileName}" arama yolu konumunda bulundu.
             En az bir kaynak öğesi için "Private" "false" olarak ayarlanmış olduğundan ve "Private", herhangi bir kaynak öğesi için "true" olarak ayarlanmış olmadığından bu başvuru "CopyLocal" değildir.
         Birincil başvuru: "System.Text.Encoding.Extensions, Version=10.0.0.0, Culture=neutral, PublicKeyToken=b03f5f7f11d50a3a".
             Çözümlenmiş dosya yolu: "C:\Program Files\dotnet\packs\Microsoft.NETCore.App.Ref\10.0.2\ref\net10.0\System.Text.Encoding.Extensions.dll".
             Başvuru, "{RawFileName}" arama yolu konumunda bulundu.
             En az bir kaynak öğesi için "Private" "false" olarak ayarlanmış olduğundan ve "Private", herhangi bir kaynak öğesi için "true" olarak ayarlanmış olmadığından bu başvuru "CopyLocal" değildir.
         Birincil başvuru: "System.Text.Encoding, Version=10.0.0.0, Culture=neutral, PublicKeyToken=b03f5f7f11d50a3a".
             Çözümlenmiş dosya yolu: "C:\Program Files\dotnet\packs\Microsoft.NETCore.App.Ref\10.0.2\ref\net10.0\System.Text.Encoding.dll".
             Başvuru, "{RawFileName}" arama yolu konumunda bulundu.
             En az bir kaynak öğesi için "Private" "false" olarak ayarlanmış olduğundan ve "Private", herhangi bir kaynak öğesi için "true" olarak ayarlanmış olmadığından bu başvuru "CopyLocal" değildir.
         Birincil başvuru: "System.Text.Encodings.Web, Version=10.0.0.0, Culture=neutral, PublicKeyToken=cc7b13ffcd2ddd51".
             Çözümlenmiş dosya yolu: "C:\Program Files\dotnet\packs\Microsoft.NETCore.App.Ref\10.0.2\ref\net10.0\System.Text.Encodings.Web.dll".
             Başvuru, "{RawFileName}" arama yolu konumunda bulundu.
             En az bir kaynak öğesi için "Private" "false" olarak ayarlanmış olduğundan ve "Private", herhangi bir kaynak öğesi için "true" olarak ayarlanmış olmadığından bu başvuru "CopyLocal" değildir.
         Birincil başvuru: "System.Text.Json, Version=10.0.0.0, Culture=neutral, PublicKeyToken=cc7b13ffcd2ddd51".
             Çözümlenmiş dosya yolu: "C:\Program Files\dotnet\packs\Microsoft.NETCore.App.Ref\10.0.2\ref\net10.0\System.Text.Json.dll".
             Başvuru, "{RawFileName}" arama yolu konumunda bulundu.
             En az bir kaynak öğesi için "Private" "false" olarak ayarlanmış olduğundan ve "Private", herhangi bir kaynak öğesi için "true" olarak ayarlanmış olmadığından bu başvuru "CopyLocal" değildir.
         Birincil başvuru: "System.Text.RegularExpressions, Version=10.0.0.0, Culture=neutral, PublicKeyToken=b03f5f7f11d50a3a".
             Çözümlenmiş dosya yolu: "C:\Program Files\dotnet\packs\Microsoft.NETCore.App.Ref\10.0.2\ref\net10.0\System.Text.RegularExpressions.dll".
             Başvuru, "{RawFileName}" arama yolu konumunda bulundu.
             En az bir kaynak öğesi için "Private" "false" olarak ayarlanmış olduğundan ve "Private", herhangi bir kaynak öğesi için "true" olarak ayarlanmış olmadığından bu başvuru "CopyLocal" değildir.
         Birincil başvuru: "System.Threading.AccessControl, Version=10.0.0.0, Culture=neutral, PublicKeyToken=b03f5f7f11d50a3a".
             Çözümlenmiş dosya yolu: "C:\Program Files\dotnet\packs\Microsoft.NETCore.App.Ref\10.0.2\ref\net10.0\System.Threading.AccessControl.dll".
             Başvuru, "{RawFileName}" arama yolu konumunda bulundu.
             En az bir kaynak öğesi için "Private" "false" olarak ayarlanmış olduğundan ve "Private", herhangi bir kaynak öğesi için "true" olarak ayarlanmış olmadığından bu başvuru "CopyLocal" değildir.
         Birincil başvuru: "System.Threading.Channels, Version=10.0.0.0, Culture=neutral, PublicKeyToken=cc7b13ffcd2ddd51".
             Çözümlenmiş dosya yolu: "C:\Program Files\dotnet\packs\Microsoft.NETCore.App.Ref\10.0.2\ref\net10.0\System.Threading.Channels.dll".
             Başvuru, "{RawFileName}" arama yolu konumunda bulundu.
             En az bir kaynak öğesi için "Private" "false" olarak ayarlanmış olduğundan ve "Private", herhangi bir kaynak öğesi için "true" olarak ayarlanmış olmadığından bu başvuru "CopyLocal" değildir.
         Birincil başvuru: "System.Threading.Overlapped, Version=10.0.0.0, Culture=neutral, PublicKeyToken=b03f5f7f11d50a3a".
             Çözümlenmiş dosya yolu: "C:\Program Files\dotnet\packs\Microsoft.NETCore.App.Ref\10.0.2\ref\net10.0\System.Threading.Overlapped.dll".
             Başvuru, "{RawFileName}" arama yolu konumunda bulundu.
             En az bir kaynak öğesi için "Private" "false" olarak ayarlanmış olduğundan ve "Private", herhangi bir kaynak öğesi için "true" olarak ayarlanmış olmadığından bu başvuru "CopyLocal" değildir.
         Birincil başvuru: "System.Threading.Tasks.Dataflow, Version=10.0.0.0, Culture=neutral, PublicKeyToken=b03f5f7f11d50a3a".
             Çözümlenmiş dosya yolu: "C:\Program Files\dotnet\packs\Microsoft.NETCore.App.Ref\10.0.2\ref\net10.0\System.Threading.Tasks.Dataflow.dll".
             Başvuru, "{RawFileName}" arama yolu konumunda bulundu.
             En az bir kaynak öğesi için "Private" "false" olarak ayarlanmış olduğundan ve "Private", herhangi bir kaynak öğesi için "true" olarak ayarlanmış olmadığından bu başvuru "CopyLocal" değildir.
         Birincil başvuru: "System.Threading.Tasks.Extensions, Version=10.0.0.0, Culture=neutral, PublicKeyToken=cc7b13ffcd2ddd51".
             Çözümlenmiş dosya yolu: "C:\Program Files\dotnet\packs\Microsoft.NETCore.App.Ref\10.0.2\ref\net10.0\System.Threading.Tasks.Extensions.dll".
             Başvuru, "{RawFileName}" arama yolu konumunda bulundu.
             En az bir kaynak öğesi için "Private" "false" olarak ayarlanmış olduğundan ve "Private", herhangi bir kaynak öğesi için "true" olarak ayarlanmış olmadığından bu başvuru "CopyLocal" değildir.
         Birincil başvuru: "System.Threading.Tasks.Parallel, Version=10.0.0.0, Culture=neutral, PublicKeyToken=b03f5f7f11d50a3a".
             Çözümlenmiş dosya yolu: "C:\Program Files\dotnet\packs\Microsoft.NETCore.App.Ref\10.0.2\ref\net10.0\System.Threading.Tasks.Parallel.dll".
             Başvuru, "{RawFileName}" arama yolu konumunda bulundu.
             En az bir kaynak öğesi için "Private" "false" olarak ayarlanmış olduğundan ve "Private", herhangi bir kaynak öğesi için "true" olarak ayarlanmış olmadığından bu başvuru "CopyLocal" değildir.
         Birincil başvuru: "System.Threading.Tasks, Version=10.0.0.0, Culture=neutral, PublicKeyToken=b03f5f7f11d50a3a".
             Çözümlenmiş dosya yolu: "C:\Program Files\dotnet\packs\Microsoft.NETCore.App.Ref\10.0.2\ref\net10.0\System.Threading.Tasks.dll".
             Başvuru, "{RawFileName}" arama yolu konumunda bulundu.
             En az bir kaynak öğesi için "Private" "false" olarak ayarlanmış olduğundan ve "Private", herhangi bir kaynak öğesi için "true" olarak ayarlanmış olmadığından bu başvuru "CopyLocal" değildir.
         Birincil başvuru: "System.Threading.Thread, Version=10.0.0.0, Culture=neutral, PublicKeyToken=b03f5f7f11d50a3a".
             Çözümlenmiş dosya yolu: "C:\Program Files\dotnet\packs\Microsoft.NETCore.App.Ref\10.0.2\ref\net10.0\System.Threading.Thread.dll".
             Başvuru, "{RawFileName}" arama yolu konumunda bulundu.
             En az bir kaynak öğesi için "Private" "false" olarak ayarlanmış olduğundan ve "Private", herhangi bir kaynak öğesi için "true" olarak ayarlanmış olmadığından bu başvuru "CopyLocal" değildir.
         Birincil başvuru: "System.Threading.ThreadPool, Version=10.0.0.0, Culture=neutral, PublicKeyToken=b03f5f7f11d50a3a".
             Çözümlenmiş dosya yolu: "C:\Program Files\dotnet\packs\Microsoft.NETCore.App.Ref\10.0.2\ref\net10.0\System.Threading.ThreadPool.dll".
             Başvuru, "{RawFileName}" arama yolu konumunda bulundu.
             En az bir kaynak öğesi için "Private" "false" olarak ayarlanmış olduğundan ve "Private", herhangi bir kaynak öğesi için "true" olarak ayarlanmış olmadığından bu başvuru "CopyLocal" değildir.
         Birincil başvuru: "System.Threading.Timer, Version=10.0.0.0, Culture=neutral, PublicKeyToken=b03f5f7f11d50a3a".
             Çözümlenmiş dosya yolu: "C:\Program Files\dotnet\packs\Microsoft.NETCore.App.Ref\10.0.2\ref\net10.0\System.Threading.Timer.dll".
             Başvuru, "{RawFileName}" arama yolu konumunda bulundu.
             En az bir kaynak öğesi için "Private" "false" olarak ayarlanmış olduğundan ve "Private", herhangi bir kaynak öğesi için "true" olarak ayarlanmış olmadığından bu başvuru "CopyLocal" değildir.
         Birincil başvuru: "System.Threading, Version=10.0.0.0, Culture=neutral, PublicKeyToken=b03f5f7f11d50a3a".
             Çözümlenmiş dosya yolu: "C:\Program Files\dotnet\packs\Microsoft.NETCore.App.Ref\10.0.2\ref\net10.0\System.Threading.dll".
             Başvuru, "{RawFileName}" arama yolu konumunda bulundu.
             En az bir kaynak öğesi için "Private" "false" olarak ayarlanmış olduğundan ve "Private", herhangi bir kaynak öğesi için "true" olarak ayarlanmış olmadığından bu başvuru "CopyLocal" değildir.
         Birincil başvuru: "System.Transactions.Local, Version=10.0.0.0, Culture=neutral, PublicKeyToken=cc7b13ffcd2ddd51".
             Çözümlenmiş dosya yolu: "C:\Program Files\dotnet\packs\Microsoft.NETCore.App.Ref\10.0.2\ref\net10.0\System.Transactions.Local.dll".
             Başvuru, "{RawFileName}" arama yolu konumunda bulundu.
             En az bir kaynak öğesi için "Private" "false" olarak ayarlanmış olduğundan ve "Private", herhangi bir kaynak öğesi için "true" olarak ayarlanmış olmadığından bu başvuru "CopyLocal" değildir.
         Birincil başvuru: "System.Transactions, Version=4.0.0.0, Culture=neutral, PublicKeyToken=b77a5c561934e089".
             Çözümlenmiş dosya yolu: "C:\Program Files\dotnet\packs\Microsoft.NETCore.App.Ref\10.0.2\ref\net10.0\System.Transactions.dll".
             Başvuru, "{RawFileName}" arama yolu konumunda bulundu.
             En az bir kaynak öğesi için "Private" "false" olarak ayarlanmış olduğundan ve "Private", herhangi bir kaynak öğesi için "true" olarak ayarlanmış olmadığından bu başvuru "CopyLocal" değildir.
         Birincil başvuru: "System.ValueTuple, Version=10.0.0.0, Culture=neutral, PublicKeyToken=cc7b13ffcd2ddd51".
             Çözümlenmiş dosya yolu: "C:\Program Files\dotnet\packs\Microsoft.NETCore.App.Ref\10.0.2\ref\net10.0\System.ValueTuple.dll".
             Başvuru, "{RawFileName}" arama yolu konumunda bulundu.
             En az bir kaynak öğesi için "Private" "false" olarak ayarlanmış olduğundan ve "Private", herhangi bir kaynak öğesi için "true" olarak ayarlanmış olmadığından bu başvuru "CopyLocal" değildir.
         Birincil başvuru: "System.Web.HttpUtility, Version=10.0.0.0, Culture=neutral, PublicKeyToken=cc7b13ffcd2ddd51".
             Çözümlenmiş dosya yolu: "C:\Program Files\dotnet\packs\Microsoft.NETCore.App.Ref\10.0.2\ref\net10.0\System.Web.HttpUtility.dll".
             Başvuru, "{RawFileName}" arama yolu konumunda bulundu.
             En az bir kaynak öğesi için "Private" "false" olarak ayarlanmış olduğundan ve "Private", herhangi bir kaynak öğesi için "true" olarak ayarlanmış olmadığından bu başvuru "CopyLocal" değildir.
         Birincil başvuru: "System.Web, Version=4.0.0.0, Culture=neutral, PublicKeyToken=b03f5f7f11d50a3a".
             Çözümlenmiş dosya yolu: "C:\Program Files\dotnet\packs\Microsoft.NETCore.App.Ref\10.0.2\ref\net10.0\System.Web.dll".
             Başvuru, "{RawFileName}" arama yolu konumunda bulundu.
             En az bir kaynak öğesi için "Private" "false" olarak ayarlanmış olduğundan ve "Private", herhangi bir kaynak öğesi için "true" olarak ayarlanmış olmadığından bu başvuru "CopyLocal" değildir.
         Birincil başvuru: "System.Windows, Version=4.0.0.0, Culture=neutral, PublicKeyToken=b03f5f7f11d50a3a".
             Çözümlenmiş dosya yolu: "C:\Program Files\dotnet\packs\Microsoft.NETCore.App.Ref\10.0.2\ref\net10.0\System.Windows.dll".
             Başvuru, "{RawFileName}" arama yolu konumunda bulundu.
             En az bir kaynak öğesi için "Private" "false" olarak ayarlanmış olduğundan ve "Private", herhangi bir kaynak öğesi için "true" olarak ayarlanmış olmadığından bu başvuru "CopyLocal" değildir.
         Birincil başvuru: "System.Xml.Linq, Version=4.0.0.0, Culture=neutral, PublicKeyToken=b77a5c561934e089".
             Çözümlenmiş dosya yolu: "C:\Program Files\dotnet\packs\Microsoft.NETCore.App.Ref\10.0.2\ref\net10.0\System.Xml.Linq.dll".
             Başvuru, "{RawFileName}" arama yolu konumunda bulundu.
             En az bir kaynak öğesi için "Private" "false" olarak ayarlanmış olduğundan ve "Private", herhangi bir kaynak öğesi için "true" olarak ayarlanmış olmadığından bu başvuru "CopyLocal" değildir.
         Birincil başvuru: "System.Xml.ReaderWriter, Version=10.0.0.0, Culture=neutral, PublicKeyToken=b03f5f7f11d50a3a".
             Çözümlenmiş dosya yolu: "C:\Program Files\dotnet\packs\Microsoft.NETCore.App.Ref\10.0.2\ref\net10.0\System.Xml.ReaderWriter.dll".
             Başvuru, "{RawFileName}" arama yolu konumunda bulundu.
             En az bir kaynak öğesi için "Private" "false" olarak ayarlanmış olduğundan ve "Private", herhangi bir kaynak öğesi için "true" olarak ayarlanmış olmadığından bu başvuru "CopyLocal" değildir.
         Birincil başvuru: "System.Xml.Serialization, Version=4.0.0.0, Culture=neutral, PublicKeyToken=b77a5c561934e089".
             Çözümlenmiş dosya yolu: "C:\Program Files\dotnet\packs\Microsoft.NETCore.App.Ref\10.0.2\ref\net10.0\System.Xml.Serialization.dll".
             Başvuru, "{RawFileName}" arama yolu konumunda bulundu.
             En az bir kaynak öğesi için "Private" "false" olarak ayarlanmış olduğundan ve "Private", herhangi bir kaynak öğesi için "true" olarak ayarlanmış olmadığından bu başvuru "CopyLocal" değildir.
         Birincil başvuru: "System.Xml.XDocument, Version=10.0.0.0, Culture=neutral, PublicKeyToken=b03f5f7f11d50a3a".
             Çözümlenmiş dosya yolu: "C:\Program Files\dotnet\packs\Microsoft.NETCore.App.Ref\10.0.2\ref\net10.0\System.Xml.XDocument.dll".
             Başvuru, "{RawFileName}" arama yolu konumunda bulundu.
             En az bir kaynak öğesi için "Private" "false" olarak ayarlanmış olduğundan ve "Private", herhangi bir kaynak öğesi için "true" olarak ayarlanmış olmadığından bu başvuru "CopyLocal" değildir.
         Birincil başvuru: "System.Xml.XPath.XDocument, Version=10.0.0.0, Culture=neutral, PublicKeyToken=b03f5f7f11d50a3a".
             Çözümlenmiş dosya yolu: "C:\Program Files\dotnet\packs\Microsoft.NETCore.App.Ref\10.0.2\ref\net10.0\System.Xml.XPath.XDocument.dll".
             Başvuru, "{RawFileName}" arama yolu konumunda bulundu.
             En az bir kaynak öğesi için "Private" "false" olarak ayarlanmış olduğundan ve "Private", herhangi bir kaynak öğesi için "true" olarak ayarlanmış olmadığından bu başvuru "CopyLocal" değildir.
         Birincil başvuru: "System.Xml.XPath, Version=10.0.0.0, Culture=neutral, PublicKeyToken=b03f5f7f11d50a3a".
             Çözümlenmiş dosya yolu: "C:\Program Files\dotnet\packs\Microsoft.NETCore.App.Ref\10.0.2\ref\net10.0\System.Xml.XPath.dll".
             Başvuru, "{RawFileName}" arama yolu konumunda bulundu.
             En az bir kaynak öğesi için "Private" "false" olarak ayarlanmış olduğundan ve "Private", herhangi bir kaynak öğesi için "true" olarak ayarlanmış olmadığından bu başvuru "CopyLocal" değildir.
         Birincil başvuru: "System.Xml.XmlDocument, Version=10.0.0.0, Culture=neutral, PublicKeyToken=b03f5f7f11d50a3a".
             Çözümlenmiş dosya yolu: "C:\Program Files\dotnet\packs\Microsoft.NETCore.App.Ref\10.0.2\ref\net10.0\System.Xml.XmlDocument.dll".
             Başvuru, "{RawFileName}" arama yolu konumunda bulundu.
             En az bir kaynak öğesi için "Private" "false" olarak ayarlanmış olduğundan ve "Private", herhangi bir kaynak öğesi için "true" olarak ayarlanmış olmadığından bu başvuru "CopyLocal" değildir.
         Birincil başvuru: "System.Xml.XmlSerializer, Version=10.0.0.0, Culture=neutral, PublicKeyToken=b03f5f7f11d50a3a".
             Çözümlenmiş dosya yolu: "C:\Program Files\dotnet\packs\Microsoft.NETCore.App.Ref\10.0.2\ref\net10.0\System.Xml.XmlSerializer.dll".
             Başvuru, "{RawFileName}" arama yolu konumunda bulundu.
             En az bir kaynak öğesi için "Private" "false" olarak ayarlanmış olduğundan ve "Private", herhangi bir kaynak öğesi için "true" olarak ayarlanmış olmadığından bu başvuru "CopyLocal" değildir.
         Birincil başvuru: "System.Xml, Version=4.0.0.0, Culture=neutral, PublicKeyToken=b77a5c561934e089".
             Çözümlenmiş dosya yolu: "C:\Program Files\dotnet\packs\Microsoft.NETCore.App.Ref\10.0.2\ref\net10.0\System.Xml.dll".
             Başvuru, "{RawFileName}" arama yolu konumunda bulundu.
             En az bir kaynak öğesi için "Private" "false" olarak ayarlanmış olduğundan ve "Private", herhangi bir kaynak öğesi için "true" olarak ayarlanmış olmadığından bu başvuru "CopyLocal" değildir.
         Birincil başvuru: "System, Version=4.0.0.0, Culture=neutral, PublicKeyToken=b77a5c561934e089".
             Çözümlenmiş dosya yolu: "C:\Program Files\dotnet\packs\Microsoft.NETCore.App.Ref\10.0.2\ref\net10.0\System.dll".
             Başvuru, "{RawFileName}" arama yolu konumunda bulundu.
             En az bir kaynak öğesi için "Private" "false" olarak ayarlanmış olduğundan ve "Private", herhangi bir kaynak öğesi için "true" olarak ayarlanmış olmadığından bu başvuru "CopyLocal" değildir.
         Birincil başvuru: "WindowsBase, Version=4.0.0.0, Culture=neutral, PublicKeyToken=31bf3856ad364e35".
             Çözümlenmiş dosya yolu: "C:\Program Files\dotnet\packs\Microsoft.NETCore.App.Ref\10.0.2\ref\net10.0\WindowsBase.dll".
             Başvuru, "{RawFileName}" arama yolu konumunda bulundu.
             En az bir kaynak öğesi için "Private" "false" olarak ayarlanmış olduğundan ve "Private", herhangi bir kaynak öğesi için "true" olarak ayarlanmış olmadığından bu başvuru "CopyLocal" değildir.
         Birincil başvuru: "mscorlib, Version=4.0.0.0, Culture=neutral, PublicKeyToken=b77a5c561934e089".
             Çözümlenmiş dosya yolu: "C:\Program Files\dotnet\packs\Microsoft.NETCore.App.Ref\10.0.2\ref\net10.0\mscorlib.dll".
             Başvuru, "{RawFileName}" arama yolu konumunda bulundu.
             En az bir kaynak öğesi için "Private" "false" olarak ayarlanmış olduğundan ve "Private", herhangi bir kaynak öğesi için "true" olarak ayarlanmış olmadığından bu başvuru "CopyLocal" değildir.
         Birincil başvuru: "netstandard, Version=2.1.0.0, Culture=neutral, PublicKeyToken=cc7b13ffcd2ddd51".
             Çözümlenmiş dosya yolu: "C:\Program Files\dotnet\packs\Microsoft.NETCore.App.Ref\10.0.2\ref\net10.0\netstandard.dll".
             Başvuru, "{RawFileName}" arama yolu konumunda bulundu.
             En az bir kaynak öğesi için "Private" "false" olarak ayarlanmış olduğundan ve "Private", herhangi bir kaynak öğesi için "true" olarak ayarlanmış olmadığından bu başvuru "CopyLocal" değildir.
       "ResolveAssemblyReference" görevini yürütme tamamlandı.
   1:7>"Buddy.Application.csproj" projesinde "ResolveAssemblyReferences" hedefini oluşturma tamamlandı.
   1:7>"c:\Users\ilhan\source\repos\StudyBuddy\StudyBuddy\Buddy.Application\Buddy.Application.csproj" projesinin "C:\Program Files\dotnet\sdk\10.0.200-preview.0.26103.119\Microsoft.Common.CurrentVersion.targets" dosyasındaki "AfterResolveReferences" hedefi ("ResolveReferences" hedefi buna bağımlı):
   1:7>"Buddy.Application.csproj" projesinde "AfterResolveReferences" hedefini oluşturma tamamlandı.
   1:7>"c:\Users\ilhan\source\repos\StudyBuddy\StudyBuddy\Buddy.Application\Buddy.Application.csproj" projesinin "C:\Program Files\dotnet\sdk\10.0.200-preview.0.26103.119\Microsoft.Common.CurrentVersion.targets" dosyasındaki "ResolveReferences" hedefi ("_BlockWinMDsOnUnsupportedTFMs" hedefi buna bağımlı):
   1:7>"Buddy.Application.csproj" projesinde "ResolveReferences" hedefini oluşturma tamamlandı.
   1:7>"c:\Users\ilhan\source\repos\StudyBuddy\StudyBuddy\Buddy.Application\Buddy.Application.csproj" projesinin "C:\Program Files\dotnet\sdk\10.0.200-preview.0.26103.119\Sdks\Microsoft.NET.Sdk\targets\Microsoft.NET.Sdk.targets" dosyasındaki "_BlockWinMDsOnUnsupportedTFMs" hedefi ("CoreBuild" hedefi buna bağımlı):
       "C:\Program Files\dotnet\sdk\10.0.200-preview.0.26103.119\Sdks\Microsoft.NET.Sdk\targets\..\tools\net10.0\Microsoft.NET.Build.Tasks.dll" derlemesindeki "CheckForUnsupportedWinMDReferences" görevi kullanılıyor.
       "CheckForUnsupportedWinMDReferences" görevi
       "CheckForUnsupportedWinMDReferences" görevini yürütme tamamlandı.
   1:7>"Buddy.Application.csproj" projesinde "_BlockWinMDsOnUnsupportedTFMs" hedefini oluşturma tamamlandı.
       "ResolveReferences" hedefi atlandı. Önceden başarılı bir şekilde derlenmişti.
       "ResolvePackageDependenciesForBuild" hedefi atlandı. Önceden başarılı bir şekilde derlenmişti.
       "_HandlePackageFileConflicts" hedefi atlandı. Önceden başarılı bir şekilde derlenmişti.
   1:7>"c:\Users\ilhan\source\repos\StudyBuddy\StudyBuddy\Buddy.Application\Buddy.Application.csproj" projesinin "C:\Program Files\dotnet\sdk\10.0.200-preview.0.26103.119\Roslyn\Microsoft.Managed.Core.targets" dosyasındaki "CopyAdditionalFiles" hedefi ("AssignTargetPaths" hedefi buna bağımlı):
   1:7>"Buddy.Application.csproj" projesinde "CopyAdditionalFiles" hedefini oluşturma tamamlandı.
   1:7>"c:\Users\ilhan\source\repos\StudyBuddy\StudyBuddy\Buddy.Application\Buddy.Application.csproj" projesinin "C:\Program Files\dotnet\sdk\10.0.200-preview.0.26103.119\Sdks\Microsoft.NET.Sdk\targets\Microsoft.NET.Sdk.targets" dosyasındaki "_ComputeNETCoreBuildOutputFiles" hedefi ("AssignTargetPaths" hedefi buna bağımlı):
   1:7>"Buddy.Application.csproj" projesinde "_ComputeNETCoreBuildOutputFiles" hedefini oluşturma tamamlandı.
   1:7>"c:\Users\ilhan\source\repos\StudyBuddy\StudyBuddy\Buddy.Application\Buddy.Application.csproj" projesinin "C:\Program Files\dotnet\sdk\10.0.200-preview.0.26103.119\Microsoft.Common.CurrentVersion.targets" dosyasındaki "AssignTargetPaths" hedefi ("PrepareResourceNames" hedefi buna bağımlı):
       "AssignTargetPath" görevi
       "AssignTargetPath" görevini yürütme tamamlandı.
       "AssignTargetPath" görevi
       "AssignTargetPath" görevini yürütme tamamlandı.
       "AssignTargetPath" görevi
       "AssignTargetPath" görevini yürütme tamamlandı.
       "AssignTargetPath" görevi
       "AssignTargetPath" görevini yürütme tamamlandı.
   1:7>"Buddy.Application.csproj" projesinde "AssignTargetPaths" hedefini oluşturma tamamlandı.
   1:7>"c:\Users\ilhan\source\repos\StudyBuddy\StudyBuddy\Buddy.Application\Buddy.Application.csproj" projesinin "C:\Program Files\dotnet\sdk\10.0.200-preview.0.26103.119\Sdks\Microsoft.NET.Sdk\targets\Microsoft.NET.Publish.targets" dosyasındaki "_IncludeContentItemsWithOnlyPublishMetadata" hedefi ("PrepareResourceNames" hedefi buna bağımlı):
   1:7>"Buddy.Application.csproj" projesinde "_IncludeContentItemsWithOnlyPublishMetadata" hedefini oluşturma tamamlandı.
       "AssignTargetPaths" hedefi atlandı. Önceden başarılı bir şekilde derlenmişti.
   1:7>"c:\Users\ilhan\source\repos\StudyBuddy\StudyBuddy\Buddy.Application\Buddy.Application.csproj" projesinin "C:\Program Files\dotnet\sdk\10.0.200-preview.0.26103.119\Microsoft.Common.CurrentVersion.targets" dosyasındaki "SplitResourcesByCulture" hedefi ("PrepareResourceNames" hedefi buna bağımlı):
       "AssignCulture" görevi
       "AssignCulture" görevini yürütme tamamlandı.
   1:7>"Buddy.Application.csproj" projesinde "SplitResourcesByCulture" hedefini oluşturma tamamlandı.
   1:7>"c:\Users\ilhan\source\repos\StudyBuddy\StudyBuddy\Buddy.Application\Buddy.Application.csproj" projesinin "C:\Program Files\dotnet\sdk\10.0.200-preview.0.26103.119\Microsoft.Common.CurrentVersion.targets" dosyasındaki "CreateCustomManifestResourceNames" hedefi ("PrepareResourceNames" hedefi buna bağımlı):
   1:7>"Buddy.Application.csproj" projesinde "CreateCustomManifestResourceNames" hedefini oluşturma tamamlandı.
   1:7>"c:\Users\ilhan\source\repos\StudyBuddy\StudyBuddy\Buddy.Application\Buddy.Application.csproj" projesinin "C:\Program Files\dotnet\sdk\10.0.200-preview.0.26103.119\Microsoft.Common.CurrentVersion.targets" dosyasındaki "PrepareResourceNames" hedefi ("PrepareResources" hedefi buna bağımlı):
   1:7>"Buddy.Application.csproj" projesinde "PrepareResourceNames" hedefini oluşturma tamamlandı.
       "ResolveAssemblyReferences" hedefi atlandı. Önceden başarılı bir şekilde derlenmişti.
       "SplitResourcesByCulture" hedefi atlandı. Önceden başarılı bir şekilde derlenmişti.
   1:7>"c:\Users\ilhan\source\repos\StudyBuddy\StudyBuddy\Buddy.Application\Buddy.Application.csproj" projesinin "C:\Program Files\dotnet\sdk\10.0.200-preview.0.26103.119\Microsoft.Common.CurrentVersion.targets" dosyasındaki "BeforeResGen" hedefi ("ResGen" hedefi buna bağımlı):
   1:7>"Buddy.Application.csproj" projesinde "BeforeResGen" hedefini oluşturma tamamlandı.
       "ResolveReferences" hedefi atlandı. Önceden başarılı bir şekilde derlenmişti.
   1:7>"c:\Users\ilhan\source\repos\StudyBuddy\StudyBuddy\Buddy.Application\Buddy.Application.csproj" projesinin "C:\Program Files\dotnet\sdk\10.0.200-preview.0.26103.119\Microsoft.Common.CurrentVersion.targets" dosyasındaki "FindReferenceAssembliesForReferences" hedefi ("CoreResGen" hedefi buna bağımlı):
   1:7>"Buddy.Application.csproj" projesinde "FindReferenceAssembliesForReferences" hedefini oluşturma tamamlandı.
   1:7>"c:\Users\ilhan\source\repos\StudyBuddy\StudyBuddy\Buddy.Application\Buddy.Application.csproj" projesinin "C:\Program Files\dotnet\sdk\10.0.200-preview.0.26103.119\Microsoft.Common.CurrentVersion.targets" dosyasındaki "CoreResGen" hedefi ("ResGen" hedefi buna bağımlı):
   1:7>"Buddy.Application.csproj" projesinde "CoreResGen" hedefini oluşturma tamamlandı.
   1:7>"c:\Users\ilhan\source\repos\StudyBuddy\StudyBuddy\Buddy.Application\Buddy.Application.csproj" projesinin "C:\Program Files\dotnet\sdk\10.0.200-preview.0.26103.119\Microsoft.Common.CurrentVersion.targets" dosyasındaki "AfterResGen" hedefi ("ResGen" hedefi buna bağımlı):
   1:7>"Buddy.Application.csproj" projesinde "AfterResGen" hedefini oluşturma tamamlandı.
   1:7>"c:\Users\ilhan\source\repos\StudyBuddy\StudyBuddy\Buddy.Application\Buddy.Application.csproj" projesinin "C:\Program Files\dotnet\sdk\10.0.200-preview.0.26103.119\Microsoft.Common.CurrentVersion.targets" dosyasındaki "ResGen" hedefi ("PrepareResources" hedefi buna bağımlı):
   1:7>"Buddy.Application.csproj" projesinde "ResGen" hedefini oluşturma tamamlandı.
   1:7>"c:\Users\ilhan\source\repos\StudyBuddy\StudyBuddy\Buddy.Application\Buddy.Application.csproj" projesinin "C:\Program Files\dotnet\sdk\10.0.200-preview.0.26103.119\Microsoft.Common.CurrentVersion.targets" dosyasındaki "PrepareResources" hedefi ("CoreBuild" hedefi buna bağımlı):
   1:7>"Buddy.Application.csproj" projesinde "PrepareResources" hedefini oluşturma tamamlandı.
       "ResolveReferences" hedefi atlandı. Önceden başarılı bir şekilde derlenmişti.
   1:7>"c:\Users\ilhan\source\repos\StudyBuddy\StudyBuddy\Buddy.Application\Buddy.Application.csproj" projesinin "C:\Program Files\dotnet\sdk\10.0.200-preview.0.26103.119\Microsoft.Common.CurrentVersion.targets" dosyasındaki "_SetEmbeddedWin32ManifestProperties" hedefi ("SetWin32ManifestProperties" hedefi buna bağımlı):
       "GetFrameworkPath" görevi
       "GetFrameworkPath" görevini yürütme tamamlandı.
   1:7>"Buddy.Application.csproj" projesinde "_SetEmbeddedWin32ManifestProperties" hedefini oluşturma tamamlandı.
   1:7>"c:\Users\ilhan\source\repos\StudyBuddy\StudyBuddy\Buddy.Application\Buddy.Application.csproj" projesinin "C:\Program Files\dotnet\sdk\10.0.200-preview.0.26103.119\Microsoft.Common.CurrentVersion.targets" dosyasındaki "SetWin32ManifestProperties" hedefi ("Compile" hedefi buna bağımlı):
   1:7>"Buddy.Application.csproj" projesinde "SetWin32ManifestProperties" hedefini oluşturma tamamlandı.
       "FindReferenceAssembliesForReferences" hedefi atlandı. Önceden başarılı bir şekilde derlenmişti.
   1:7>"c:\Users\ilhan\source\repos\StudyBuddy\StudyBuddy\Buddy.Application\Buddy.Application.csproj" projesinin "C:\Program Files\dotnet\sdk\10.0.200-preview.0.26103.119\Microsoft.Common.CurrentVersion.targets" dosyasındaki "_GenerateCompileInputs" hedefi ("Compile" hedefi buna bağımlı):
   1:7>"Buddy.Application.csproj" projesinde "_GenerateCompileInputs" hedefini oluşturma tamamlandı.
       "PrepareForBuild" hedefi atlandı. Önceden başarılı bir şekilde derlenmişti.
   1:7>"c:\Users\ilhan\source\repos\StudyBuddy\StudyBuddy\Buddy.Application\Buddy.Application.csproj" projesinin "C:\Program Files\dotnet\sdk\10.0.200-preview.0.26103.119\Roslyn\Microsoft.Managed.Core.targets" dosyasındaki "GenerateMSBuildEditorConfigFileShouldRun" hedefi ("GenerateMSBuildEditorConfigFile" hedefi buna bağımlı):
   1:7>"Buddy.Application.csproj" projesinde "GenerateMSBuildEditorConfigFileShouldRun" hedefini oluşturma tamamlandı.
   1:7>"c:\Users\ilhan\source\repos\StudyBuddy\StudyBuddy\Buddy.Application\Buddy.Application.csproj" projesinin "C:\Program Files\dotnet\sdk\10.0.200-preview.0.26103.119\Sdks\Microsoft.NET.Sdk\codestyle\cs\build\Microsoft.CodeAnalysis.CSharp.CodeStyle.targets" dosyasındaki "AddGlobalAnalyzerConfigForPackage_MicrosoftCodeAnalysisCSharpCodeStyle" hedefi ("GenerateMSBuildEditorConfigFileCore" hedefi buna bağımlı):
   1:7>"Buddy.Application.csproj" projesinde "AddGlobalAnalyzerConfigForPackage_MicrosoftCodeAnalysisCSharpCodeStyle" hedefini oluşturma tamamlandı.
   1:7>"c:\Users\ilhan\source\repos\StudyBuddy\StudyBuddy\Buddy.Application\Buddy.Application.csproj" projesinin "C:\Program Files\dotnet\sdk\10.0.200-preview.0.26103.119\Roslyn\Microsoft.Managed.Core.targets" dosyasındaki "GenerateMSBuildEditorConfigFileCore" hedefi ("GenerateMSBuildEditorConfigFile" hedefi buna bağımlı):
       "GenerateMSBuildEditorConfigFileCore" hedefi tam olarak oluşturuluyor.
       Giriş dosyası belirtilmedi.
       "C:\Program Files\dotnet\sdk\10.0.200-preview.0.26103.119\Sdks\Microsoft.NET.Sdk\targets\..\..\..\Roslyn\Microsoft.Build.Tasks.CodeAnalysis.dll" derlemesindeki "GenerateMSBuildEditorConfig" görevi kullanılıyor.
       "GenerateMSBuildEditorConfig" görevi
       "GenerateMSBuildEditorConfig" görevini yürütme tamamlandı.
   1:7>"Buddy.Application.csproj" projesinde "GenerateMSBuildEditorConfigFileCore" hedefini oluşturma tamamlandı.
   1:7>"c:\Users\ilhan\source\repos\StudyBuddy\StudyBuddy\Buddy.Application\Buddy.Application.csproj" projesinin "C:\Program Files\dotnet\sdk\10.0.200-preview.0.26103.119\Roslyn\Microsoft.Managed.Core.targets" dosyasındaki "GenerateMSBuildEditorConfigFile" hedefi ("BeforeCompile" hedefi buna bağımlı):
   1:7>"Buddy.Application.csproj" projesinde "GenerateMSBuildEditorConfigFile" hedefini oluşturma tamamlandı.
       "PrepareForBuild" hedefi atlandı. Önceden başarılı bir şekilde derlenmişti.
       "GetReferenceAssemblyPaths" hedefi atlandı. Önceden başarılı bir şekilde derlenmişti.
   1:7>"c:\Users\ilhan\source\repos\StudyBuddy\StudyBuddy\Buddy.Application\Buddy.Application.csproj" projesinin "C:\Program Files\dotnet\sdk\10.0.200-preview.0.26103.119\Microsoft.CSharp.CurrentVersion.targets" dosyasındaki "_SetTargetFrameworkMonikerAttribute" hedefi ("GenerateTargetFrameworkMonikerAttribute" hedefi buna bağımlı):
   1:7>"Buddy.Application.csproj" projesinde "_SetTargetFrameworkMonikerAttribute" hedefini oluşturma tamamlandı.
   1:7>"c:\Users\ilhan\source\repos\StudyBuddy\StudyBuddy\Buddy.Application\Buddy.Application.csproj" projesinin "C:\Program Files\dotnet\sdk\10.0.200-preview.0.26103.119\Microsoft.Common.CurrentVersion.targets" dosyasındaki "GenerateTargetFrameworkMonikerAttribute" hedefi ("BeforeCompile" hedefi buna bağımlı):
       Tüm çıkış dosyaları, giriş dosyalarına göre güncel durumda olduğundan "GenerateTargetFrameworkMonikerAttribute" hedefi atlanıyor.
       Giriş dosyaları: C:\Program Files\dotnet\sdk\10.0.200-preview.0.26103.119\Microsoft.Common.targets
       Çıkış dosyaları: obj\Debug\net10.0\.NETCoreApp,Version=v10.0.AssemblyAttributes.cs
   1:7>"Buddy.Application.csproj" projesinde "GenerateTargetFrameworkMonikerAttribute" hedefini oluşturma tamamlandı.
       "PrepareForBuild" hedefi atlandı. Önceden başarılı bir şekilde derlenmişti.
   1:7>"c:\Users\ilhan\source\repos\StudyBuddy\StudyBuddy\Buddy.Application\Buddy.Application.csproj" projesinin "C:\Program Files\dotnet\sdk\10.0.200-preview.0.26103.119\Sdks\Microsoft.NET.Sdk\targets\Microsoft.NET.GenerateAssemblyInfo.targets" dosyasındaki "GetAssemblyVersion" hedefi ("GetAssemblyAttributes" hedefi buna bağımlı):
       "C:\Program Files\dotnet\sdk\10.0.200-preview.0.26103.119\Sdks\Microsoft.NET.Sdk\targets\..\tools\net10.0\Microsoft.NET.Build.Tasks.dll" derlemesindeki "GetAssemblyVersion" görevi kullanılıyor.
       "GetAssemblyVersion" görevi
       "GetAssemblyVersion" görevini yürütme tamamlandı.
   1:7>"Buddy.Application.csproj" projesinde "GetAssemblyVersion" hedefini oluşturma tamamlandı.
   1:7>"c:\Users\ilhan\source\repos\StudyBuddy\StudyBuddy\Buddy.Application\Buddy.Application.csproj" projesinin "C:\Program Files\dotnet\sdk\10.0.200-preview.0.26103.119\Sdks\Microsoft.Build.Tasks.Git\build\Microsoft.Build.Tasks.Git.targets" dosyasındaki "InitializeSourceControlInformationFromSourceControlManager" hedefi ("_InitializeSourceControlInformationFromSourceControlManager" hedefi buna bağımlı):
       "C:\Program Files\dotnet\sdk\10.0.200-preview.0.26103.119\Sdks\Microsoft.Build.Tasks.Git\build\..\tools\net\Microsoft.Build.Tasks.Git.dll" derlemesindeki "Microsoft.Build.Tasks.Git.LocateRepository" görevi kullanılıyor.
       "Microsoft.Build.Tasks.Git.LocateRepository" görevi
       "Microsoft.Build.Tasks.Git.LocateRepository" görevini yürütme tamamlandı.
   1:7>"Buddy.Application.csproj" projesinde "InitializeSourceControlInformationFromSourceControlManager" hedefini oluşturma tamamlandı.
   1:7>"c:\Users\ilhan\source\repos\StudyBuddy\StudyBuddy\Buddy.Application\Buddy.Application.csproj" projesinin "C:\Program Files\dotnet\sdk\10.0.200-preview.0.26103.119\Sdks\Microsoft.SourceLink.Common\build\InitializeSourceControlInformation.targets" dosyasındaki "_SourceLinkHasSingleProvider" hedefi ("_InitializeSourceControlInformationFromSourceControlManager" hedefi buna bağımlı):
       "C:\Program Files\dotnet\sdk\10.0.200-preview.0.26103.119\Sdks\Microsoft.SourceLink.Common\build\..\tools\net\Microsoft.SourceLink.Common.dll" derlemesindeki "Microsoft.SourceLink.Common.SourceLinkHasSingleProvider" görevi kullanılıyor.
       "Microsoft.SourceLink.Common.SourceLinkHasSingleProvider" görevi
       "Microsoft.SourceLink.Common.SourceLinkHasSingleProvider" görevini yürütme tamamlandı.
   1:7>"Buddy.Application.csproj" projesinde "_SourceLinkHasSingleProvider" hedefini oluşturma tamamlandı.
   1:7>"c:\Users\ilhan\source\repos\StudyBuddy\StudyBuddy\Buddy.Application\Buddy.Application.csproj" projesinin "C:\Program Files\dotnet\sdk\10.0.200-preview.0.26103.119\Sdks\Microsoft.SourceLink.GitHub\build\Microsoft.SourceLink.GitHub.targets" dosyasındaki "TranslateGitHubUrlsInSourceControlInformation" hedefi ("_InitializeSourceControlInformationFromSourceControlManager" hedefi buna bağımlı):
       "C:\Program Files\dotnet\sdk\10.0.200-preview.0.26103.119\Sdks\Microsoft.SourceLink.GitHub\build\..\tools\net\Microsoft.SourceLink.GitHub.dll" derlemesindeki "Microsoft.SourceLink.GitHub.TranslateRepositoryUrls" görevi kullanılıyor.
       "Microsoft.SourceLink.GitHub.TranslateRepositoryUrls" görevi
       "Microsoft.SourceLink.GitHub.TranslateRepositoryUrls" görevini yürütme tamamlandı.
   1:7>"Buddy.Application.csproj" projesinde "TranslateGitHubUrlsInSourceControlInformation" hedefini oluşturma tamamlandı.
   1:7>"c:\Users\ilhan\source\repos\StudyBuddy\StudyBuddy\Buddy.Application\Buddy.Application.csproj" projesinin "C:\Program Files\dotnet\sdk\10.0.200-preview.0.26103.119\Sdks\Microsoft.SourceLink.GitLab\build\Microsoft.SourceLink.GitLab.targets" dosyasındaki "TranslateGitLabUrlsInSourceControlInformation" hedefi ("_InitializeSourceControlInformationFromSourceControlManager" hedefi buna bağımlı):
       "C:\Program Files\dotnet\sdk\10.0.200-preview.0.26103.119\Sdks\Microsoft.SourceLink.GitLab\build\..\tools\net\Microsoft.SourceLink.GitLab.dll" derlemesindeki "Microsoft.SourceLink.GitLab.TranslateRepositoryUrls" görevi kullanılıyor.
       "Microsoft.SourceLink.GitLab.TranslateRepositoryUrls" görevi
       "Microsoft.SourceLink.GitLab.TranslateRepositoryUrls" görevini yürütme tamamlandı.
   1:7>"Buddy.Application.csproj" projesinde "TranslateGitLabUrlsInSourceControlInformation" hedefini oluşturma tamamlandı.
   1:7>"c:\Users\ilhan\source\repos\StudyBuddy\StudyBuddy\Buddy.Application\Buddy.Application.csproj" projesinin "C:\Program Files\dotnet\sdk\10.0.200-preview.0.26103.119\Sdks\Microsoft.SourceLink.AzureRepos.Git\build\Microsoft.SourceLink.AzureRepos.Git.targets" dosyasındaki "TranslateAzureReposGitUrlsInSourceControlInformation" hedefi ("_InitializeSourceControlInformationFromSourceControlManager" hedefi buna bağımlı):
       "C:\Program Files\dotnet\sdk\10.0.200-preview.0.26103.119\Sdks\Microsoft.SourceLink.AzureRepos.Git\build\..\tools\net\Microsoft.SourceLink.AzureRepos.Git.dll" derlemesindeki "Microsoft.SourceLink.AzureRepos.Git.TranslateRepositoryUrls" görevi kullanılıyor.
       "Microsoft.SourceLink.AzureRepos.Git.TranslateRepositoryUrls" görevi
       "Microsoft.SourceLink.AzureRepos.Git.TranslateRepositoryUrls" görevini yürütme tamamlandı.
   1:7>"Buddy.Application.csproj" projesinde "TranslateAzureReposGitUrlsInSourceControlInformation" hedefini oluşturma tamamlandı.
   1:7>"c:\Users\ilhan\source\repos\StudyBuddy\StudyBuddy\Buddy.Application\Buddy.Application.csproj" projesinin "C:\Program Files\dotnet\sdk\10.0.200-preview.0.26103.119\Sdks\Microsoft.SourceLink.Bitbucket.Git\build\Microsoft.SourceLink.Bitbucket.Git.targets" dosyasındaki "TranslateBitbucketGitUrlsInSourceControlInformation" hedefi ("_InitializeSourceControlInformationFromSourceControlManager" hedefi buna bağımlı):
       "C:\Program Files\dotnet\sdk\10.0.200-preview.0.26103.119\Sdks\Microsoft.SourceLink.Bitbucket.Git\build\..\tools\net\Microsoft.SourceLink.Bitbucket.Git.dll" derlemesindeki "Microsoft.SourceLink.Bitbucket.Git.TranslateRepositoryUrls" görevi kullanılıyor.
       "Microsoft.SourceLink.Bitbucket.Git.TranslateRepositoryUrls" görevi
       "Microsoft.SourceLink.Bitbucket.Git.TranslateRepositoryUrls" görevini yürütme tamamlandı.
   1:7>"Buddy.Application.csproj" projesinde "TranslateBitbucketGitUrlsInSourceControlInformation" hedefini oluşturma tamamlandı.
   1:7>"c:\Users\ilhan\source\repos\StudyBuddy\StudyBuddy\Buddy.Application\Buddy.Application.csproj" projesinin "C:\Program Files\dotnet\sdk\10.0.200-preview.0.26103.119\Sdks\Microsoft.SourceLink.Common\build\InitializeSourceControlInformation.targets" dosyasındaki "SourceControlManagerPublishTranslatedUrls" hedefi ("_InitializeSourceControlInformationFromSourceControlManager" hedefi buna bağımlı):
   1:7>"Buddy.Application.csproj" projesinde "SourceControlManagerPublishTranslatedUrls" hedefini oluşturma tamamlandı.
   1:7>"c:\Users\ilhan\source\repos\StudyBuddy\StudyBuddy\Buddy.Application\Buddy.Application.csproj" projesinin "C:\Program Files\dotnet\sdk\10.0.200-preview.0.26103.119\Sdks\Microsoft.SourceLink.Common\build\InitializeSourceControlInformation.targets" dosyasındaki "_InitializeSourceControlInformationFromSourceControlManager" hedefi ("InitializeSourceControlInformation" hedefi buna bağımlı):
   1:7>"Buddy.Application.csproj" projesinde "_InitializeSourceControlInformationFromSourceControlManager" hedefini oluşturma tamamlandı.
   1:7>"c:\Users\ilhan\source\repos\StudyBuddy\StudyBuddy\Buddy.Application\Buddy.Application.csproj" projesinin "C:\Program Files\dotnet\sdk\10.0.200-preview.0.26103.119\Microsoft.Common.CurrentVersion.targets" dosyasındaki "InitializeSourceControlInformation" hedefi ("GetAssemblyAttributes" hedefi buna bağımlı):
   1:7>"Buddy.Application.csproj" projesinde "InitializeSourceControlInformation" hedefini oluşturma tamamlandı.
       "GetAssemblyVersion" hedefi atlandı. Önceden başarılı bir şekilde derlenmişti.
       "InitializeSourceControlInformation" hedefi atlandı. Önceden başarılı bir şekilde derlenmişti.
   1:7>"c:\Users\ilhan\source\repos\StudyBuddy\StudyBuddy\Buddy.Application\Buddy.Application.csproj" projesinin "C:\Program Files\dotnet\sdk\10.0.200-preview.0.26103.119\Sdks\Microsoft.NET.Sdk\targets\Microsoft.NET.GenerateAssemblyInfo.targets" dosyasındaki "AddSourceRevisionToInformationalVersion" hedefi ("GetAssemblyAttributes" hedefi buna bağımlı):
   1:7>"Buddy.Application.csproj" projesinde "AddSourceRevisionToInformationalVersion" hedefini oluşturma tamamlandı.
   1:7>"c:\Users\ilhan\source\repos\StudyBuddy\StudyBuddy\Buddy.Application\Buddy.Application.csproj" projesinin "C:\Program Files\dotnet\sdk\10.0.200-preview.0.26103.119\Sdks\Microsoft.NET.Sdk\targets\Microsoft.NET.GenerateAssemblyInfo.targets" dosyasındaki "GetAssemblyAttributes" hedefi ("CreateGeneratedAssemblyInfoInputsCacheFile" hedefi buna bağımlı):
   1:7>"Buddy.Application.csproj" projesinde "GetAssemblyAttributes" hedefini oluşturma tamamlandı.
   1:7>"c:\Users\ilhan\source\repos\StudyBuddy\StudyBuddy\Buddy.Application\Buddy.Application.csproj" projesinin "C:\Program Files\dotnet\sdk\10.0.200-preview.0.26103.119\Sdks\Microsoft.NET.Sdk\targets\Microsoft.NET.GenerateAssemblyInfo.targets" dosyasındaki "CreateGeneratedAssemblyInfoInputsCacheFile" hedefi ("CoreGenerateAssemblyInfo" hedefi buna bağımlı):
       "Hash" görevi
       "Hash" görevini yürütme tamamlandı.
       "WriteLinesToFile" görevi
       "WriteLinesToFile" görevini yürütme tamamlandı.
   1:7>"Buddy.Application.csproj" projesinde "CreateGeneratedAssemblyInfoInputsCacheFile" hedefini oluşturma tamamlandı.
   1:7>"c:\Users\ilhan\source\repos\StudyBuddy\StudyBuddy\Buddy.Application\Buddy.Application.csproj" projesinin "C:\Program Files\dotnet\sdk\10.0.200-preview.0.26103.119\Sdks\Microsoft.NET.Sdk\targets\Microsoft.NET.GenerateAssemblyInfo.targets" dosyasındaki "CoreGenerateAssemblyInfo" hedefi ("GenerateAssemblyInfo" hedefi buna bağımlı):
       "CoreGenerateAssemblyInfo" hedefi tam olarak oluşturuluyor.
       "obj\Debug\net10.0\Buddy.Application.AssemblyInfo.cs" çıkış dosyası yok.
       "WriteCodeFragment" görevi
         Belirtilen kod "obj\Debug\net10.0\Buddy.Application.AssemblyInfo.cs" içine verildi.
       "WriteCodeFragment" görevini yürütme tamamlandı.
   1:7>"Buddy.Application.csproj" projesinde "CoreGenerateAssemblyInfo" hedefini oluşturma tamamlandı.
   1:7>"c:\Users\ilhan\source\repos\StudyBuddy\StudyBuddy\Buddy.Application\Buddy.Application.csproj" projesinin "C:\Program Files\dotnet\sdk\10.0.200-preview.0.26103.119\Sdks\Microsoft.NET.Sdk\targets\Microsoft.NET.GenerateAssemblyInfo.targets" dosyasındaki "GenerateAssemblyInfo" hedefi ("BeforeCompile" hedefi buna bağımlı):
   1:7>"Buddy.Application.csproj" projesinde "GenerateAssemblyInfo" hedefini oluşturma tamamlandı.
   1:7>"c:\Users\ilhan\source\repos\StudyBuddy\StudyBuddy\Buddy.Application\Buddy.Application.csproj" projesinin "C:\Program Files\dotnet\sdk\10.0.200-preview.0.26103.119\Microsoft.Common.CurrentVersion.targets" dosyasındaki "BeforeCompile" hedefi ("Compile" hedefi buna bağımlı):
   1:7>"Buddy.Application.csproj" projesinde "BeforeCompile" hedefini oluşturma tamamlandı.
       "ResolveAssemblyReferences" hedefi atlandı. Önceden başarılı bir şekilde derlenmişti.
       "_GenerateCompileInputs" hedefi atlandı. Önceden başarılı bir şekilde derlenmişti.
   1:7>"c:\Users\ilhan\source\repos\StudyBuddy\StudyBuddy\Buddy.Application\Buddy.Application.csproj" projesinin "C:\Program Files\dotnet\sdk\10.0.200-preview.0.26103.119\Microsoft.Common.CurrentVersion.targets" dosyasındaki "_GenerateCompileDependencyCache" hedefi ("Compile" hedefi buna bağımlı):
       "Hash" görevi
       "Hash" görevini yürütme tamamlandı.
       "WriteLinesToFile" görevi
       "WriteLinesToFile" görevini yürütme tamamlandı.
   1:7>"Buddy.Application.csproj" projesinde "_GenerateCompileDependencyCache" hedefini oluşturma tamamlandı.
   1:7>"c:\Users\ilhan\source\repos\StudyBuddy\StudyBuddy\Buddy.Application\Buddy.Application.csproj" projesinin "C:\Program Files\dotnet\sdk\10.0.200-preview.0.26103.119\Roslyn\Microsoft.Managed.Core.targets" dosyasındaki "_BeforeVBCSCoreCompile" hedefi ("CoreCompile" hedefi buna bağımlı):
   1:7>"Buddy.Application.csproj" projesinde "_BeforeVBCSCoreCompile" hedefini oluşturma tamamlandı.
   1:7>"c:\Users\ilhan\source\repos\StudyBuddy\StudyBuddy\Buddy.Application\Buddy.Application.csproj" projesinin "C:\Program Files\dotnet\sdk\10.0.200-preview.0.26103.119\Roslyn\Microsoft.Managed.Core.targets" dosyasındaki "_ComputeSkipAnalyzers" hedefi ("CoreCompile" hedefi buna bağımlı):
   1:7>"Buddy.Application.csproj" projesinde "_ComputeSkipAnalyzers" hedefini oluşturma tamamlandı.
       "BeforeCompile" hedefi atlandı. Önceden başarılı bir şekilde derlenmişti.
       "InitializeSourceControlInformationFromSourceControlManager" hedefi atlandı. Önceden başarılı bir şekilde derlenmişti.
   1:7>"c:\Users\ilhan\source\repos\StudyBuddy\StudyBuddy\Buddy.Application\Buddy.Application.csproj" projesinin "C:\Program Files\dotnet\sdk\10.0.200-preview.0.26103.119\Sdks\Microsoft.Build.Tasks.Git\build\Microsoft.Build.Tasks.Git.targets" dosyasındaki "SetEmbeddedFilesFromSourceControlManagerUntrackedFiles" hedefi ("_SetEmbeddedFilesFromSourceControlManagerUntrackedFiles" hedefi buna bağımlı):
   1:7>"Buddy.Application.csproj" projesinde "SetEmbeddedFilesFromSourceControlManagerUntrackedFiles" hedefini oluşturma tamamlandı.
   1:7>"c:\Users\ilhan\source\repos\StudyBuddy\StudyBuddy\Buddy.Application\Buddy.Application.csproj" projesinin "C:\Program Files\dotnet\sdk\10.0.200-preview.0.26103.119\Sdks\Microsoft.SourceLink.Common\build\Microsoft.SourceLink.Common.targets" dosyasındaki "_SetEmbeddedFilesFromSourceControlManagerUntrackedFiles" hedefi ("CoreCompile" hedefi buna bağımlı):
   1:7>"Buddy.Application.csproj" projesinde "_SetEmbeddedFilesFromSourceControlManagerUntrackedFiles" hedefini oluşturma tamamlandı.
       "InitializeSourceControlInformation" hedefi atlandı. Önceden başarılı bir şekilde derlenmişti.
   1:7>"c:\Users\ilhan\source\repos\StudyBuddy\StudyBuddy\Buddy.Application\Buddy.Application.csproj" projesinin "C:\Program Files\dotnet\sdk\10.0.200-preview.0.26103.119\Sdks\Microsoft.SourceLink.Common\build\Microsoft.SourceLink.Common.targets" dosyasındaki "_SetSourceLinkFilePath" hedefi ("_GenerateSourceLinkFile" hedefi buna bağımlı):
   1:7>"Buddy.Application.csproj" projesinde "_SetSourceLinkFilePath" hedefini oluşturma tamamlandı.
       "InitializeSourceControlInformation" hedefi atlandı. Önceden başarılı bir şekilde derlenmişti.
   1:7>"c:\Users\ilhan\source\repos\StudyBuddy\StudyBuddy\Buddy.Application\Buddy.Application.csproj" projesinin "C:\Program Files\dotnet\sdk\10.0.200-preview.0.26103.119\Roslyn\Microsoft.Managed.Core.targets" dosyasındaki "_InitializeSourceRootMappedPathsFromSourceControl" hedefi ("InitializeSourceRootMappedPaths" hedefi buna bağımlı):
   1:7>"Buddy.Application.csproj" projesinde "_InitializeSourceRootMappedPathsFromSourceControl" hedefini oluşturma tamamlandı.
   1:7>"c:\Users\ilhan\source\repos\StudyBuddy\StudyBuddy\Buddy.Application\Buddy.Application.csproj" projesinin "C:\Program Files\dotnet\sdk\10.0.200-preview.0.26103.119\Roslyn\Microsoft.Managed.Core.targets" dosyasındaki "InitializeSourceRootMappedPaths" hedefi ("_InitializeSourceRootMappedPathsOpt" hedefi buna bağımlı):
       "C:\Program Files\dotnet\sdk\10.0.200-preview.0.26103.119\Sdks\Microsoft.NET.Sdk\targets\..\..\..\Roslyn\Microsoft.Build.Tasks.CodeAnalysis.dll" derlemesindeki "Microsoft.CodeAnalysis.BuildTasks.MapSourceRoots" görevi kullanılıyor.
       "Microsoft.CodeAnalysis.BuildTasks.MapSourceRoots" görevi
       "Microsoft.CodeAnalysis.BuildTasks.MapSourceRoots" görevini yürütme tamamlandı.
   1:7>"Buddy.Application.csproj" projesinde "InitializeSourceRootMappedPaths" hedefini oluşturma tamamlandı.
   1:7>"c:\Users\ilhan\source\repos\StudyBuddy\StudyBuddy\Buddy.Application\Buddy.Application.csproj" projesinin "C:\Program Files\dotnet\sdk\10.0.200-preview.0.26103.119\Sdks\Microsoft.SourceLink.Common\build\Microsoft.SourceLink.Common.targets" dosyasındaki "_InitializeSourceRootMappedPathsOpt" hedefi ("_GenerateSourceLinkFile" hedefi buna bağımlı):
   1:7>"Buddy.Application.csproj" projesinde "_InitializeSourceRootMappedPathsOpt" hedefini oluşturma tamamlandı.
   1:7>"c:\Users\ilhan\source\repos\StudyBuddy\StudyBuddy\Buddy.Application\Buddy.Application.csproj" projesinin "C:\Program Files\dotnet\sdk\10.0.200-preview.0.26103.119\Sdks\Microsoft.SourceLink.GitHub\build\Microsoft.SourceLink.GitHub.targets" dosyasındaki "_InitializeGitHubSourceLinkUrl" hedefi ("_GenerateSourceLinkFile" hedefi buna bağımlı):
       "_InitializeGitHubSourceLinkUrl" hedefi tam olarak oluşturuluyor.
       Giriş dosyası belirtilmedi.
       "C:\Program Files\dotnet\sdk\10.0.200-preview.0.26103.119\Sdks\Microsoft.SourceLink.GitHub\build\..\tools\net\Microsoft.SourceLink.GitHub.dll" derlemesindeki "Microsoft.SourceLink.GitHub.GetSourceLinkUrl" görevi kullanılıyor.
       "Microsoft.SourceLink.GitHub.GetSourceLinkUrl" görevi
       "Microsoft.SourceLink.GitHub.GetSourceLinkUrl" görevini yürütme tamamlandı.
   1:7>"Buddy.Application.csproj" projesinde "_InitializeGitHubSourceLinkUrl" hedefini oluşturma tamamlandı.
   1:7>"c:\Users\ilhan\source\repos\StudyBuddy\StudyBuddy\Buddy.Application\Buddy.Application.csproj" projesinin "C:\Program Files\dotnet\sdk\10.0.200-preview.0.26103.119\Sdks\Microsoft.SourceLink.GitHub\build\Microsoft.SourceLink.GitHub.targets" dosyasındaki "_InitializeGitHubSourceLinkUrl" hedefi ("_GenerateSourceLinkFile" hedefi buna bağımlı):
       "_InitializeGitHubSourceLinkUrl" hedefi tam olarak oluşturuluyor.
       Giriş dosyası belirtilmedi.
       "Microsoft.SourceLink.GitHub.GetSourceLinkUrl" görevi
       "Microsoft.SourceLink.GitHub.GetSourceLinkUrl" görevini yürütme tamamlandı.
   1:7>"Buddy.Application.csproj" projesinde "_InitializeGitHubSourceLinkUrl" hedefini oluşturma tamamlandı.
   1:7>"c:\Users\ilhan\source\repos\StudyBuddy\StudyBuddy\Buddy.Application\Buddy.Application.csproj" projesinin "C:\Program Files\dotnet\sdk\10.0.200-preview.0.26103.119\Sdks\Microsoft.SourceLink.GitLab\build\Microsoft.SourceLink.GitLab.targets" dosyasındaki "_InitializeGitLabSourceLinkUrl" hedefi ("_GenerateSourceLinkFile" hedefi buna bağımlı):
       "_InitializeGitLabSourceLinkUrl" hedefi tam olarak oluşturuluyor.
       Giriş dosyası belirtilmedi.
       "C:\Program Files\dotnet\sdk\10.0.200-preview.0.26103.119\Sdks\Microsoft.SourceLink.GitLab\build\..\tools\net\Microsoft.SourceLink.GitLab.dll" derlemesindeki "Microsoft.SourceLink.GitLab.GetSourceLinkUrl" görevi kullanılıyor.
       "Microsoft.SourceLink.GitLab.GetSourceLinkUrl" görevi
       "Microsoft.SourceLink.GitLab.GetSourceLinkUrl" görevini yürütme tamamlandı.
   1:7>"Buddy.Application.csproj" projesinde "_InitializeGitLabSourceLinkUrl" hedefini oluşturma tamamlandı.
   1:7>"c:\Users\ilhan\source\repos\StudyBuddy\StudyBuddy\Buddy.Application\Buddy.Application.csproj" projesinin "C:\Program Files\dotnet\sdk\10.0.200-preview.0.26103.119\Sdks\Microsoft.SourceLink.GitLab\build\Microsoft.SourceLink.GitLab.targets" dosyasındaki "_InitializeGitLabSourceLinkUrl" hedefi ("_GenerateSourceLinkFile" hedefi buna bağımlı):
       "_InitializeGitLabSourceLinkUrl" hedefi tam olarak oluşturuluyor.
       Giriş dosyası belirtilmedi.
       "Microsoft.SourceLink.GitLab.GetSourceLinkUrl" görevi
       "Microsoft.SourceLink.GitLab.GetSourceLinkUrl" görevini yürütme tamamlandı.
   1:7>"Buddy.Application.csproj" projesinde "_InitializeGitLabSourceLinkUrl" hedefini oluşturma tamamlandı.
   1:7>"c:\Users\ilhan\source\repos\StudyBuddy\StudyBuddy\Buddy.Application\Buddy.Application.csproj" projesinin "C:\Program Files\dotnet\sdk\10.0.200-preview.0.26103.119\Sdks\Microsoft.SourceLink.AzureRepos.Git\build\Microsoft.SourceLink.AzureRepos.Git.targets" dosyasındaki "_InitializeAzureReposGitSourceLinkUrl" hedefi ("_GenerateSourceLinkFile" hedefi buna bağımlı):
       "_InitializeAzureReposGitSourceLinkUrl" hedefi tam olarak oluşturuluyor.
       Giriş dosyası belirtilmedi.
       "C:\Program Files\dotnet\sdk\10.0.200-preview.0.26103.119\Sdks\Microsoft.SourceLink.AzureRepos.Git\build\..\tools\net\Microsoft.SourceLink.AzureRepos.Git.dll" derlemesindeki "Microsoft.SourceLink.AzureRepos.Git.GetSourceLinkUrl" görevi kullanılıyor.
       "Microsoft.SourceLink.AzureRepos.Git.GetSourceLinkUrl" görevi
       "Microsoft.SourceLink.AzureRepos.Git.GetSourceLinkUrl" görevini yürütme tamamlandı.
   1:7>"Buddy.Application.csproj" projesinde "_InitializeAzureReposGitSourceLinkUrl" hedefini oluşturma tamamlandı.
   1:7>"c:\Users\ilhan\source\repos\StudyBuddy\StudyBuddy\Buddy.Application\Buddy.Application.csproj" projesinin "C:\Program Files\dotnet\sdk\10.0.200-preview.0.26103.119\Sdks\Microsoft.SourceLink.AzureRepos.Git\build\Microsoft.SourceLink.AzureRepos.Git.targets" dosyasındaki "_InitializeAzureReposGitSourceLinkUrl" hedefi ("_GenerateSourceLinkFile" hedefi buna bağımlı):
       "_InitializeAzureReposGitSourceLinkUrl" hedefi tam olarak oluşturuluyor.
       Giriş dosyası belirtilmedi.
       "Microsoft.SourceLink.AzureRepos.Git.GetSourceLinkUrl" görevi
       "Microsoft.SourceLink.AzureRepos.Git.GetSourceLinkUrl" görevini yürütme tamamlandı.
   1:7>"Buddy.Application.csproj" projesinde "_InitializeAzureReposGitSourceLinkUrl" hedefini oluşturma tamamlandı.
   1:7>"c:\Users\ilhan\source\repos\StudyBuddy\StudyBuddy\Buddy.Application\Buddy.Application.csproj" projesinin "C:\Program Files\dotnet\sdk\10.0.200-preview.0.26103.119\Sdks\Microsoft.SourceLink.Bitbucket.Git\build\Microsoft.SourceLink.Bitbucket.Git.targets" dosyasındaki "_InitializeBitbucketGitSourceLinkUrl" hedefi ("_GenerateSourceLinkFile" hedefi buna bağımlı):
       "_InitializeBitbucketGitSourceLinkUrl" hedefi tam olarak oluşturuluyor.
       Giriş dosyası belirtilmedi.
       "C:\Program Files\dotnet\sdk\10.0.200-preview.0.26103.119\Sdks\Microsoft.SourceLink.Bitbucket.Git\build\..\tools\net\Microsoft.SourceLink.Bitbucket.Git.dll" derlemesindeki "Microsoft.SourceLink.Bitbucket.Git.GetSourceLinkUrl" görevi kullanılıyor.
       "Microsoft.SourceLink.Bitbucket.Git.GetSourceLinkUrl" görevi
       "Microsoft.SourceLink.Bitbucket.Git.GetSourceLinkUrl" görevini yürütme tamamlandı.
   1:7>"Buddy.Application.csproj" projesinde "_InitializeBitbucketGitSourceLinkUrl" hedefini oluşturma tamamlandı.
   1:7>"c:\Users\ilhan\source\repos\StudyBuddy\StudyBuddy\Buddy.Application\Buddy.Application.csproj" projesinin "C:\Program Files\dotnet\sdk\10.0.200-preview.0.26103.119\Sdks\Microsoft.SourceLink.Bitbucket.Git\build\Microsoft.SourceLink.Bitbucket.Git.targets" dosyasındaki "_InitializeBitbucketGitSourceLinkUrl" hedefi ("_GenerateSourceLinkFile" hedefi buna bağımlı):
       "_InitializeBitbucketGitSourceLinkUrl" hedefi tam olarak oluşturuluyor.
       Giriş dosyası belirtilmedi.
       "Microsoft.SourceLink.Bitbucket.Git.GetSourceLinkUrl" görevi
       "Microsoft.SourceLink.Bitbucket.Git.GetSourceLinkUrl" görevini yürütme tamamlandı.
   1:7>"Buddy.Application.csproj" projesinde "_InitializeBitbucketGitSourceLinkUrl" hedefini oluşturma tamamlandı.
   1:7>"c:\Users\ilhan\source\repos\StudyBuddy\StudyBuddy\Buddy.Application\Buddy.Application.csproj" projesinin "C:\Program Files\dotnet\sdk\10.0.200-preview.0.26103.119\Sdks\Microsoft.SourceLink.Common\build\Microsoft.SourceLink.Common.targets" dosyasındaki "_GenerateSourceLinkFile" hedefi ("GenerateSourceLinkFile" hedefi buna bağımlı):
       "_GenerateSourceLinkFile" hedefi tam olarak oluşturuluyor.
       Giriş dosyası belirtilmedi.
       "C:\Program Files\dotnet\sdk\10.0.200-preview.0.26103.119\Sdks\Microsoft.SourceLink.Common\build\..\tools\net\Microsoft.SourceLink.Common.dll" derlemesindeki "Microsoft.SourceLink.Common.GenerateSourceLinkFile" görevi kullanılıyor.
       "Microsoft.SourceLink.Common.GenerateSourceLinkFile" görevi
         Source Link boş, 'obj\Debug\net10.0\Buddy.Application.sourcelink.json' dosyası yok.
       "Microsoft.SourceLink.Common.GenerateSourceLinkFile" görevini yürütme tamamlandı.
   1:7>"Buddy.Application.csproj" projesinde "_GenerateSourceLinkFile" hedefini oluşturma tamamlandı.
   1:7>"c:\Users\ilhan\source\repos\StudyBuddy\StudyBuddy\Buddy.Application\Buddy.Application.csproj" projesinin "C:\Program Files\dotnet\sdk\10.0.200-preview.0.26103.119\Sdks\Microsoft.SourceLink.Common\build\Microsoft.SourceLink.Common.targets" dosyasındaki "GenerateSourceLinkFile" hedefi ("CoreCompile" hedefi buna bağımlı):
   1:7>"Buddy.Application.csproj" projesinde "GenerateSourceLinkFile" hedefini oluşturma tamamlandı.
   1:7>"c:\Users\ilhan\source\repos\StudyBuddy\StudyBuddy\Buddy.Application\Buddy.Application.csproj" projesinin "C:\Program Files\dotnet\sdk\10.0.200-preview.0.26103.119\Sdks\Microsoft.NET.Sdk\analyzers\build\Microsoft.CodeAnalysis.NetAnalyzers.targets" dosyasındaki "AddGlobalAnalyzerConfigForPackage_MicrosoftCodeAnalysisNetAnalyzers" hedefi ("CoreCompile" hedefi buna bağımlı):
   1:7>"Buddy.Application.csproj" projesinde "AddGlobalAnalyzerConfigForPackage_MicrosoftCodeAnalysisNetAnalyzers" hedefini oluşturma tamamlandı.
   1:7>"c:\Users\ilhan\source\repos\StudyBuddy\StudyBuddy\Buddy.Application\Buddy.Application.csproj" projesinin "C:\Program Files\dotnet\sdk\10.0.200-preview.0.26103.119\Roslyn\Microsoft.CSharp.Core.targets" dosyasındaki "CoreCompile" hedefi ("Compile" hedefi buna bağımlı):
       "CoreCompile" hedefi tam olarak oluşturuluyor.
       "obj\Debug\net10.0\Buddy.Application.dll" çıkış dosyası yok.
       C:\Program Files\dotnet\sdk\10.0.200-preview.0.26103.119\Roslyn\Microsoft.CSharp.Core.targets(66,7): message : Özellik yeniden ataması: $(NoWarn)="1701;1702;1701;1702" (önceki değer: "1701;1702") konum: C:\Program Files\dotnet\sdk\10.0.200-preview.0.26103.119\Roslyn\Microsoft.CSharp.Core.targets (66,7) [c:\Users\ilhan\source\repos\StudyBuddy\StudyBuddy\Buddy.Application\Buddy.Application.csproj]
       C:\Program Files\dotnet\sdk\10.0.200-preview.0.26103.119\Roslyn\Microsoft.CSharp.Core.targets(76,7): message : Özellik yeniden ataması: $(NoWarn)="1701;1702;1701;1702;8002" (önceki değer: "1701;1702") konum: C:\Program Files\dotnet\sdk\10.0.200-preview.0.26103.119\Roslyn\Microsoft.CSharp.Core.targets (76,7) [c:\Users\ilhan\source\repos\StudyBuddy\StudyBuddy\Buddy.Application\Buddy.Application.csproj]
       "C:\Program Files\dotnet\sdk\10.0.200-preview.0.26103.119\Sdks\Microsoft.NET.Sdk\targets\..\..\..\Roslyn\Microsoft.Build.Tasks.CodeAnalysis.dll" derlemesindeki "Csc" görevi kullanılıyor.
       "Csc" görevi
         Setting DOTNET_ROOT to 'C:\Program Files\dotnet'
         Araca geçirilen Ortam Değişkenleri:
           DOTNET_ROOT=C:\Program Files\dotnet
         C:\Program Files\dotnet\sdk\10.0.200-preview.0.26103.119\Roslyn\bincore\csc.exe /noconfig /unsafe- /checked- /nowarn:1701,1702,1701,1702,8002 /fullpaths /nostdlib+ /errorreport:prompt /warn:10 /define:TRACE;DEBUG;NET;NET10_0;NETCOREAPP;NET5_0_OR_GREATER;NET6_0_OR_GREATER;NET7_0_OR_GREATER;NET8_0_OR_GREATER;NET9_0_OR_GREATER;NET10_0_OR_GREATER;NETCOREAPP1_0_OR_GREATER;NETCOREAPP1_1_OR_GREATER;NETCOREAPP2_0_OR_GREATER;NETCOREAPP2_1_OR_GREATER;NETCOREAPP2_2_OR_GREATER;NETCOREAPP3_0_OR_GREATER;NETCOREAPP3_1_OR_GREATER /highentropyva+ /nullable:enable /reference:C:\Users\ilhan\.nuget\packages\bcrypt.net-next\4.0.3\lib\net6.0\BCrypt.Net-Next.dll /reference:c:\Users\ilhan\source\repos\StudyBuddy\StudyBuddy\Buddy.Domain\obj\Debug\net10.0\ref\Buddy.Domain.dll /reference:C:\Users\ilhan\.nuget\packages\fluentvalidation.dependencyinjectionextensions\12.1.1\lib\net8.0\FluentValidation.DependencyInjectionExtensions.dll /reference:C:\Users\ilhan\.nuget\packages\fluentvalidation\12.1.1\lib\net8.0\FluentValidation.dll /reference:C:\Users\ilhan\.nuget\packages\mediatr.contracts\2.0.1\lib\netstandard2.0\MediatR.Contracts.dll /reference:C:\Users\ilhan\.nuget\packages\mediatr\12.4.1\lib\net6.0\MediatR.dll /reference:"C:\Program Files\dotnet\packs\Microsoft.NETCore.App.Ref\10.0.2\ref\net10.0\Microsoft.CSharp.dll" /reference:C:\Users\ilhan\.nuget\packages\microsoft.entityframeworkcore.abstractions\10.0.0\lib\net10.0\Microsoft.EntityFrameworkCore.Abstractions.dll /reference:C:\Users\ilhan\.nuget\packages\microsoft.entityframeworkcore\10.0.0\lib\net10.0\Microsoft.EntityFrameworkCore.dll /reference:C:\Users\ilhan\.nuget\packages\microsoft.extensions.caching.abstractions\10.0.0\lib\net10.0\Microsoft.Extensions.Caching.Abstractions.dll /reference:C:\Users\ilhan\.nuget\packages\microsoft.extensions.caching.memory\10.0.0\lib\net10.0\Microsoft.Extensions.Caching.Memory.dll /reference:C:\Users\ilhan\.nuget\packages\microsoft.extensions.dependencyinjection.abstractions\10.0.0\lib\net10.0\Microsoft.Extensions.DependencyInjection.Abstractions.dll /reference:C:\Users\ilhan\.nuget\packages\microsoft.extensions.dependencyinjection\10.0.0\lib\net10.0\Microsoft.Extensions.DependencyInjection.dll /reference:C:\Users\ilhan\.nuget\packages\microsoft.extensions.logging.abstractions\10.0.0\lib\net10.0\Microsoft.Extensions.Logging.Abstractions.dll /reference:C:\Users\ilhan\.nuget\packages\microsoft.extensions.logging\10.0.0\lib\net10.0\Microsoft.Extensions.Logging.dll /reference:C:\Users\ilhan\.nuget\packages\microsoft.extensions.options\10.0.0\lib\net10.0\Microsoft.Extensions.Options.dll /reference:C:\Users\ilhan\.nuget\packages\microsoft.extensions.primitives\10.0.0\lib\net10.0\Microsoft.Extensions.Primitives.dll /reference:"C:\Program Files\dotnet\packs\Microsoft.NETCore.App.Ref\10.0.2\ref\net10.0\Microsoft.VisualBasic.Core.dll" /reference:"C:\Program Files\dotnet\packs\Microsoft.NETCore.App.Ref\10.0.2\ref\net10.0\Microsoft.VisualBasic.dll" /reference:"C:\Program Files\dotnet\packs\Microsoft.NETCore.App.Ref\10.0.2\ref\net10.0\Microsoft.Win32.Primitives.dll" /reference:"C:\Program Files\dotnet\packs\Microsoft.NETCore.App.Ref\10.0.2\ref\net10.0\Microsoft.Win32.Registry.dll" /reference:"C:\Program Files\dotnet\packs\Microsoft.NETCore.App.Ref\10.0.2\ref\net10.0\mscorlib.dll" /reference:"C:\Program Files\dotnet\packs\Microsoft.NETCore.App.Ref\10.0.2\ref\net10.0\netstandard.dll" /reference:"C:\Program Files\dotnet\packs\Microsoft.NETCore.App.Ref\10.0.2\ref\net10.0\System.AppContext.dll" /reference:"C:\Program Files\dotnet\packs\Microsoft.NETCore.App.Ref\10.0.2\ref\net10.0\System.Buffers.dll" /reference:"C:\Program Files\dotnet\packs\Microsoft.NETCore.App.Ref\10.0.2\ref\net10.0\System.Collections.Concurrent.dll" /reference:"C:\Program Files\dotnet\packs\Microsoft.NETCore.App.Ref\10.0.2\ref\net10.0\System.Collections.dll" /reference:"C:\Program Files\dotnet\packs\Microsoft.NETCore.App.Ref\10.0.2\ref\net10.0\System.Collections.Immutable.dll" /reference:"C:\Program Files\dotnet\packs\Microsoft.NETCore.App.Ref\10.0.2\ref\net10.0\System.Collections.NonGeneric.dll" /reference:"C:\Program Files\dotnet\packs\Microsoft.NETCore.App.Ref\10.0.2\ref\net10.0\System.Collections.Specialized.dll" /reference:"C:\Program Files\dotnet\packs\Microsoft.NETCore.App.Ref\10.0.2\ref\net10.0\System.ComponentModel.Annotations.dll" /reference:"C:\Program Files\dotnet\packs\Microsoft.NETCore.App.Ref\10.0.2\ref\net10.0\System.ComponentModel.DataAnnotations.dll" /reference:"C:\Program Files\dotnet\packs\Microsoft.NETCore.App.Ref\10.0.2\ref\net10.0\System.ComponentModel.dll" /reference:"C:\Program Files\dotnet\packs\Microsoft.NETCore.App.Ref\10.0.2\ref\net10.0\System.ComponentModel.EventBasedAsync.dll" /reference:"C:\Program Files\dotnet\packs\Microsoft.NETCore.App.Ref\10.0.2\ref\net10.0\System.ComponentModel.Primitives.dll" /reference:"C:\Program Files\dotnet\packs\Microsoft.NETCore.App.Ref\10.0.2\ref\net10.0\System.ComponentModel.TypeConverter.dll" /reference:"C:\Program Files\dotnet\packs\Microsoft.NETCore.App.Ref\10.0.2\ref\net10.0\System.Configuration.dll" /reference:"C:\Program Files\dotnet\packs\Microsoft.NETCore.App.Ref\10.0.2\ref\net10.0\System.Console.dll" /reference:"C:\Program Files\dotnet\packs\Microsoft.NETCore.App.Ref\10.0.2\ref\net10.0\System.Core.dll" /reference:"C:\Program Files\dotnet\packs\Microsoft.NETCore.App.Ref\10.0.2\ref\net10.0\System.Data.Common.dll" /reference:"C:\Program Files\dotnet\packs\Microsoft.NETCore.App.Ref\10.0.2\ref\net10.0\System.Data.DataSetExtensions.dll" /reference:"C:\Program Files\dotnet\packs\Microsoft.NETCore.App.Ref\10.0.2\ref\net10.0\System.Data.dll" /reference:"C:\Program Files\dotnet\packs\Microsoft.NETCore.App.Ref\10.0.2\ref\net10.0\System.Diagnostics.Contracts.dll" /reference:"C:\Program Files\dotnet\packs\Microsoft.NETCore.App.Ref\10.0.2\ref\net10.0\System.Diagnostics.Debug.dll" /reference:"C:\Program Files\dotnet\packs\Microsoft.NETCore.App.Ref\10.0.2\ref\net10.0\System.Diagnostics.DiagnosticSource.dll" /reference:"C:\Program Files\dotnet\packs\Microsoft.NETCore.App.Ref\10.0.2\ref\net10.0\System.Diagnostics.FileVersionInfo.dll" /reference:"C:\Program Files\dotnet\packs\Microsoft.NETCore.App.Ref\10.0.2\ref\net10.0\System.Diagnostics.Process.dll" /reference:"C:\Program Files\dotnet\packs\Microsoft.NETCore.App.Ref\10.0.2\ref\net10.0\System.Diagnostics.StackTrace.dll" /reference:"C:\Program Files\dotnet\packs\Microsoft.NETCore.App.Ref\10.0.2\ref\net10.0\System.Diagnostics.TextWriterTraceListener.dll" /reference:"C:\Program Files\dotnet\packs\Microsoft.NETCore.App.Ref\10.0.2\ref\net10.0\System.Diagnostics.Tools.dll" /reference:"C:\Program Files\dotnet\packs\Microsoft.NETCore.App.Ref\10.0.2\ref\net10.0\System.Diagnostics.TraceSource.dll" /reference:"C:\Program Files\dotnet\packs\Microsoft.NETCore.App.Ref\10.0.2\ref\net10.0\System.Diagnostics.Tracing.dll" /reference:"C:\Program Files\dotnet\packs\Microsoft.NETCore.App.Ref\10.0.2\ref\net10.0\System.dll" /reference:"C:\Program Files\dotnet\packs\Microsoft.NETCore.App.Ref\10.0.2\ref\net10.0\System.Drawing.dll" /reference:"C:\Program Files\dotnet\packs\Microsoft.NETCore.App.Ref\10.0.2\ref\net10.0\System.Drawing.Primitives.dll" /reference:"C:\Program Files\dotnet\packs\Microsoft.NETCore.App.Ref\10.0.2\ref\net10.0\System.Dynamic.Runtime.dll" /reference:"C:\Program Files\dotnet\packs\Microsoft.NETCore.App.Ref\10.0.2\ref\net10.0\System.Formats.Asn1.dll" /reference:"C:\Program Files\dotnet\packs\Microsoft.NETCore.App.Ref\10.0.2\ref\net10.0\System.Formats.Tar.dll" /reference:"C:\Program Files\dotnet\packs\Microsoft.NETCore.App.Ref\10.0.2\ref\net10.0\System.Globalization.Calendars.dll" /reference:"C:\Program Files\dotnet\packs\Microsoft.NETCore.App.Ref\10.0.2\ref\net10.0\System.Globalization.dll" /reference:"C:\Program Files\dotnet\packs\Microsoft.NETCore.App.Ref\10.0.2\ref\net10.0\System.Globalization.Extensions.dll" /reference:"C:\Program Files\dotnet\packs\Microsoft.NETCore.App.Ref\10.0.2\ref\net10.0\System.IO.Compression.Brotli.dll" /reference:"C:\Program Files\dotnet\packs\Microsoft.NETCore.App.Ref\10.0.2\ref\net10.0\System.IO.Compression.dll" /reference:"C:\Program Files\dotnet\packs\Microsoft.NETCore.App.Ref\10.0.2\ref\net10.0\System.IO.Compression.FileSystem.dll" /reference:"C:\Program Files\dotnet\packs\Microsoft.NETCore.App.Ref\10.0.2\ref\net10.0\System.IO.Compression.ZipFile.dll" /reference:"C:\Program Files\dotnet\packs\Microsoft.NETCore.App.Ref\10.0.2\ref\net10.0\System.IO.dll" /reference:"C:\Program Files\dotnet\packs\Microsoft.NETCore.App.Ref\10.0.2\ref\net10.0\System.IO.FileSystem.AccessControl.dll" /reference:"C:\Program Files\dotnet\packs\Microsoft.NETCore.App.Ref\10.0.2\ref\net10.0\System.IO.FileSystem.dll" /reference:"C:\Program Files\dotnet\packs\Microsoft.NETCore.App.Ref\10.0.2\ref\net10.0\System.IO.FileSystem.DriveInfo.dll" /reference:"C:\Program Files\dotnet\packs\Microsoft.NETCore.App.Ref\10.0.2\ref\net10.0\System.IO.FileSystem.Primitives.dll" /reference:"C:\Program Files\dotnet\packs\Microsoft.NETCore.App.Ref\10.0.2\ref\net10.0\System.IO.FileSystem.Watcher.dll" /reference:"C:\Program Files\dotnet\packs\Microsoft.NETCore.App.Ref\10.0.2\ref\net10.0\System.IO.IsolatedStorage.dll" /reference:"C:\Program Files\dotnet\packs\Microsoft.NETCore.App.Ref\10.0.2\ref\net10.0\System.IO.MemoryMappedFiles.dll" /reference:"C:\Program Files\dotnet\packs\Microsoft.NETCore.App.Ref\10.0.2\ref\net10.0\System.IO.Pipelines.dll" /reference:"C:\Program Files\dotnet\packs\Microsoft.NETCore.App.Ref\10.0.2\ref\net10.0\System.IO.Pipes.AccessControl.dll" /reference:"C:\Program Files\dotnet\packs\Microsoft.NETCore.App.Ref\10.0.2\ref\net10.0\System.IO.Pipes.dll" /reference:"C:\Program Files\dotnet\packs\Microsoft.NETCore.App.Ref\10.0.2\ref\net10.0\System.IO.UnmanagedMemoryStream.dll" /reference:"C:\Program Files\dotnet\packs\Microsoft.NETCore.App.Ref\10.0.2\ref\net10.0\System.Linq.AsyncEnumerable.dll" /reference:"C:\Program Files\dotnet\packs\Microsoft.NETCore.App.Ref\10.0.2\ref\net10.0\System.Linq.dll" /reference:"C:\Program Files\dotnet\packs\Microsoft.NETCore.App.Ref\10.0.2\ref\net10.0\System.Linq.Expressions.dll" /reference:"C:\Program Files\dotnet\packs\Microsoft.NETCore.App.Ref\10.0.2\ref\net10.0\System.Linq.Parallel.dll" /reference:"C:\Program Files\dotnet\packs\Microsoft.NETCore.App.Ref\10.0.2\ref\net10.0\System.Linq.Queryable.dll" /reference:"C:\Program Files\dotnet\packs\Microsoft.NETCore.App.Ref\10.0.2\ref\net10.0\System.Memory.dll" /reference:"C:\Program Files\dotnet\packs\Microsoft.NETCore.App.Ref\10.0.2\ref\net10.0\System.Net.dll" /reference:"C:\Program Files\dotnet\packs\Microsoft.NETCore.App.Ref\10.0.2\ref\net10.0\System.Net.Http.dll" /reference:"C:\Program Files\dotnet\packs\Microsoft.NETCore.App.Ref\10.0.2\ref\net10.0\System.Net.Http.Json.dll" /reference:"C:\Program Files\dotnet\packs\Microsoft.NETCore.App.Ref\10.0.2\ref\net10.0\System.Net.HttpListener.dll" /reference:"C:\Program Files\dotnet\packs\Microsoft.NETCore.App.Ref\10.0.2\ref\net10.0\System.Net.Mail.dll" /reference:"C:\Program Files\dotnet\packs\Microsoft.NETCore.App.Ref\10.0.2\ref\net10.0\System.Net.NameResolution.dll" /reference:"C:\Program Files\dotnet\packs\Microsoft.NETCore.App.Ref\10.0.2\ref\net10.0\System.Net.NetworkInformation.dll" /reference:"C:\Program Files\dotnet\packs\Microsoft.NETCore.App.Ref\10.0.2\ref\net10.0\System.Net.Ping.dll" /reference:"C:\Program Files\dotnet\packs\Microsoft.NETCore.App.Ref\10.0.2\ref\net10.0\System.Net.Primitives.dll" /reference:"C:\Program Files\dotnet\packs\Microsoft.NETCore.App.Ref\10.0.2\ref\net10.0\System.Net.Quic.dll" /reference:"C:\Program Files\dotnet\packs\Microsoft.NETCore.App.Ref\10.0.2\ref\net10.0\System.Net.Requests.dll" /reference:"C:\Program Files\dotnet\packs\Microsoft.NETCore.App.Ref\10.0.2\ref\net10.0\System.Net.Security.dll" /reference:"C:\Program Files\dotnet\packs\Microsoft.NETCore.App.Ref\10.0.2\ref\net10.0\System.Net.ServerSentEvents.dll" /reference:"C:\Program Files\dotnet\packs\Microsoft.NETCore.App.Ref\10.0.2\ref\net10.0\System.Net.ServicePoint.dll" /reference:"C:\Program Files\dotnet\packs\Microsoft.NETCore.App.Ref\10.0.2\ref\net10.0\System.Net.Sockets.dll" /reference:"C:\Program Files\dotnet\packs\Microsoft.NETCore.App.Ref\10.0.2\ref\net10.0\System.Net.WebClient.dll" /reference:"C:\Program Files\dotnet\packs\Microsoft.NETCore.App.Ref\10.0.2\ref\net10.0\System.Net.WebHeaderCollection.dll" /reference:"C:\Program Files\dotnet\packs\Microsoft.NETCore.App.Ref\10.0.2\ref\net10.0\System.Net.WebProxy.dll" /reference:"C:\Program Files\dotnet\packs\Microsoft.NETCore.App.Ref\10.0.2\ref\net10.0\System.Net.WebSockets.Client.dll" /reference:"C:\Program Files\dotnet\packs\Microsoft.NETCore.App.Ref\10.0.2\ref\net10.0\System.Net.WebSockets.dll" /reference:"C:\Program Files\dotnet\packs\Microsoft.NETCore.App.Ref\10.0.2\ref\net10.0\System.Numerics.dll" /reference:"C:\Program Files\dotnet\packs\Microsoft.NETCore.App.Ref\10.0.2\ref\net10.0\System.Numerics.Vectors.dll" /reference:"C:\Program Files\dotnet\packs\Microsoft.NETCore.App.Ref\10.0.2\ref\net10.0\System.ObjectModel.dll" /reference:"C:\Program Files\dotnet\packs\Microsoft.NETCore.App.Ref\10.0.2\ref\net10.0\System.Reflection.DispatchProxy.dll" /reference:"C:\Program Files\dotnet\packs\Microsoft.NETCore.App.Ref\10.0.2\ref\net10.0\System.Reflection.dll" /reference:"C:\Program Files\dotnet\packs\Microsoft.NETCore.App.Ref\10.0.2\ref\net10.0\System.Reflection.Emit.dll" /reference:"C:\Program Files\dotnet\packs\Microsoft.NETCore.App.Ref\10.0.2\ref\net10.0\System.Reflection.Emit.ILGeneration.dll" /reference:"C:\Program Files\dotnet\packs\Microsoft.NETCore.App.Ref\10.0.2\ref\net10.0\System.Reflection.Emit.Lightweight.dll" /reference:"C:\Program Files\dotnet\packs\Microsoft.NETCore.App.Ref\10.0.2\ref\net10.0\System.Reflection.Extensions.dll" /reference:"C:\Program Files\dotnet\packs\Microsoft.NETCore.App.Ref\10.0.2\ref\net10.0\System.Reflection.Metadata.dll" /reference:"C:\Program Files\dotnet\packs\Microsoft.NETCore.App.Ref\10.0.2\ref\net10.0\System.Reflection.Primitives.dll" /reference:"C:\Program Files\dotnet\packs\Microsoft.NETCore.App.Ref\10.0.2\ref\net10.0\System.Reflection.TypeExtensions.dll" /reference:"C:\Program Files\dotnet\packs\Microsoft.NETCore.App.Ref\10.0.2\ref\net10.0\System.Resources.Reader.dll" /reference:"C:\Program Files\dotnet\packs\Microsoft.NETCore.App.Ref\10.0.2\ref\net10.0\System.Resources.ResourceManager.dll" /reference:"C:\Program Files\dotnet\packs\Microsoft.NETCore.App.Ref\10.0.2\ref\net10.0\System.Resources.Writer.dll" /reference:"C:\Program Files\dotnet\packs\Microsoft.NETCore.App.Ref\10.0.2\ref\net10.0\System.Runtime.CompilerServices.Unsafe.dll" /reference:"C:\Program Files\dotnet\packs\Microsoft.NETCore.App.Ref\10.0.2\ref\net10.0\System.Runtime.CompilerServices.VisualC.dll" /reference:"C:\Program Files\dotnet\packs\Microsoft.NETCore.App.Ref\10.0.2\ref\net10.0\System.Runtime.dll" /reference:"C:\Program Files\dotnet\packs\Microsoft.NETCore.App.Ref\10.0.2\ref\net10.0\System.Runtime.Extensions.dll" /reference:"C:\Program Files\dotnet\packs\Microsoft.NETCore.App.Ref\10.0.2\ref\net10.0\System.Runtime.Handles.dll" /reference:"C:\Program Files\dotnet\packs\Microsoft.NETCore.App.Ref\10.0.2\ref\net10.0\System.Runtime.InteropServices.dll" /reference:"C:\Program Files\dotnet\packs\Microsoft.NETCore.App.Ref\10.0.2\ref\net10.0\System.Runtime.InteropServices.JavaScript.dll" /reference:"C:\Program Files\dotnet\packs\Microsoft.NETCore.App.Ref\10.0.2\ref\net10.0\System.Runtime.InteropServices.RuntimeInformation.dll" /reference:"C:\Program Files\dotnet\packs\Microsoft.NETCore.App.Ref\10.0.2\ref\net10.0\System.Runtime.Intrinsics.dll" /reference:"C:\Program Files\dotnet\packs\Microsoft.NETCore.App.Ref\10.0.2\ref\net10.0\System.Runtime.Loader.dll" /reference:"C:\Program Files\dotnet\packs\Microsoft.NETCore.App.Ref\10.0.2\ref\net10.0\System.Runtime.Numerics.dll" /reference:"C:\Program Files\dotnet\packs\Microsoft.NETCore.App.Ref\10.0.2\ref\net10.0\System.Runtime.Serialization.dll" /reference:"C:\Program Files\dotnet\packs\Microsoft.NETCore.App.Ref\10.0.2\ref\net10.0\System.Runtime.Serialization.Formatters.dll" /reference:"C:\Program Files\dotnet\packs\Microsoft.NETCore.App.Ref\10.0.2\ref\net10.0\System.Runtime.Serialization.Json.dll" /reference:"C:\Program Files\dotnet\packs\Microsoft.NETCore.App.Ref\10.0.2\ref\net10.0\System.Runtime.Serialization.Primitives.dll" /reference:"C:\Program Files\dotnet\packs\Microsoft.NETCore.App.Ref\10.0.2\ref\net10.0\System.Runtime.Serialization.Xml.dll" /reference:"C:\Program Files\dotnet\packs\Microsoft.NETCore.App.Ref\10.0.2\ref\net10.0\System.Security.AccessControl.dll" /reference:"C:\Program Files\dotnet\packs\Microsoft.NETCore.App.Ref\10.0.2\ref\net10.0\System.Security.Claims.dll" /reference:"C:\Program Files\dotnet\packs\Microsoft.NETCore.App.Ref\10.0.2\ref\net10.0\System.Security.Cryptography.Algorithms.dll" /reference:"C:\Program Files\dotnet\packs\Microsoft.NETCore.App.Ref\10.0.2\ref\net10.0\System.Security.Cryptography.Cng.dll" /reference:"C:\Program Files\dotnet\packs\Microsoft.NETCore.App.Ref\10.0.2\ref\net10.0\System.Security.Cryptography.Csp.dll" /reference:"C:\Program Files\dotnet\packs\Microsoft.NETCore.App.Ref\10.0.2\ref\net10.0\System.Security.Cryptography.dll" /reference:"C:\Program Files\dotnet\packs\Microsoft.NETCore.App.Ref\10.0.2\ref\net10.0\System.Security.Cryptography.Encoding.dll" /reference:"C:\Program Files\dotnet\packs\Microsoft.NETCore.App.Ref\10.0.2\ref\net10.0\System.Security.Cryptography.OpenSsl.dll" /reference:"C:\Program Files\dotnet\packs\Microsoft.NETCore.App.Ref\10.0.2\ref\net10.0\System.Security.Cryptography.Primitives.dll" /reference:"C:\Program Files\dotnet\packs\Microsoft.NETCore.App.Ref\10.0.2\ref\net10.0\System.Security.Cryptography.X509Certificates.dll" /reference:"C:\Program Files\dotnet\packs\Microsoft.NETCore.App.Ref\10.0.2\ref\net10.0\System.Security.dll" /reference:"C:\Program Files\dotnet\packs\Microsoft.NETCore.App.Ref\10.0.2\ref\net10.0\System.Security.Principal.dll" /reference:"C:\Program Files\dotnet\packs\Microsoft.NETCore.App.Ref\10.0.2\ref\net10.0\System.Security.Principal.Windows.dll" /reference:"C:\Program Files\dotnet\packs\Microsoft.NETCore.App.Ref\10.0.2\ref\net10.0\System.Security.SecureString.dll" /reference:"C:\Program Files\dotnet\packs\Microsoft.NETCore.App.Ref\10.0.2\ref\net10.0\System.ServiceModel.Web.dll" /reference:"C:\Program Files\dotnet\packs\Microsoft.NETCore.App.Ref\10.0.2\ref\net10.0\System.ServiceProcess.dll" /reference:"C:\Program Files\dotnet\packs\Microsoft.NETCore.App.Ref\10.0.2\ref\net10.0\System.Text.Encoding.CodePages.dll" /reference:"C:\Program Files\dotnet\packs\Microsoft.NETCore.App.Ref\10.0.2\ref\net10.0\System.Text.Encoding.dll" /reference:"C:\Program Files\dotnet\packs\Microsoft.NETCore.App.Ref\10.0.2\ref\net10.0\System.Text.Encoding.Extensions.dll" /reference:"C:\Program Files\dotnet\packs\Microsoft.NETCore.App.Ref\10.0.2\ref\net10.0\System.Text.Encodings.Web.dll" /reference:"C:\Program Files\dotnet\packs\Microsoft.NETCore.App.Ref\10.0.2\ref\net10.0\System.Text.Json.dll" /reference:"C:\Program Files\dotnet\packs\Microsoft.NETCore.App.Ref\10.0.2\ref\net10.0\System.Text.RegularExpressions.dll" /reference:"C:\Program Files\dotnet\packs\Microsoft.NETCore.App.Ref\10.0.2\ref\net10.0\System.Threading.AccessControl.dll" /reference:"C:\Program Files\dotnet\packs\Microsoft.NETCore.App.Ref\10.0.2\ref\net10.0\System.Threading.Channels.dll" /reference:"C:\Program Files\dotnet\packs\Microsoft.NETCore.App.Ref\10.0.2\ref\net10.0\System.Threading.dll" /reference:"C:\Program Files\dotnet\packs\Microsoft.NETCore.App.Ref\10.0.2\ref\net10.0\System.Threading.Overlapped.dll" /reference:"C:\Program Files\dotnet\packs\Microsoft.NETCore.App.Ref\10.0.2\ref\net10.0\System.Threading.Tasks.Dataflow.dll" /reference:"C:\Program Files\dotnet\packs\Microsoft.NETCore.App.Ref\10.0.2\ref\net10.0\System.Threading.Tasks.dll" /reference:"C:\Program Files\dotnet\packs\Microsoft.NETCore.App.Ref\10.0.2\ref\net10.0\System.Threading.Tasks.Extensions.dll" /reference:"C:\Program Files\dotnet\packs\Microsoft.NETCore.App.Ref\10.0.2\ref\net10.0\System.Threading.Tasks.Parallel.dll" /reference:"C:\Program Files\dotnet\packs\Microsoft.NETCore.App.Ref\10.0.2\ref\net10.0\System.Threading.Thread.dll" /reference:"C:\Program Files\dotnet\packs\Microsoft.NETCore.App.Ref\10.0.2\ref\net10.0\System.Threading.ThreadPool.dll" /reference:"C:\Program Files\dotnet\packs\Microsoft.NETCore.App.Ref\10.0.2\ref\net10.0\System.Threading.Timer.dll" /reference:"C:\Program Files\dotnet\packs\Microsoft.NETCore.App.Ref\10.0.2\ref\net10.0\System.Transactions.dll" /reference:"C:\Program Files\dotnet\packs\Microsoft.NETCore.App.Ref\10.0.2\ref\net10.0\System.Transactions.Local.dll" /reference:"C:\Program Files\dotnet\packs\Microsoft.NETCore.App.Ref\10.0.2\ref\net10.0\System.ValueTuple.dll" /reference:"C:\Program Files\dotnet\packs\Microsoft.NETCore.App.Ref\10.0.2\ref\net10.0\System.Web.dll" /reference:"C:\Program Files\dotnet\packs\Microsoft.NETCore.App.Ref\10.0.2\ref\net10.0\System.Web.HttpUtility.dll" /reference:"C:\Program Files\dotnet\packs\Microsoft.NETCore.App.Ref\10.0.2\ref\net10.0\System.Windows.dll" /reference:"C:\Program Files\dotnet\packs\Microsoft.NETCore.App.Ref\10.0.2\ref\net10.0\System.Xml.dll" /reference:"C:\Program Files\dotnet\packs\Microsoft.NETCore.App.Ref\10.0.2\ref\net10.0\System.Xml.Linq.dll" /reference:"C:\Program Files\dotnet\packs\Microsoft.NETCore.App.Ref\10.0.2\ref\net10.0\System.Xml.ReaderWriter.dll" /reference:"C:\Program Files\dotnet\packs\Microsoft.NETCore.App.Ref\10.0.2\ref\net10.0\System.Xml.Serialization.dll" /reference:"C:\Program Files\dotnet\packs\Microsoft.NETCore.App.Ref\10.0.2\ref\net10.0\System.Xml.XDocument.dll" /reference:"C:\Program Files\dotnet\packs\Microsoft.NETCore.App.Ref\10.0.2\ref\net10.0\System.Xml.XmlDocument.dll" /reference:"C:\Program Files\dotnet\packs\Microsoft.NETCore.App.Ref\10.0.2\ref\net10.0\System.Xml.XmlSerializer.dll" /reference:"C:\Program Files\dotnet\packs\Microsoft.NETCore.App.Ref\10.0.2\ref\net10.0\System.Xml.XPath.dll" /reference:"C:\Program Files\dotnet\packs\Microsoft.NETCore.App.Ref\10.0.2\ref\net10.0\System.Xml.XPath.XDocument.dll" /reference:"C:\Program Files\dotnet\packs\Microsoft.NETCore.App.Ref\10.0.2\ref\net10.0\WindowsBase.dll" /features:"InterceptorsNamespaces=;Microsoft.Extensions.Validation.Generated" /debug+ /debug:portable /filealign:512 /optimize- /out:obj\Debug\net10.0\Buddy.Application.dll /refout:obj\Debug\net10.0\refint\Buddy.Application.dll /target:library /warnaserror- /utf8output /deterministic+ /langversion:14.0 /analyzerconfig:obj\Debug\net10.0\Buddy.Application.GeneratedMSBuildEditorConfig.editorconfig /analyzerconfig:"C:\Program Files\dotnet\sdk\10.0.200-preview.0.26103.119\Sdks\Microsoft.NET.Sdk\analyzers\build\config\analysislevel_10_default.globalconfig" /analyzer:"C:\Program Files\dotnet\sdk\10.0.200-preview.0.26103.119\Sdks\Microsoft.NET.Sdk\targets\..\analyzers\Microsoft.CodeAnalysis.CSharp.NetAnalyzers.dll" /analyzer:"C:\Program Files\dotnet\sdk\10.0.200-preview.0.26103.119\Sdks\Microsoft.NET.Sdk\targets\..\analyzers\Microsoft.CodeAnalysis.NetAnalyzers.dll" /analyzer:C:\Users\ilhan\.nuget\packages\microsoft.entityframeworkcore.analyzers\10.0.0\analyzers\dotnet\cs\Microsoft.EntityFrameworkCore.Analyzers.dll /analyzer:C:\Users\ilhan\.nuget\packages\microsoft.extensions.logging.abstractions\10.0.0\analyzers\dotnet\roslyn4.4\cs\Microsoft.Extensions.Logging.Generators.dll /analyzer:C:\Users\ilhan\.nuget\packages\microsoft.extensions.options\10.0.0\analyzers\dotnet\roslyn4.4\cs\Microsoft.Extensions.Options.SourceGeneration.dll /analyzer:"C:\Program Files\dotnet\packs\Microsoft.NETCore.App.Ref\10.0.2\analyzers/dotnet/cs/Microsoft.Interop.ComInterfaceGenerator.dll" /analyzer:"C:\Program Files\dotnet\packs\Microsoft.NETCore.App.Ref\10.0.2\analyzers/dotnet/cs/Microsoft.Interop.JavaScript.JSImportGenerator.dll" /analyzer:"C:\Program Files\dotnet\packs\Microsoft.NETCore.App.Ref\10.0.2\analyzers/dotnet/cs/Microsoft.Interop.LibraryImportGenerator.dll" /analyzer:"C:\Program Files\dotnet\packs\Microsoft.NETCore.App.Ref\10.0.2\analyzers/dotnet/cs/Microsoft.Interop.SourceGeneration.dll" /analyzer:"C:\Program Files\dotnet\packs\Microsoft.NETCore.App.Ref\10.0.2\analyzers/dotnet/cs/System.Text.Json.SourceGeneration.dll" /analyzer:"C:\Program Files\dotnet\packs\Microsoft.NETCore.App.Ref\10.0.2\analyzers/dotnet/cs/System.Text.RegularExpressions.Generator.dll" Common\Interfaces\IGenericRepository.cs Common\Interfaces\IUnitOfWork.cs Dtos\Quiz\QuizEvaluationDto.cs Dtos\Quiz\QuizQuestionDto.cs Features\Auth\Login\LoginCommand.cs Features\Auth\Login\LoginCommandHandler.cs Features\Auth\Login\LoginResponse.cs Features\Auth\Register\RegisterCommand.cs Features\Auth\Register\RegisterCommandHandler.cs Features\Auth\Register\RegisterResponse.cs Features\Chat\GetHistory\ChatHistoryResponse.cs Features\Chat\GetHistory\GetChatHistoryQuery.cs Features\Chat\GetHistory\GetChatHistoryQueryHandler.cs Features\Chat\SendAudioMessage\SendAudioMessageCommand.cs Features\Chat\SendAudioMessage\SendAudioMessageCommandHandler.cs Features\Chat\SendTextMessage\SendTextMessageCommand.cs Features\Chat\SendTextMessage\SendTextMessageCommandHandler.cs Features\Chat\SendTextMessage\SendTextMessageResponse.cs Features\Interview\CompleteInterview\CompleteInterviewCommand.cs Features\Interview\CompleteInterview\CompleteInterviewCommandHandler.cs Features\Interview\GetCurrentQuestion\GetCurrentQuestionQuery.cs Features\Interview\GetCurrentQuestion\GetCurrentQuestionQueryHandler.cs Features\Interview\GetCurrentQuestion\GetCurrentQuestionResponse.cs Features\Interview\GetReport\GetInterviewReportQuery.cs Features\Interview\GetReport\GetInterviewReportQueryHandler.cs Features\Interview\GetReport\GetInterviewReportResponse.cs Features\Interview\StartInterview\StartInterviewCommand.cs Features\Interview\StartInterview\StartInterviewCommandHandler.cs Features\Interview\SubmitAnswer\SubmitInterviewAnswerCommand.cs Features\Interview\SubmitAnswer\SubmitInterviewAnswerCommandHandler.cs Features\Quiz\CompleteQuiz\CompleteQuizCommand.cs Features\Quiz\CompleteQuiz\CompleteQuizCommandHandler.cs Features\Quiz\CompleteQuiz\QuizResultResponse.cs Features\Quiz\StartQuiz\StartQuizCommand.cs Features\Quiz\StartQuiz\StartQuizCommandHandler.cs Features\Quiz\StartQuiz\StartQuizResponse.cs Features\Quiz\SubmitAnswer\SubmitAnswerCommand.cs Features\Quiz\SubmitAnswer\SubmitAnswerCommandHandler.cs Features\Quiz\SubmitAnswer\SubmitAnswerResponse.cs Features\User\GetRecentInterviews\GetRecentInterviewsQuery.cs Features\User\GetRecentInterviews\GetRecentInterviewsQueryHandler.cs Features\User\GetRecentInterviews\RecentInterviewDto.cs Features\User\GetStats\GetUserStatsQuery.cs Features\User\GetStats\GetUserStatsQueryHandler.cs Features\User\GetStats\GetUserStatsResponse.cs Services\ICacheService.cs Services\IGlobalCache.cs Services\IJwtService.cs Services\IOpenAIService.cs Validators\Quiz\StartQuizCommandValidator.cs Validators\Quiz\SubmitAnswerCommandValidator.cs obj\Debug\net10.0\Buddy.Application.GlobalUsings.g.cs "obj\Debug\net10.0\.NETCoreApp,Version=v10.0.AssemblyAttributes.cs" obj\Debug\net10.0\Buddy.Application.AssemblyInfo.cs /warnaserror+:NU1605,SYSLIB0011
         Compilation request Buddy.Application (net10.0), PathToTool=C:\Program Files\dotnet\sdk\10.0.200-preview.0.26103.119\Roslyn\bincore\csc.exe
         CommandLine = ' /noconfig'
         BuildResponseFile = '/unsafe- /checked- /nowarn:1701,1702,1701,1702,8002 /fullpaths /nostdlib+ /errorreport:prompt /warn:10 /define:TRACE;DEBUG;NET;NET10_0;NETCOREAPP;NET5_0_OR_GREATER;NET6_0_OR_GREATER;NET7_0_OR_GREATER;NET8_0_OR_GREATER;NET9_0_OR_GREATER;NET10_0_OR_GREATER;NETCOREAPP1_0_OR_GREATER;NETCOREAPP1_1_OR_GREATER;NETCOREAPP2_0_OR_GREATER;NETCOREAPP2_1_OR_GREATER;NETCOREAPP2_2_OR_GREATER;NETCOREAPP3_0_OR_GREATER;NETCOREAPP3_1_OR_GREATER /highentropyva+ /nullable:enable /reference:C:\Users\ilhan\.nuget\packages\bcrypt.net-next\4.0.3\lib\net6.0\BCrypt.Net-Next.dll /reference:c:\Users\ilhan\source\repos\StudyBuddy\StudyBuddy\Buddy.Domain\obj\Debug\net10.0\ref\Buddy.Domain.dll /reference:C:\Users\ilhan\.nuget\packages\fluentvalidation.dependencyinjectionextensions\12.1.1\lib\net8.0\FluentValidation.DependencyInjectionExtensions.dll /reference:C:\Users\ilhan\.nuget\packages\fluentvalidation\12.1.1\lib\net8.0\FluentValidation.dll /reference:C:\Users\ilhan\.nuget\packages\mediatr.contracts\2.0.1\lib\netstandard2.0\MediatR.Contracts.dll /reference:C:\Users\ilhan\.nuget\packages\mediatr\12.4.1\lib\net6.0\MediatR.dll /reference:"C:\Program Files\dotnet\packs\Microsoft.NETCore.App.Ref\10.0.2\ref\net10.0\Microsoft.CSharp.dll" /reference:C:\Users\ilhan\.nuget\packages\microsoft.entityframeworkcore.abstractions\10.0.0\lib\net10.0\Microsoft.EntityFrameworkCore.Abstractions.dll /reference:C:\Users\ilhan\.nuget\packages\microsoft.entityframeworkcore\10.0.0\lib\net10.0\Microsoft.EntityFrameworkCore.dll /reference:C:\Users\ilhan\.nuget\packages\microsoft.extensions.caching.abstractions\10.0.0\lib\net10.0\Microsoft.Extensions.Caching.Abstractions.dll /reference:C:\Users\ilhan\.nuget\packages\microsoft.extensions.caching.memory\10.0.0\lib\net10.0\Microsoft.Extensions.Caching.Memory.dll /reference:C:\Users\ilhan\.nuget\packages\microsoft.extensions.dependencyinjection.abstractions\10.0.0\lib\net10.0\Microsoft.Extensions.DependencyInjection.Abstractions.dll /reference:C:\Users\ilhan\.nuget\packages\microsoft.extensions.dependencyinjection\10.0.0\lib\net10.0\Microsoft.Extensions.DependencyInjection.dll /reference:C:\Users\ilhan\.nuget\packages\microsoft.extensions.logging.abstractions\10.0.0\lib\net10.0\Microsoft.Extensions.Logging.Abstractions.dll /reference:C:\Users\ilhan\.nuget\packages\microsoft.extensions.logging\10.0.0\lib\net10.0\Microsoft.Extensions.Logging.dll /reference:C:\Users\ilhan\.nuget\packages\microsoft.extensions.options\10.0.0\lib\net10.0\Microsoft.Extensions.Options.dll /reference:C:\Users\ilhan\.nuget\packages\microsoft.extensions.primitives\10.0.0\lib\net10.0\Microsoft.Extensions.Primitives.dll /reference:"C:\Program Files\dotnet\packs\Microsoft.NETCore.App.Ref\10.0.2\ref\net10.0\Microsoft.VisualBasic.Core.dll" /reference:"C:\Program Files\dotnet\packs\Microsoft.NETCore.App.Ref\10.0.2\ref\net10.0\Microsoft.VisualBasic.dll" /reference:"C:\Program Files\dotnet\packs\Microsoft.NETCore.App.Ref\10.0.2\ref\net10.0\Microsoft.Win32.Primitives.dll" /reference:"C:\Program Files\dotnet\packs\Microsoft.NETCore.App.Ref\10.0.2\ref\net10.0\Microsoft.Win32.Registry.dll" /reference:"C:\Program Files\dotnet\packs\Microsoft.NETCore.App.Ref\10.0.2\ref\net10.0\mscorlib.dll" /reference:"C:\Program Files\dotnet\packs\Microsoft.NETCore.App.Ref\10.0.2\ref\net10.0\netstandard.dll" /reference:"C:\Program Files\dotnet\packs\Microsoft.NETCore.App.Ref\10.0.2\ref\net10.0\System.AppContext.dll" /reference:"C:\Program Files\dotnet\packs\Microsoft.NETCore.App.Ref\10.0.2\ref\net10.0\System.Buffers.dll" /reference:"C:\Program Files\dotnet\packs\Microsoft.NETCore.App.Ref\10.0.2\ref\net10.0\System.Collections.Concurrent.dll" /reference:"C:\Program Files\dotnet\packs\Microsoft.NETCore.App.Ref\10.0.2\ref\net10.0\System.Collections.dll" /reference:"C:\Program Files\dotnet\packs\Microsoft.NETCore.App.Ref\10.0.2\ref\net10.0\System.Collections.Immutable.dll" /reference:"C:\Program Files\dotnet\packs\Microsoft.NETCore.App.Ref\10.0.2\ref\net10.0\System.Collections.NonGeneric.dll" /reference:"C:\Program Files\dotnet\packs\Microsoft.NETCore.App.Ref\10.0.2\ref\net10.0\System.Collections.Specialized.dll" /reference:"C:\Program Files\dotnet\packs\Microsoft.NETCore.App.Ref\10.0.2\ref\net10.0\System.ComponentModel.Annotations.dll" /reference:"C:\Program Files\dotnet\packs\Microsoft.NETCore.App.Ref\10.0.2\ref\net10.0\System.ComponentModel.DataAnnotations.dll" /reference:"C:\Program Files\dotnet\packs\Microsoft.NETCore.App.Ref\10.0.2\ref\net10.0\System.ComponentModel.dll" /reference:"C:\Program Files\dotnet\packs\Microsoft.NETCore.App.Ref\10.0.2\ref\net10.0\System.ComponentModel.EventBasedAsync.dll" /reference:"C:\Program Files\dotnet\packs\Microsoft.NETCore.App.Ref\10.0.2\ref\net10.0\System.ComponentModel.Primitives.dll" /reference:"C:\Program Files\dotnet\packs\Microsoft.NETCore.App.Ref\10.0.2\ref\net10.0\System.ComponentModel.TypeConverter.dll" /reference:"C:\Program Files\dotnet\packs\Microsoft.NETCore.App.Ref\10.0.2\ref\net10.0\System.Configuration.dll" /reference:"C:\Program Files\dotnet\packs\Microsoft.NETCore.App.Ref\10.0.2\ref\net10.0\System.Console.dll" /reference:"C:\Program Files\dotnet\packs\Microsoft.NETCore.App.Ref\10.0.2\ref\net10.0\System.Core.dll" /reference:"C:\Program Files\dotnet\packs\Microsoft.NETCore.App.Ref\10.0.2\ref\net10.0\System.Data.Common.dll" /reference:"C:\Program Files\dotnet\packs\Microsoft.NETCore.App.Ref\10.0.2\ref\net10.0\System.Data.DataSetExtensions.dll" /reference:"C:\Program Files\dotnet\packs\Microsoft.NETCore.App.Ref\10.0.2\ref\net10.0\System.Data.dll" /reference:"C:\Program Files\dotnet\packs\Microsoft.NETCore.App.Ref\10.0.2\ref\net10.0\System.Diagnostics.Contracts.dll" /reference:"C:\Program Files\dotnet\packs\Microsoft.NETCore.App.Ref\10.0.2\ref\net10.0\System.Diagnostics.Debug.dll" /reference:"C:\Program Files\dotnet\packs\Microsoft.NETCore.App.Ref\10.0.2\ref\net10.0\System.Diagnostics.DiagnosticSource.dll" /reference:"C:\Program Files\dotnet\packs\Microsoft.NETCore.App.Ref\10.0.2\ref\net10.0\System.Diagnostics.FileVersionInfo.dll" /reference:"C:\Program Files\dotnet\packs\Microsoft.NETCore.App.Ref\10.0.2\ref\net10.0\System.Diagnostics.Process.dll" /reference:"C:\Program Files\dotnet\packs\Microsoft.NETCore.App.Ref\10.0.2\ref\net10.0\System.Diagnostics.StackTrace.dll" /reference:"C:\Program Files\dotnet\packs\Microsoft.NETCore.App.Ref\10.0.2\ref\net10.0\System.Diagnostics.TextWriterTraceListener.dll" /reference:"C:\Program Files\dotnet\packs\Microsoft.NETCore.App.Ref\10.0.2\ref\net10.0\System.Diagnostics.Tools.dll" /reference:"C:\Program Files\dotnet\packs\Microsoft.NETCore.App.Ref\10.0.2\ref\net10.0\System.Diagnostics.TraceSource.dll" /reference:"C:\Program Files\dotnet\packs\Microsoft.NETCore.App.Ref\10.0.2\ref\net10.0\System.Diagnostics.Tracing.dll" /reference:"C:\Program Files\dotnet\packs\Microsoft.NETCore.App.Ref\10.0.2\ref\net10.0\System.dll" /reference:"C:\Program Files\dotnet\packs\Microsoft.NETCore.App.Ref\10.0.2\ref\net10.0\System.Drawing.dll" /reference:"C:\Program Files\dotnet\packs\Microsoft.NETCore.App.Ref\10.0.2\ref\net10.0\System.Drawing.Primitives.dll" /reference:"C:\Program Files\dotnet\packs\Microsoft.NETCore.App.Ref\10.0.2\ref\net10.0\System.Dynamic.Runtime.dll" /reference:"C:\Program Files\dotnet\packs\Microsoft.NETCore.App.Ref\10.0.2\ref\net10.0\System.Formats.Asn1.dll" /reference:"C:\Program Files\dotnet\packs\Microsoft.NETCore.App.Ref\10.0.2\ref\net10.0\System.Formats.Tar.dll" /reference:"C:\Program Files\dotnet\packs\Microsoft.NETCore.App.Ref\10.0.2\ref\net10.0\System.Globalization.Calendars.dll" /reference:"C:\Program Files\dotnet\packs\Microsoft.NETCore.App.Ref\10.0.2\ref\net10.0\System.Globalization.dll" /reference:"C:\Program Files\dotnet\packs\Microsoft.NETCore.App.Ref\10.0.2\ref\net10.0\System.Globalization.Extensions.dll" /reference:"C:\Program Files\dotnet\packs\Microsoft.NETCore.App.Ref\10.0.2\ref\net10.0\System.IO.Compression.Brotli.dll" /reference:"C:\Program Files\dotnet\packs\Microsoft.NETCore.App.Ref\10.0.2\ref\net10.0\System.IO.Compression.dll" /reference:"C:\Program Files\dotnet\packs\Microsoft.NETCore.App.Ref\10.0.2\ref\net10.0\System.IO.Compression.FileSystem.dll" /reference:"C:\Program Files\dotnet\packs\Microsoft.NETCore.App.Ref\10.0.2\ref\net10.0\System.IO.Compression.ZipFile.dll" /reference:"C:\Program Files\dotnet\packs\Microsoft.NETCore.App.Ref\10.0.2\ref\net10.0\System.IO.dll" /reference:"C:\Program Files\dotnet\packs\Microsoft.NETCore.App.Ref\10.0.2\ref\net10.0\System.IO.FileSystem.AccessControl.dll" /reference:"C:\Program Files\dotnet\packs\Microsoft.NETCore.App.Ref\10.0.2\ref\net10.0\System.IO.FileSystem.dll" /reference:"C:\Program Files\dotnet\packs\Microsoft.NETCore.App.Ref\10.0.2\ref\net10.0\System.IO.FileSystem.DriveInfo.dll" /reference:"C:\Program Files\dotnet\packs\Microsoft.NETCore.App.Ref\10.0.2\ref\net10.0\System.IO.FileSystem.Primitives.dll" /reference:"C:\Program Files\dotnet\packs\Microsoft.NETCore.App.Ref\10.0.2\ref\net10.0\System.IO.FileSystem.Watcher.dll" /reference:"C:\Program Files\dotnet\packs\Microsoft.NETCore.App.Ref\10.0.2\ref\net10.0\System.IO.IsolatedStorage.dll" /reference:"C:\Program Files\dotnet\packs\Microsoft.NETCore.App.Ref\10.0.2\ref\net10.0\System.IO.MemoryMappedFiles.dll" /reference:"C:\Program Files\dotnet\packs\Microsoft.NETCore.App.Ref\10.0.2\ref\net10.0\System.IO.Pipelines.dll" /reference:"C:\Program Files\dotnet\packs\Microsoft.NETCore.App.Ref\10.0.2\ref\net10.0\System.IO.Pipes.AccessControl.dll" /reference:"C:\Program Files\dotnet\packs\Microsoft.NETCore.App.Ref\10.0.2\ref\net10.0\System.IO.Pipes.dll" /reference:"C:\Program Files\dotnet\packs\Microsoft.NETCore.App.Ref\10.0.2\ref\net10.0\System.IO.UnmanagedMemoryStream.dll" /reference:"C:\Program Files\dotnet\packs\Microsoft.NETCore.App.Ref\10.0.2\ref\net10.0\System.Linq.AsyncEnumerable.dll" /reference:"C:\Program Files\dotnet\packs\Microsoft.NETCore.App.Ref\10.0.2\ref\net10.0\System.Linq.dll" /reference:"C:\Program Files\dotnet\packs\Microsoft.NETCore.App.Ref\10.0.2\ref\net10.0\System.Linq.Expressions.dll" /reference:"C:\Program Files\dotnet\packs\Microsoft.NETCore.App.Ref\10.0.2\ref\net10.0\System.Linq.Parallel.dll" /reference:"C:\Program Files\dotnet\packs\Microsoft.NETCore.App.Ref\10.0.2\ref\net10.0\System.Linq.Queryable.dll" /reference:"C:\Program Files\dotnet\packs\Microsoft.NETCore.App.Ref\10.0.2\ref\net10.0\System.Memory.dll" /reference:"C:\Program Files\dotnet\packs\Microsoft.NETCore.App.Ref\10.0.2\ref\net10.0\System.Net.dll" /reference:"C:\Program Files\dotnet\packs\Microsoft.NETCore.App.Ref\10.0.2\ref\net10.0\System.Net.Http.dll" /reference:"C:\Program Files\dotnet\packs\Microsoft.NETCore.App.Ref\10.0.2\ref\net10.0\System.Net.Http.Json.dll" /reference:"C:\Program Files\dotnet\packs\Microsoft.NETCore.App.Ref\10.0.2\ref\net10.0\System.Net.HttpListener.dll" /reference:"C:\Program Files\dotnet\packs\Microsoft.NETCore.App.Ref\10.0.2\ref\net10.0\System.Net.Mail.dll" /reference:"C:\Program Files\dotnet\packs\Microsoft.NETCore.App.Ref\10.0.2\ref\net10.0\System.Net.NameResolution.dll" /reference:"C:\Program Files\dotnet\packs\Microsoft.NETCore.App.Ref\10.0.2\ref\net10.0\System.Net.NetworkInformation.dll" /reference:"C:\Program Files\dotnet\packs\Microsoft.NETCore.App.Ref\10.0.2\ref\net10.0\System.Net.Ping.dll" /reference:"C:\Program Files\dotnet\packs\Microsoft.NETCore.App.Ref\10.0.2\ref\net10.0\System.Net.Primitives.dll" /reference:"C:\Program Files\dotnet\packs\Microsoft.NETCore.App.Ref\10.0.2\ref\net10.0\System.Net.Quic.dll" /reference:"C:\Program Files\dotnet\packs\Microsoft.NETCore.App.Ref\10.0.2\ref\net10.0\System.Net.Requests.dll" /reference:"C:\Program Files\dotnet\packs\Microsoft.NETCore.App.Ref\10.0.2\ref\net10.0\System.Net.Security.dll" /reference:"C:\Program Files\dotnet\packs\Microsoft.NETCore.App.Ref\10.0.2\ref\net10.0\System.Net.ServerSentEvents.dll" /reference:"C:\Program Files\dotnet\packs\Microsoft.NETCore.App.Ref\10.0.2\ref\net10.0\System.Net.ServicePoint.dll" /reference:"C:\Program Files\dotnet\packs\Microsoft.NETCore.App.Ref\10.0.2\ref\net10.0\System.Net.Sockets.dll" /reference:"C:\Program Files\dotnet\packs\Microsoft.NETCore.App.Ref\10.0.2\ref\net10.0\System.Net.WebClient.dll" /reference:"C:\Program Files\dotnet\packs\Microsoft.NETCore.App.Ref\10.0.2\ref\net10.0\System.Net.WebHeaderCollection.dll" /reference:"C:\Program Files\dotnet\packs\Microsoft.NETCore.App.Ref\10.0.2\ref\net10.0\System.Net.WebProxy.dll" /reference:"C:\Program Files\dotnet\packs\Microsoft.NETCore.App.Ref\10.0.2\ref\net10.0\System.Net.WebSockets.Client.dll" /reference:"C:\Program Files\dotnet\packs\Microsoft.NETCore.App.Ref\10.0.2\ref\net10.0\System.Net.WebSockets.dll" /reference:"C:\Program Files\dotnet\packs\Microsoft.NETCore.App.Ref\10.0.2\ref\net10.0\System.Numerics.dll" /reference:"C:\Program Files\dotnet\packs\Microsoft.NETCore.App.Ref\10.0.2\ref\net10.0\System.Numerics.Vectors.dll" /reference:"C:\Program Files\dotnet\packs\Microsoft.NETCore.App.Ref\10.0.2\ref\net10.0\System.ObjectModel.dll" /reference:"C:\Program Files\dotnet\packs\Microsoft.NETCore.App.Ref\10.0.2\ref\net10.0\System.Reflection.DispatchProxy.dll" /reference:"C:\Program Files\dotnet\packs\Microsoft.NETCore.App.Ref\10.0.2\ref\net10.0\System.Reflection.dll" /reference:"C:\Program Files\dotnet\packs\Microsoft.NETCore.App.Ref\10.0.2\ref\net10.0\System.Reflection.Emit.dll" /reference:"C:\Program Files\dotnet\packs\Microsoft.NETCore.App.Ref\10.0.2\ref\net10.0\System.Reflection.Emit.ILGeneration.dll" /reference:"C:\Program Files\dotnet\packs\Microsoft.NETCore.App.Ref\10.0.2\ref\net10.0\System.Reflection.Emit.Lightweight.dll" /reference:"C:\Program Files\dotnet\packs\Microsoft.NETCore.App.Ref\10.0.2\ref\net10.0\System.Reflection.Extensions.dll" /reference:"C:\Program Files\dotnet\packs\Microsoft.NETCore.App.Ref\10.0.2\ref\net10.0\System.Reflection.Metadata.dll" /reference:"C:\Program Files\dotnet\packs\Microsoft.NETCore.App.Ref\10.0.2\ref\net10.0\System.Reflection.Primitives.dll" /reference:"C:\Program Files\dotnet\packs\Microsoft.NETCore.App.Ref\10.0.2\ref\net10.0\System.Reflection.TypeExtensions.dll" /reference:"C:\Program Files\dotnet\packs\Microsoft.NETCore.App.Ref\10.0.2\ref\net10.0\System.Resources.Reader.dll" /reference:"C:\Program Files\dotnet\packs\Microsoft.NETCore.App.Ref\10.0.2\ref\net10.0\System.Resources.ResourceManager.dll" /reference:"C:\Program Files\dotnet\packs\Microsoft.NETCore.App.Ref\10.0.2\ref\net10.0\System.Resources.Writer.dll" /reference:"C:\Program Files\dotnet\packs\Microsoft.NETCore.App.Ref\10.0.2\ref\net10.0\System.Runtime.CompilerServices.Unsafe.dll" /reference:"C:\Program Files\dotnet\packs\Microsoft.NETCore.App.Ref\10.0.2\ref\net10.0\System.Runtime.CompilerServices.VisualC.dll" /reference:"C:\Program Files\dotnet\packs\Microsoft.NETCore.App.Ref\10.0.2\ref\net10.0\System.Runtime.dll" /reference:"C:\Program Files\dotnet\packs\Microsoft.NETCore.App.Ref\10.0.2\ref\net10.0\System.Runtime.Extensions.dll" /reference:"C:\Program Files\dotnet\packs\Microsoft.NETCore.App.Ref\10.0.2\ref\net10.0\System.Runtime.Handles.dll" /reference:"C:\Program Files\dotnet\packs\Microsoft.NETCore.App.Ref\10.0.2\ref\net10.0\System.Runtime.InteropServices.dll" /reference:"C:\Program Files\dotnet\packs\Microsoft.NETCore.App.Ref\10.0.2\ref\net10.0\System.Runtime.InteropServices.JavaScript.dll" /reference:"C:\Program Files\dotnet\packs\Microsoft.NETCore.App.Ref\10.0.2\ref\net10.0\System.Runtime.InteropServices.RuntimeInformation.dll" /reference:"C:\Program Files\dotnet\packs\Microsoft.NETCore.App.Ref\10.0.2\ref\net10.0\System.Runtime.Intrinsics.dll" /reference:"C:\Program Files\dotnet\packs\Microsoft.NETCore.App.Ref\10.0.2\ref\net10.0\System.Runtime.Loader.dll" /reference:"C:\Program Files\dotnet\packs\Microsoft.NETCore.App.Ref\10.0.2\ref\net10.0\System.Runtime.Numerics.dll" /reference:"C:\Program Files\dotnet\packs\Microsoft.NETCore.App.Ref\10.0.2\ref\net10.0\System.Runtime.Serialization.dll" /reference:"C:\Program Files\dotnet\packs\Microsoft.NETCore.App.Ref\10.0.2\ref\net10.0\System.Runtime.Serialization.Formatters.dll" /reference:"C:\Program Files\dotnet\packs\Microsoft.NETCore.App.Ref\10.0.2\ref\net10.0\System.Runtime.Serialization.Json.dll" /reference:"C:\Program Files\dotnet\packs\Microsoft.NETCore.App.Ref\10.0.2\ref\net10.0\System.Runtime.Serialization.Primitives.dll" /reference:"C:\Program Files\dotnet\packs\Microsoft.NETCore.App.Ref\10.0.2\ref\net10.0\System.Runtime.Serialization.Xml.dll" /reference:"C:\Program Files\dotnet\packs\Microsoft.NETCore.App.Ref\10.0.2\ref\net10.0\System.Security.AccessControl.dll" /reference:"C:\Program Files\dotnet\packs\Microsoft.NETCore.App.Ref\10.0.2\ref\net10.0\System.Security.Claims.dll" /reference:"C:\Program Files\dotnet\packs\Microsoft.NETCore.App.Ref\10.0.2\ref\net10.0\System.Security.Cryptography.Algorithms.dll" /reference:"C:\Program Files\dotnet\packs\Microsoft.NETCore.App.Ref\10.0.2\ref\net10.0\System.Security.Cryptography.Cng.dll" /reference:"C:\Program Files\dotnet\packs\Microsoft.NETCore.App.Ref\10.0.2\ref\net10.0\System.Security.Cryptography.Csp.dll" /reference:"C:\Program Files\dotnet\packs\Microsoft.NETCore.App.Ref\10.0.2\ref\net10.0\System.Security.Cryptography.dll" /reference:"C:\Program Files\dotnet\packs\Microsoft.NETCore.App.Ref\10.0.2\ref\net10.0\System.Security.Cryptography.Encoding.dll" /reference:"C:\Program Files\dotnet\packs\Microsoft.NETCore.App.Ref\10.0.2\ref\net10.0\System.Security.Cryptography.OpenSsl.dll" /reference:"C:\Program Files\dotnet\packs\Microsoft.NETCore.App.Ref\10.0.2\ref\net10.0\System.Security.Cryptography.Primitives.dll" /reference:"C:\Program Files\dotnet\packs\Microsoft.NETCore.App.Ref\10.0.2\ref\net10.0\System.Security.Cryptography.X509Certificates.dll" /reference:"C:\Program Files\dotnet\packs\Microsoft.NETCore.App.Ref\10.0.2\ref\net10.0\System.Security.dll" /reference:"C:\Program Files\dotnet\packs\Microsoft.NETCore.App.Ref\10.0.2\ref\net10.0\System.Security.Principal.dll" /reference:"C:\Program Files\dotnet\packs\Microsoft.NETCore.App.Ref\10.0.2\ref\net10.0\System.Security.Principal.Windows.dll" /reference:"C:\Program Files\dotnet\packs\Microsoft.NETCore.App.Ref\10.0.2\ref\net10.0\System.Security.SecureString.dll" /reference:"C:\Program Files\dotnet\packs\Microsoft.NETCore.App.Ref\10.0.2\ref\net10.0\System.ServiceModel.Web.dll" /reference:"C:\Program Files\dotnet\packs\Microsoft.NETCore.App.Ref\10.0.2\ref\net10.0\System.ServiceProcess.dll" /reference:"C:\Program Files\dotnet\packs\Microsoft.NETCore.App.Ref\10.0.2\ref\net10.0\System.Text.Encoding.CodePages.dll" /reference:"C:\Program Files\dotnet\packs\Microsoft.NETCore.App.Ref\10.0.2\ref\net10.0\System.Text.Encoding.dll" /reference:"C:\Program Files\dotnet\packs\Microsoft.NETCore.App.Ref\10.0.2\ref\net10.0\System.Text.Encoding.Extensions.dll" /reference:"C:\Program Files\dotnet\packs\Microsoft.NETCore.App.Ref\10.0.2\ref\net10.0\System.Text.Encodings.Web.dll" /reference:"C:\Program Files\dotnet\packs\Microsoft.NETCore.App.Ref\10.0.2\ref\net10.0\System.Text.Json.dll" /reference:"C:\Program Files\dotnet\packs\Microsoft.NETCore.App.Ref\10.0.2\ref\net10.0\System.Text.RegularExpressions.dll" /reference:"C:\Program Files\dotnet\packs\Microsoft.NETCore.App.Ref\10.0.2\ref\net10.0\System.Threading.AccessControl.dll" /reference:"C:\Program Files\dotnet\packs\Microsoft.NETCore.App.Ref\10.0.2\ref\net10.0\System.Threading.Channels.dll" /reference:"C:\Program Files\dotnet\packs\Microsoft.NETCore.App.Ref\10.0.2\ref\net10.0\System.Threading.dll" /reference:"C:\Program Files\dotnet\packs\Microsoft.NETCore.App.Ref\10.0.2\ref\net10.0\System.Threading.Overlapped.dll" /reference:"C:\Program Files\dotnet\packs\Microsoft.NETCore.App.Ref\10.0.2\ref\net10.0\System.Threading.Tasks.Dataflow.dll" /reference:"C:\Program Files\dotnet\packs\Microsoft.NETCore.App.Ref\10.0.2\ref\net10.0\System.Threading.Tasks.dll" /reference:"C:\Program Files\dotnet\packs\Microsoft.NETCore.App.Ref\10.0.2\ref\net10.0\System.Threading.Tasks.Extensions.dll" /reference:"C:\Program Files\dotnet\packs\Microsoft.NETCore.App.Ref\10.0.2\ref\net10.0\System.Threading.Tasks.Parallel.dll" /reference:"C:\Program Files\dotnet\packs\Microsoft.NETCore.App.Ref\10.0.2\ref\net10.0\System.Threading.Thread.dll" /reference:"C:\Program Files\dotnet\packs\Microsoft.NETCore.App.Ref\10.0.2\ref\net10.0\System.Threading.ThreadPool.dll" /reference:"C:\Program Files\dotnet\packs\Microsoft.NETCore.App.Ref\10.0.2\ref\net10.0\System.Threading.Timer.dll" /reference:"C:\Program Files\dotnet\packs\Microsoft.NETCore.App.Ref\10.0.2\ref\net10.0\System.Transactions.dll" /reference:"C:\Program Files\dotnet\packs\Microsoft.NETCore.App.Ref\10.0.2\ref\net10.0\System.Transactions.Local.dll" /reference:"C:\Program Files\dotnet\packs\Microsoft.NETCore.App.Ref\10.0.2\ref\net10.0\System.ValueTuple.dll" /reference:"C:\Program Files\dotnet\packs\Microsoft.NETCore.App.Ref\10.0.2\ref\net10.0\System.Web.dll" /reference:"C:\Program Files\dotnet\packs\Microsoft.NETCore.App.Ref\10.0.2\ref\net10.0\System.Web.HttpUtility.dll" /reference:"C:\Program Files\dotnet\packs\Microsoft.NETCore.App.Ref\10.0.2\ref\net10.0\System.Windows.dll" /reference:"C:\Program Files\dotnet\packs\Microsoft.NETCore.App.Ref\10.0.2\ref\net10.0\System.Xml.dll" /reference:"C:\Program Files\dotnet\packs\Microsoft.NETCore.App.Ref\10.0.2\ref\net10.0\System.Xml.Linq.dll" /reference:"C:\Program Files\dotnet\packs\Microsoft.NETCore.App.Ref\10.0.2\ref\net10.0\System.Xml.ReaderWriter.dll" /reference:"C:\Program Files\dotnet\packs\Microsoft.NETCore.App.Ref\10.0.2\ref\net10.0\System.Xml.Serialization.dll" /reference:"C:\Program Files\dotnet\packs\Microsoft.NETCore.App.Ref\10.0.2\ref\net10.0\System.Xml.XDocument.dll" /reference:"C:\Program Files\dotnet\packs\Microsoft.NETCore.App.Ref\10.0.2\ref\net10.0\System.Xml.XmlDocument.dll" /reference:"C:\Program Files\dotnet\packs\Microsoft.NETCore.App.Ref\10.0.2\ref\net10.0\System.Xml.XmlSerializer.dll" /reference:"C:\Program Files\dotnet\packs\Microsoft.NETCore.App.Ref\10.0.2\ref\net10.0\System.Xml.XPath.dll" /reference:"C:\Program Files\dotnet\packs\Microsoft.NETCore.App.Ref\10.0.2\ref\net10.0\System.Xml.XPath.XDocument.dll" /reference:"C:\Program Files\dotnet\packs\Microsoft.NETCore.App.Ref\10.0.2\ref\net10.0\WindowsBase.dll" /features:"InterceptorsNamespaces=;Microsoft.Extensions.Validation.Generated" /debug+ /debug:portable /filealign:512 /optimize- /out:obj\Debug\net10.0\Buddy.Application.dll /refout:obj\Debug\net10.0\refint\Buddy.Application.dll /target:library /warnaserror- /utf8output /deterministic+ /langversion:14.0 /analyzerconfig:obj\Debug\net10.0\Buddy.Application.GeneratedMSBuildEditorConfig.editorconfig /analyzerconfig:"C:\Program Files\dotnet\sdk\10.0.200-preview.0.26103.119\Sdks\Microsoft.NET.Sdk\analyzers\build\config\analysislevel_10_default.globalconfig" /analyzer:"C:\Program Files\dotnet\sdk\10.0.200-preview.0.26103.119\Sdks\Microsoft.NET.Sdk\targets\..\analyzers\Microsoft.CodeAnalysis.CSharp.NetAnalyzers.dll" /analyzer:"C:\Program Files\dotnet\sdk\10.0.200-preview.0.26103.119\Sdks\Microsoft.NET.Sdk\targets\..\analyzers\Microsoft.CodeAnalysis.NetAnalyzers.dll" /analyzer:C:\Users\ilhan\.nuget\packages\microsoft.entityframeworkcore.analyzers\10.0.0\analyzers\dotnet\cs\Microsoft.EntityFrameworkCore.Analyzers.dll /analyzer:C:\Users\ilhan\.nuget\packages\microsoft.extensions.logging.abstractions\10.0.0\analyzers\dotnet\roslyn4.4\cs\Microsoft.Extensions.Logging.Generators.dll /analyzer:C:\Users\ilhan\.nuget\packages\microsoft.extensions.options\10.0.0\analyzers\dotnet\roslyn4.4\cs\Microsoft.Extensions.Options.SourceGeneration.dll /analyzer:"C:\Program Files\dotnet\packs\Microsoft.NETCore.App.Ref\10.0.2\analyzers/dotnet/cs/Microsoft.Interop.ComInterfaceGenerator.dll" /analyzer:"C:\Program Files\dotnet\packs\Microsoft.NETCore.App.Ref\10.0.2\analyzers/dotnet/cs/Microsoft.Interop.JavaScript.JSImportGenerator.dll" /analyzer:"C:\Program Files\dotnet\packs\Microsoft.NETCore.App.Ref\10.0.2\analyzers/dotnet/cs/Microsoft.Interop.LibraryImportGenerator.dll" /analyzer:"C:\Program Files\dotnet\packs\Microsoft.NETCore.App.Ref\10.0.2\analyzers/dotnet/cs/Microsoft.Interop.SourceGeneration.dll" /analyzer:"C:\Program Files\dotnet\packs\Microsoft.NETCore.App.Ref\10.0.2\analyzers/dotnet/cs/System.Text.Json.SourceGeneration.dll" /analyzer:"C:\Program Files\dotnet\packs\Microsoft.NETCore.App.Ref\10.0.2\analyzers/dotnet/cs/System.Text.RegularExpressions.Generator.dll" Common\Interfaces\IGenericRepository.cs Common\Interfaces\IUnitOfWork.cs Dtos\Quiz\QuizEvaluationDto.cs Dtos\Quiz\QuizQuestionDto.cs Features\Auth\Login\LoginCommand.cs Features\Auth\Login\LoginCommandHandler.cs Features\Auth\Login\LoginResponse.cs Features\Auth\Register\RegisterCommand.cs Features\Auth\Register\RegisterCommandHandler.cs Features\Auth\Register\RegisterResponse.cs Features\Chat\GetHistory\ChatHistoryResponse.cs Features\Chat\GetHistory\GetChatHistoryQuery.cs Features\Chat\GetHistory\GetChatHistoryQueryHandler.cs Features\Chat\SendAudioMessage\SendAudioMessageCommand.cs Features\Chat\SendAudioMessage\SendAudioMessageCommandHandler.cs Features\Chat\SendTextMessage\SendTextMessageCommand.cs Features\Chat\SendTextMessage\SendTextMessageCommandHandler.cs Features\Chat\SendTextMessage\SendTextMessageResponse.cs Features\Interview\CompleteInterview\CompleteInterviewCommand.cs Features\Interview\CompleteInterview\CompleteInterviewCommandHandler.cs Features\Interview\GetCurrentQuestion\GetCurrentQuestionQuery.cs Features\Interview\GetCurrentQuestion\GetCurrentQuestionQueryHandler.cs Features\Interview\GetCurrentQuestion\GetCurrentQuestionResponse.cs Features\Interview\GetReport\GetInterviewReportQuery.cs Features\Interview\GetReport\GetInterviewReportQueryHandler.cs Features\Interview\GetReport\GetInterviewReportResponse.cs Features\Interview\StartInterview\StartInterviewCommand.cs Features\Interview\StartInterview\StartInterviewCommandHandler.cs Features\Interview\SubmitAnswer\SubmitInterviewAnswerCommand.cs Features\Interview\SubmitAnswer\SubmitInterviewAnswerCommandHandler.cs Features\Quiz\CompleteQuiz\CompleteQuizCommand.cs Features\Quiz\CompleteQuiz\CompleteQuizCommandHandler.cs Features\Quiz\CompleteQuiz\QuizResultResponse.cs Features\Quiz\StartQuiz\StartQuizCommand.cs Features\Quiz\StartQuiz\StartQuizCommandHandler.cs Features\Quiz\StartQuiz\StartQuizResponse.cs Features\Quiz\SubmitAnswer\SubmitAnswerCommand.cs Features\Quiz\SubmitAnswer\SubmitAnswerCommandHandler.cs Features\Quiz\SubmitAnswer\SubmitAnswerResponse.cs Features\User\GetRecentInterviews\GetRecentInterviewsQuery.cs Features\User\GetRecentInterviews\GetRecentInterviewsQueryHandler.cs Features\User\GetRecentInterviews\RecentInterviewDto.cs Features\User\GetStats\GetUserStatsQuery.cs Features\User\GetStats\GetUserStatsQueryHandler.cs Features\User\GetStats\GetUserStatsResponse.cs Services\ICacheService.cs Services\IGlobalCache.cs Services\IJwtService.cs Services\IOpenAIService.cs Validators\Quiz\StartQuizCommandValidator.cs Validators\Quiz\SubmitAnswerCommandValidator.cs obj\Debug\net10.0\Buddy.Application.GlobalUsings.g.cs "obj\Debug\net10.0\.NETCoreApp,Version=v10.0.AssemblyAttributes.cs" obj\Debug\net10.0\Buddy.Application.AssemblyInfo.cs /warnaserror+:NU1605,SYSLIB0011'
         Attempt to open named pipe 'Jk7+nUNkc9bTC7ccnOIRqbFFwEW7YGOh6wrBHq8D7is'
         Attempt to connect named pipe 'Jk7+nUNkc9bTC7ccnOIRqbFFwEW7YGOh6wrBHq8D7is'
         Named pipe 'Jk7+nUNkc9bTC7ccnOIRqbFFwEW7YGOh6wrBHq8D7is' connected
         Begin writing request for Buddy.Application (net10.0)
         End writing request for Buddy.Application (net10.0)
         Begin reading response for Buddy.Application (net10.0)
         End reading response for Buddy.Application (net10.0)
         Microsoft (R) Visual C# Derleyicisi sürüm 5.3.0-2.26103.119 (a2bfa4671c2a489b874fb53ff7d5ad54cbd9c80f)
         Telif hakkı (C) Microsoft Corporation. Tüm hakları saklıdır.
   1:7>c:\Users\ilhan\source\repos\StudyBuddy\StudyBuddy\Buddy.Application\Features\User\GetStats\GetUserStatsQueryHandler.cs(59,28): warning CS8629: Boş değer atanabilir değer türü null olabilir. [c:\Users\ilhan\source\repos\StudyBuddy\StudyBuddy\Buddy.Application\Buddy.Application.csproj]
   1:7>c:\Users\ilhan\source\repos\StudyBuddy\StudyBuddy\Buddy.Application\Features\Interview\SubmitAnswer\SubmitInterviewAnswerCommandHandler.cs(169,23): error CS0103: '_context' adı geçerli bağlamda yok [c:\Users\ilhan\source\repos\StudyBuddy\StudyBuddy\Buddy.Application\Buddy.Application.csproj]
   1:7>c:\Users\ilhan\source\repos\StudyBuddy\StudyBuddy\Buddy.Application\Features\User\GetRecentInterviews\GetRecentInterviewsQueryHandler.cs(40,48): warning CS8629: Boş değer atanabilir değer türü null olabilir. [c:\Users\ilhan\source\repos\StudyBuddy\StudyBuddy\Buddy.Application\Buddy.Application.csproj]
         CompilerServer: server - server processed compilation - Buddy.Application (net10.0)
       "Csc" görevini yürütme tamamlandı -- BAŞARISIZ OLDU.
   1:7>"Buddy.Application.csproj" projesinde "CoreCompile" hedefini oluşturma tamamlandı -- BAŞARISIZ OLDU.
   1:7>"c:\Users\ilhan\source\repos\StudyBuddy\StudyBuddy\Buddy.Application\Buddy.Application.csproj" projesinin "C:\Program Files\dotnet\sdk\10.0.200-preview.0.26103.119\Microsoft.Common.CurrentVersion.targets" dosyasındaki "_CheckForCompileOutputs" hedefi ("_CleanGetCurrentAndPriorFileWrites" hedefi buna bağımlı):
       C:\Program Files\dotnet\sdk\10.0.200-preview.0.26103.119\Microsoft.Common.CurrentVersion.targets(5590,7): message : Özellik yeniden ataması: $(_DebugSymbolsProduced)="false" (önceki değer: "true") konum: C:\Program Files\dotnet\sdk\10.0.200-preview.0.26103.119\Microsoft.Common.CurrentVersion.targets (5590,7) [c:\Users\ilhan\source\repos\StudyBuddy\StudyBuddy\Buddy.Application\Buddy.Application.csproj]
   1:7>"Buddy.Application.csproj" projesinde "_CheckForCompileOutputs" hedefini oluşturma tamamlandı.
   1:7>"c:\Users\ilhan\source\repos\StudyBuddy\StudyBuddy\Buddy.Application\Buddy.Application.csproj" projesinin "C:\Program Files\dotnet\sdk\10.0.200-preview.0.26103.119\Microsoft.Common.CurrentVersion.targets" dosyasındaki "_CleanGetCurrentAndPriorFileWrites" hedefi ("_CleanRecordFileWrites" hedefi buna bağımlı):
       "ReadLinesFromFile" görevi
       "ReadLinesFromFile" görevini yürütme tamamlandı.
       "ConvertToAbsolutePath" görevi
       "ConvertToAbsolutePath" görevini yürütme tamamlandı.
       "FindUnderPath" görevi
         Karşılaştırma yolu: "c:\Users\ilhan\source\repos\StudyBuddy\StudyBuddy\Buddy.Application".
       "FindUnderPath" görevini yürütme tamamlandı.
       "FindUnderPath" görevi
         Karşılaştırma yolu: "bin\Debug\net10.0\".
       "FindUnderPath" görevini yürütme tamamlandı.
       "FindUnderPath" görevi
         Karşılaştırma yolu: "obj\Debug\net10.0\".
       "FindUnderPath" görevini yürütme tamamlandı.
       "RemoveDuplicates" görevi
       "RemoveDuplicates" görevini yürütme tamamlandı.
   1:7>"Buddy.Application.csproj" projesinde "_CleanGetCurrentAndPriorFileWrites" hedefini oluşturma tamamlandı.
   1:7>"c:\Users\ilhan\source\repos\StudyBuddy\StudyBuddy\Buddy.Application\Buddy.Application.csproj" projesinin "C:\Program Files\dotnet\sdk\10.0.200-preview.0.26103.119\Microsoft.Common.CurrentVersion.targets" dosyasındaki "_CleanRecordFileWrites" hedefi ("CoreBuild" hedefi buna bağımlı):
       "RemoveDuplicates" görevi
       "RemoveDuplicates" görevini yürütme tamamlandı.
       "MakeDir" görevi
       "MakeDir" görevini yürütme tamamlandı.
       "WriteLinesToFile" görevi
       "WriteLinesToFile" görevini yürütme tamamlandı.
   1:7>"Buddy.Application.csproj" projesinde "_CleanRecordFileWrites" hedefini oluşturma tamamlandı.
   1:7>"c:\Users\ilhan\source\repos\StudyBuddy\StudyBuddy\Buddy.Application\Buddy.Application.csproj" Projesini Oluşturma İşlemi Tamamlandı (Rebuild hedef) -- BAŞARISIZ OLDU.

Oluşturma BAŞARISIZ OLDU.

       "c:\Users\ilhan\source\repos\StudyBuddy\StudyBuddy\Buddy.Application\Buddy.Application.csproj" (Rebuild hedefi) (1:7) ->
       (CoreCompile hedefi) -> 
         c:\Users\ilhan\source\repos\StudyBuddy\StudyBuddy\Buddy.Application\Features\User\GetStats\GetUserStatsQueryHandler.cs(59,28): warning CS8629: Boş değer atanabilir değer türü null olabilir. [c:\Users\ilhan\source\repos\StudyBuddy\StudyBuddy\Buddy.Application\Buddy.Application.csproj]
         c:\Users\ilhan\source\repos\StudyBuddy\StudyBuddy\Buddy.Application\Features\User\GetRecentInterviews\GetRecentInterviewsQueryHandler.cs(40,48): warning CS8629: Boş değer atanabilir değer türü null olabilir. [c:\Users\ilhan\source\repos\StudyBuddy\StudyBuddy\Buddy.Application\Buddy.Application.csproj]


       "c:\Users\ilhan\source\repos\StudyBuddy\StudyBuddy\Buddy.Application\Buddy.Application.csproj" (Rebuild hedefi) (1:7) ->
       (CoreCompile hedefi) -> 
         c:\Users\ilhan\source\repos\StudyBuddy\StudyBuddy\Buddy.Application\Features\Interview\SubmitAnswer\SubmitInterviewAnswerCommandHandler.cs(169,23): error CS0103: '_context' adı geçerli bağlamda yok [c:\Users\ilhan\source\repos\StudyBuddy\StudyBuddy\Buddy.Application\Buddy.Application.csproj]

    2 Uyarı
    1 Hata

Geçen Süre 00:00:03.07
